SN	Distance_X_LOGO_Button_RU1	Distance_X_LOGO_Button_RU2	Distance_X_LOGO_Button_RU3	Distance_X_LOGO_4	Distance_X_LOGO_5	Distance_X_LOGO_6	Distance_X_LOGO_7	Distance_X_LOGO_8	Distance_X_LOGO_9	Distance_X_LOGO_10	Distance_X_LOGO_11	Distance_X_LOGO_12	Distance_X_LOGO_13	Distance_X_LOGO_14	Distance_X_LOGO_15	Distance_X_LOGO_16	Distance_X_LOGO_17	Distance_X_LOGO_18	Distance_X_LOGO_19	Distance_X_LOGO_20	Distance_X_LOGO_21	Distance_X_LOGO_22	Distance_X_LOGO_23	Distance_X_LOGO_24	Distance_X_LOGO_25	Distance_X_LOGO_26	Distance_X_LOGO_27	Distance_X_LOGO_28	Distance_X_LOGO_29	Distance_X_LOGO_30	Distance_X_LOGO_31	Distance_X_LOGO_32	Distance_Y_LOGO_Button_RU1	Distance_Y_LOGO_Button_RU2	Distance_Y_LOGO_Button_RU3	Distance_Y_LOGO_4	Distance_Y_LOGO_5	Distance_Y_LOGO_6	Distance_Y_LOGO_7	Distance_Y_LOGO_8	Distance_Y_LOGO_9	Distance_Y_LOGO_10	Distance_Y_LOGO_11	Distance_Y_LOGO_12	Distance_Y_LOGO_13	Distance_Y_LOGO_14	Distance_Y_LOGO_15	Distance_Y_LOGO_16	Distance_Y_LOGO_17	Distance_Y_LOGO_18	Distance_Y_LOGO_19	Distance_Y_LOGO_20	Distance_Y_LOGO_21	Distance_Y_LOGO_22	Distance_Y_LOGO_23	Distance_Y_LOGO_24	Distance_Y_LOGO_25	Distance_Y_LOGO_26	Distance_Y_LOGO_27	Distance_Y_LOGO_28	Distance_Y_LOGO_29	Distance_Y_LOGO_30	Distance_Y_LOGO_31	Distance_Y_LOGO_32	Angle_Button_RU1	Angle_Button_RU2	Angle_Button_RU3	Angle_4	Angle_5	Angle_6	Angle_7	Angle_8	Angle_9	Angle_10	Angle_11	Angle_12	Angle_13	Angle_14	Angle_15	Angle_16	Angle_17	Angle_18	Angle_19	Angle_20	Angle_21	Angle_22	Angle_23	Angle_24	Angle_25	Angle_26	Angle_27	Angle_28	Angle_29	Angle_30	Angle_31	Angle_32	Average_X	Average_Y	Average_Angle	Date_time
FLQS2BJ4GRX5____	-0.003	-0.043	-0.047	-0.047	-0.043	-0.038	-0.041	-0.041	-0.04	-0.008	-0.041	-0.047	-0.042	-0.042	-0.005	-0.047	-0.043	-0.041	-0.047	-0.048	-0.047	-0.006	-0.041	-0.042	-0.008	-0.038	-0.004	-0.007	-0.042	-0.043	-0.043	-0.004	-0.001	-0.002	0.038	0.038	0.003	-0.043	-0.002	-0.002	-0.001	-0.001	-0.001	0.038	-0.003	-0.001	-0.003	0.038	-0.002	-0.002	0.038	-0.002	-0.002	-0.002	-0.001	-0.001	-0.001	-0.043	-0.004	-0.003	0	0.003	-0.001	-0.004	0.025	0.01	0.005	0.005	0.009	0.015	0.011	0.011	0.011	0.024	0.011	0.005	0.01	0.01	0.025	0.005	0.01	0.011	0.005	0.008	0.008	0.024	0.01	0.01	0.023	0.015	0.025	0.024	0.01	0.009	0.01	0.025	-0.034	0.002	0.013	2016_7_13_17_40_04
FLQS2C6NGRX5____	-0.093	-0.136	-0.129	-0.129	-0.125	-0.092	-0.126	-0.126	-0.13	-0.128	-0.128	-0.129	-0.128	-0.166	-0.17	-0.129	-0.135	-0.089	-0.129	-0.164	-0.131	-0.127	-0.091	-0.127	-0.129	-0.092	-0.128	-0.128	-0.13	-0.125	-0.095	-0.128	0.001	0.002	0.005	0.005	0.005	0.004	0.004	0.004	0.005	0.005	0.005	0.005	0.005	0.003	0.004	0.005	0.045	0.004	0.005	0.005	0.007	0.005	0.002	0.004	0.004	0.004	0.003	0.005	0.004	0.005	0.005	0.003	-0.036	-0.053	-0.05	-0.05	-0.048	-0.035	-0.049	-0.049	-0.051	-0.05	-0.05	-0.05	-0.05	-0.065	-0.065	-0.05	-0.057	-0.035	-0.05	-0.063	-0.051	-0.05	-0.035	-0.049	-0.05	-0.035	-0.05	-0.05	-0.051	-0.048	-0.037	-0.05	-0.125	0.006	-0.049	2016_7_13_17_40_10
FLQS2C9EGRX5____	0.022	-0.01	0.018	0.018	0.067	0.024	0.016	0.016	0.066	0.014	0.063	0.018	0.065	0.017	0.061	0.018	-0.015	0.054	0.018	0.016	0.06	0.027	0.058	0.026	0.016	0.024	0.063	0.058	0.018	0.067	0.067	0.063	-0.059	-0.056	-0.019	-0.019	-0.017	-0.059	-0.017	-0.017	-0.016	-0.019	-0.059	-0.019	-0.018	-0.018	-0.058	-0.019	-0.06	-0.017	-0.019	-0.018	-0.06	-0.058	-0.019	-0.06	-0.018	-0.059	-0.06	-0.02	-0.016	-0.017	-0.015	-0.06	0.014	0.002	0.008	0.008	0.027	0.015	0.008	0.008	0.027	0.007	0.03	0.008	0.027	0.009	0.029	0.008	0	0.023	0.008	0.009	0.029	0.016	0.024	0.016	0.008	0.015	0.03	0.024	0.008	0.027	0.027	0.03	0.035	-0.033	0.017	2016_7_13_17_40_15
FLQS2CKUGRX5	-0.016	-0.017	-0.012	-0.012	-0.016	-0.013	-0.045	-0.045	-0.013	-0.018	-0.011	-0.012	-0.009	-0.014	-0.044	-0.012	-0.055	-0.01	-0.012	-0.052	-0.016	-0.016	-0.014	-0.012	-0.017	-0.013	-0.01	-0.01	-0.015	-0.016	-0.05	-0.01	0.06	0.058	0.06	0.06	0.057	0.059	0.059	0.059	0.059	0.058	0.06	0.06	0.059	0.059	0.022	0.06	0.062	0.06	0.06	0.061	0.059	0.06	0.059	0.06	0.058	0.059	0.059	0.058	0.059	0.057	0.061	0.059	-0.012	-0.012	-0.011	-0.011	-0.013	-0.012	-0.024	-0.024	-0.011	-0.013	-0.01	-0.011	-0.009	-0.011	-0.019	-0.011	-0.027	-0.01	-0.011	-0.026	-0.012	-0.012	-0.011	-0.011	-0.013	-0.012	-0.009	-0.01	-0.011	-0.013	-0.025	-0.009	-0.02	0.058	-0.014	2016_7_13_17_40_20
FLQS2F0LGRX5____	0.068	0.058	0.025	0.025	0.076	0.075	0.065	0.065	0.026	0.061	0.076	0.025	0.062	0.06	0.067	0.025	0.075	0.063	0.025	0.079	0.081	0.063	0.066	0.055	0.063	0.075	0.103	0.066	0.058	0.076	0.064	0.103	-0.008	-0.01	-0.005	-0.005	-0.05	-0.048	-0.007	-0.007	-0.006	-0.008	-0.051	-0.005	-0.011	-0.008	-0.05	-0.005	-0.049	-0.009	-0.005	-0.049	-0.05	-0.009	-0.008	-0.007	-0.009	-0.048	-0.011	-0.008	-0.008	-0.05	-0.009	-0.011	0.027	0.024	0.01	0.01	0.034	0.034	0.026	0.026	0.011	0.025	0.034	0.01	0.025	0.024	0.031	0.01	0.034	0.025	0.01	0.036	0.036	0.025	0.026	0.022	0.025	0.034	0.04	0.026	0.023	0.034	0.025	0.04	0.062	-0.02	0.026	2016_7_13_17_40_25
FLQS30AEGRWV____	-0.052	-0.055	-0.03	-0.03	-0.054	0.013	-0.05	-0.05	-0.085	-0.047	-0.128	-0.03	-0.045	-0.048	-0.046	-0.03	-0.093	-0.047	-0.03	-0.051	-0.086	-0.047	-0.005	-0.051	-0.047	0.013	-0.048	-0.091	-0.05	-0.054	-0.047	-0.048	0.002	0.001	-0.046	-0.046	0	-0.087	0.003	0.003	0.006	0.003	-0.038	-0.046	0.003	0.003	-0.04	-0.046	0.003	0.003	-0.046	0.001	-0.039	-0.04	0.003	0.003	0.003	-0.087	-0.038	0.003	0.003	0	0.002	-0.038	0.532	0.531	0.546	0.546	0.532	0.566	0.533	0.533	0.519	0.534	0.507	0.546	0.536	0.534	0.539	0.546	0.517	0.534	0.546	0.533	0.524	0.538	0.55	0.532	0.535	0.566	0.538	0.517	0.533	0.532	0.534	0.538	-0.048	-0.018	0.536	2016_7_13_17_40_30
FLQS30BJGRWV____	-0.029	-0.032	0.008	0.008	0.018	0.009	0.051	0.051	0.053	0.046	0.057	0.008	0.004	0.057	0.049	0.008	0.006	0.05	0.008	0.013	0.02	0.052	0.007	0.052	0.054	0.009	0.051	-0.027	0.007	0.018	0.003	0.051	-0.031	-0.034	0.007	0.007	-0.033	0.005	0.003	0.003	0.004	0.006	-0.038	0.007	0.005	-0.032	0.004	0.007	0.005	0.004	0.007	-0.036	-0.034	-0.039	0.006	0.006	-0.037	0.005	-0.034	-0.034	0.006	-0.033	0.004	-0.034	-0.116	-0.118	-0.106	-0.106	-0.098	-0.105	-0.089	-0.089	-0.089	-0.091	-0.082	-0.106	-0.108	-0.084	-0.09	-0.106	-0.107	-0.09	-0.106	-0.099	-0.097	-0.084	-0.106	-0.089	-0.084	-0.105	-0.085	-0.116	-0.107	-0.098	-0.108	-0.085	0.023	-0.011	-0.098	2016_7_13_17_40_36
FLQS30BWGRWY____	-0.053	-0.051	-0.067	-0.067	-0.006	-0.094	-0.054	-0.054	-0.054	-0.054	-0.037	-0.067	-0.07	-0.049	-0.051	-0.067	-0.017	-0.054	-0.067	-0.068	-0.049	-0.039	-0.056	-0.138	-0.048	-0.094	-0.051	-0.018	-0.053	-0.006	-0.055	-0.051	-0.05	-0.008	-0.062	-0.062	-0.049	-0.05	-0.007	-0.007	-0.052	-0.007	-0.018	-0.062	-0.06	-0.052	-0.05	-0.062	-0.008	-0.05	-0.062	-0.058	-0.048	-0.015	-0.053	-0.061	-0.051	-0.05	-0.051	-0.011	-0.008	-0.049	-0.007	-0.051	-0.015	-0.019	-0.019	-0.019	0.002	-0.031	-0.02	-0.02	-0.015	-0.02	-0.013	-0.019	-0.02	-0.013	-0.014	-0.019	-0.006	-0.016	-0.019	-0.021	-0.014	-0.014	-0.016	-0.047	-0.013	-0.031	-0.015	-0.006	-0.019	0.002	-0.02	-0.015	-0.055	-0.04	-0.017	2016_7_13_17_40_41
FLQS30CMGRWQ____	0.084	0.056	0.07	0.07	0.096	0.089	0.075	0.075	0.071	0.031	0.094	0.07	0.074	0.071	0.08	0.07	0.059	0.072	0.07	0.087	0.07	0.07	0.065	0.075	0.072	0.089	0.073	0.071	0.029	0.096	0.072	0.073	0.029	-0.119	0.021	0.021	0.031	0.034	-0.04	-0.04	-0.043	-0.042	0.031	0.021	-0.042	-0.04	0.029	0.021	-0.118	-0.042	0.021	0.032	0.021	0.021	-0.043	-0.041	-0.04	0.034	-0.043	-0.04	-0.043	0.031	-0.044	-0.043	-0.16	-0.156	-0.165	-0.165	-0.156	-0.159	-0.157	-0.157	-0.158	-0.174	-0.157	-0.165	-0.157	-0.158	-0.162	-0.165	-0.155	-0.158	-0.165	-0.16	-0.165	-0.165	-0.16	-0.156	-0.158	-0.159	-0.158	-0.158	-0.174	-0.156	-0.158	-0.158	0.072	-0.015	-0.16	2016_7_13_17_40_45
FLQS30D5GRWQ____	-0.115	-0.122	-0.124	-0.124	-0.147	-0.072	-0.059	-0.059	-0.127	-0.072	-0.128	-0.124	-0.121	-0.093	-0.117	-0.124	-0.116	-0.074	-0.124	-0.077	-0.124	-0.088	-0.087	-0.052	-0.091	-0.072	-0.113	-0.122	-0.13	-0.147	-0.128	-0.113	-0.053	-0.054	-0.01	-0.01	-0.077	-0.054	0.064	0.064	-0.011	-0.057	-0.011	-0.01	-0.056	-0.014	-0.053	-0.01	-0.052	-0.058	-0.01	-0.056	-0.011	-0.012	-0.012	-0.012	-0.014	-0.054	-0.054	-0.011	0.066	-0.077	-0.014	-0.054	-0.69	-0.692	-0.698	-0.698	-0.7	-0.673	-0.681	-0.681	-0.699	-0.673	-0.699	-0.698	-0.692	-0.685	-0.69	-0.698	-0.69	-0.674	-0.698	-0.676	-0.697	-0.684	-0.683	-0.67	-0.685	-0.673	-0.689	-0.696	-0.707	-0.7	-0.699	-0.689	-0.106	-0.025	-0.689	2016_7_13_17_40_50
FLQS30DZGRWV	-0.059	-0.019	-0.021	-0.021	-0.098	-0.064	-0.02	-0.02	-0.064	-0.057	0.072	-0.021	-0.024	-0.066	-0.103	-0.021	-0.107	-0.148	-0.021	-0.06	-0.061	-0.022	-0.025	-0.066	-0.105	-0.064	-0.064	0.069	-0.027	-0.098	-0.025	-0.064	-0.067	-0.065	-0.067	-0.067	-0.06	-0.067	-0.064	-0.064	-0.064	-0.068	-0.018	-0.067	-0.063	-0.064	-0.063	-0.067	-0.063	-0.066	-0.067	-0.066	-0.067	0.022	-0.065	-0.064	-0.065	-0.067	-0.016	-0.019	-0.064	-0.06	-0.063	-0.016	0.635	0.65	0.65	0.65	0.62	0.633	0.651	0.651	0.633	0.636	0.681	0.65	0.649	0.632	0.618	0.65	0.616	0.601	0.65	0.635	0.634	0.641	0.648	0.632	0.617	0.633	0.628	0.679	0.647	0.62	0.648	0.628	-0.047	-0.056	0.639	2016_7_13_17_40_55
FLQS30E9GRWY____	-0.112	-0.071	-0.122	-0.122	-0.108	-0.112	-0.071	-0.071	-0.112	-0.081	-0.078	-0.122	-0.113	-0.071	-0.076	-0.122	-0.026	-0.071	-0.122	-0.109	-0.069	-0.036	-0.113	-0.119	-0.071	-0.112	-0.078	-0.066	-0.071	-0.108	-0.074	-0.078	0.016	0.057	0.062	0.062	0.019	0.016	0.016	0.016	0.015	0.057	0.057	0.062	0.018	0.015	0.061	0.062	0.015	0.017	0.062	0.017	0.017	0.056	0.017	0.061	0.057	0.016	0.06	0.017	0.012	0.019	0.059	0.06	0.607	0.618	0.598	0.598	0.607	0.606	0.622	0.622	0.607	0.614	0.615	0.598	0.606	0.622	0.616	0.598	0.64	0.622	0.598	0.608	0.623	0.632	0.606	0.599	0.617	0.606	0.615	0.624	0.622	0.607	0.617	0.615	-0.09	0.037	0.613	2016_7_13_17_41_00
FLQS30G5GRWY____	0.149	0.156	0.188	0.188	0.156	0.147	0.146	0.146	0.148	0.143	0.188	0.188	0.153	0.183	0.157	0.188	0.195	0.15	0.188	0.179	0.184	0.186	0.187	0.16	0.152	0.147	0.145	0.142	0.151	0.156	0.149	0.145	-0.013	-0.051	-0.011	-0.011	-0.01	-0.012	-0.01	-0.01	-0.01	-0.008	-0.009	-0.011	-0.053	-0.009	-0.053	-0.011	-0.052	-0.011	-0.011	0.033	-0.013	-0.012	-0.013	-0.054	-0.011	-0.012	-0.009	-0.009	-0.01	-0.01	-0.01	-0.009	-0.593	-0.586	-0.578	-0.578	-0.59	-0.593	-0.594	-0.594	-0.593	-0.595	-0.578	-0.578	-0.587	-0.579	-0.586	-0.578	-0.571	-0.592	-0.578	-0.586	-0.579	-0.578	-0.578	-0.585	-0.592	-0.593	-0.594	-0.595	-0.592	-0.59	-0.592	-0.594	0.164	-0.016	-0.587	2016_7_13_17_41_04
FLQS30GCGRWY____	-0.081	0.004	0.002	0.002	0.007	0.042	0.047	0.047	0.042	-0.036	0.004	0.002	0.004	0.006	-0.083	0.002	0.039	0.004	0.002	0.002	0.041	0.005	0.002	0.003	-0.03	0.042	0.002	0.003	0.003	0.007	0.042	0.002	0.002	-0.003	-0.002	-0.002	-0.001	-0.001	0	0	0	0.001	-0.001	-0.002	0	0	0	-0.002	-0.004	0.001	-0.002	-0.001	-0.003	-0.001	-0.001	-0.001	0.002	-0.001	-0.002	0	-0.001	-0.001	0.041	-0.002	-0.032	0.002	0.002	0.002	0.003	0.016	0.018	0.018	0.016	-0.014	0.002	0.002	0.002	0.002	-0.032	0.002	0.016	0.002	0.002	0.001	0.016	0.002	0.001	0.001	-0.012	0.016	0.001	0.001	0.001	0.003	0.012	0.001	0.006	0.001	0.002	2016_7_13_17_41_10
FLQS30GQGRWV____	6.027	6.061	6.066	6.066	6.015	6.025	6.023	6.023	6.026	6.023	6.108	6.066	6.061	6.023	6.025	6.066	6.073	6.023	6.066	6.021	6.02	6.026	6.063	6.037	6.019	6.025	6.075	6.064	6.081	6.015	5.981	6.075	6.265	6.263	6.263	6.263	6.263	6.263	6.261	6.261	6.262	6.264	6.261	6.263	6.261	6.261	6.263	6.263	6.212	6.261	6.263	6.263	6.261	6.263	6.261	6.264	6.262	6.263	6.265	6.263	6.264	6.263	6.263	6.265	-88.735	-88.719	-88.718	-88.718	-88.736	-88.734	-88.735	-88.735	-88.734	-88.736	-88.702	-88.718	-88.72	-88.734	-88.735	-88.718	-88.709	-88.734	-88.718	-88.736	-88.735	-88.734	-88.719	-88.729	-88.736	-88.734	-88.715	-88.72	-88.711	-88.736	-88.749	-88.715	6.043	6.261	-88.727	2016_7_13_17_41_17
FLQS30H6GRWV____	0.05	0.051	0.101	0.101	0.056	0.054	0.054	0.054	0.011	0.09	0.094	0.101	0.054	0.054	0.014	0.101	0.104	0.054	0.101	0.097	0.104	0.051	0.053	0.098	0.055	0.054	0.052	0.053	0.05	0.056	0.052	0.052	0.002	0.05	0.005	0.005	0.007	0.005	0.004	0.004	0.005	0.052	0.046	0.005	0.005	0.006	0.003	0.005	0.005	0.003	0.005	0.006	0.006	0.004	0.003	0.005	0.006	0.005	0.005	0.003	0.052	0.007	0.05	0.005	0.012	0.008	0.032	0.032	0.014	0.013	0.014	0.014	-0.003	0.023	0.025	0.032	0.014	0.014	-0.002	0.032	0.033	0.014	0.032	0.03	0.032	0.012	0.013	0.03	0.014	0.013	0.013	0.013	0.007	0.014	0.008	0.013	0.067	0.012	0.018	2016_7_13_17_41_23
FLQS30HZGRWY____	0.099	0.065	0.09	0.09	0.071	0.059	0.055	0.055	0.061	0.022	0.059	0.09	0.063	0.026	0.093	0.09	0.064	-0.009	0.09	0.058	0.058	0.022	0.062	0.054	0.065	0.059	0.058	0.059	0.067	0.071	0.098	0.058	-0.007	-0.007	-0.006	-0.006	-0.005	-0.054	-0.008	-0.008	-0.053	-0.004	-0.007	-0.006	-0.052	-0.05	-0.011	-0.006	-0.007	-0.053	-0.006	-0.006	-0.006	-0.004	-0.008	-0.008	-0.052	-0.054	-0.009	-0.008	-0.052	-0.005	-0.007	-0.009	0.024	0.011	0.021	0.021	0.014	0.014	0.008	0.008	0.014	-0.005	0.01	0.021	0.015	0.001	0.023	0.021	0.011	-0.012	0.021	0.008	0.008	-0.006	0.01	0.007	0.016	0.014	0.01	0.009	0.016	0.014	0.024	0.01	0.063	-0.018	0.012	2016_7_13_17_41_27
FLQS30K1GRWY____	0.003	0.009	0.007	0.007	0.051	0.015	0.004	0.004	0.009	0.005	0.009	0.007	0.048	0.006	0.017	0.007	0.051	0.009	0.007	0.011	-0.02	0.004	0.011	0.006	0.01	0.015	0.045	0.006	0.01	0.051	0.009	0.045	0.06	0.063	0.06	0.06	0.058	0.022	0.06	0.06	0.06	0.061	0.059	0.06	0.058	0.06	0.017	0.06	0.062	0.059	0.06	0.023	0.023	0.061	0.061	0.06	0.059	0.022	0.057	0.064	0.061	0.058	0.059	0.057	-0.656	-0.654	-0.654	-0.654	-0.637	-0.647	-0.656	-0.656	-0.654	-0.656	-0.654	-0.654	-0.639	-0.655	-0.646	-0.654	-0.638	-0.654	-0.654	-0.649	-0.662	-0.656	-0.653	-0.655	-0.653	-0.647	-0.64	-0.655	-0.653	-0.637	-0.654	-0.64	0.015	0.054	-0.651	2016_7_13_17_41_33
FLQS30K3GRWY____	0.106	0.019	0.023	0.023	0.057	0.055	0.017	0.017	0.018	0.106	0.008	0.023	0.018	-0.029	0.009	0.023	0.012	0.023	0.023	0.018	0.024	0.015	0.059	0.051	0.058	0.055	0.008	0.015	0.018	0.057	0.059	0.008	0.004	0.007	0.008	0.008	0.006	0.049	0.005	0.005	0.005	0.001	0.051	0.008	0.007	0.005	0.051	0.008	0.049	-0.036	0.008	0.009	0.011	0.007	0.005	0.051	0.006	0.049	0.05	0.007	0.004	0.006	0.007	0.05	-0.611	-0.644	-0.643	-0.643	-0.63	-0.635	-0.645	-0.645	-0.644	-0.611	-0.653	-0.643	-0.645	-0.662	-0.653	-0.643	-0.652	-0.639	-0.643	-0.645	-0.643	-0.646	-0.629	-0.636	-0.629	-0.635	-0.653	-0.646	-0.644	-0.63	-0.629	-0.653	0.031	0.016	-0.641	2016_7_13_17_41_39
FLQS30K5GRWY____	0.025	0.069	0.106	0.106	0.064	0.07	0.034	0.034	0.069	0.035	0.069	0.106	0.103	0.033	0.026	0.106	0.067	0.034	0.106	0.071	0.103	0.035	0.07	0.03	0.034	0.07	0.105	0.033	0.068	0.064	0.028	0.105	-0.01	-0.048	-0.011	-0.011	-0.012	-0.012	-0.05	-0.05	-0.051	-0.051	-0.052	-0.011	-0.011	-0.051	-0.009	-0.011	-0.008	-0.05	-0.011	-0.011	-0.012	-0.05	-0.05	-0.011	-0.049	-0.012	-0.011	-0.049	-0.051	-0.012	-0.053	-0.011	0.01	0.031	0.042	0.042	0.026	0.028	0.018	0.018	0.032	0.018	0.032	0.042	0.041	0.017	0.011	0.042	0.027	0.018	0.042	0.028	0.041	0.018	0.031	0.012	0.018	0.028	0.042	0.018	0.031	0.026	0.016	0.042	0.065	-0.028	0.028	2016_7_13_17_41_45
FLQS30MEGRWV____	0.316	0.277	0.282	0.282	0.329	0.277	0.279	0.279	0.322	0.279	0.281	0.282	0.316	0.238	0.319	0.282	0.276	0.276	0.282	0.23	0.279	0.238	0.278	0.279	0.282	0.277	0.319	0.319	0.279	0.329	0.233	0.319	0.061	0.059	0.014	0.014	0.061	0.016	0.02	0.02	0.021	0.02	0.021	0.014	0.06	0.021	0.061	0.014	0.062	0.022	0.014	0.015	0.063	0.019	0.021	0.064	0.019	0.016	0.061	0.062	0.02	0.061	0.062	0.061	0.115	0.1	0.107	0.107	0.121	0.105	0.105	0.105	0.122	0.105	0.106	0.107	0.115	0.089	0.116	0.107	0.1	0.104	0.107	0.087	0.101	0.09	0.104	0.1	0.106	0.105	0.117	0.116	0.105	0.121	0.083	0.117	0.286	0.036	0.106	2016_7_13_17_41_50
FLQS30MJGRWV____	-0.182	-0.184	-0.145	-0.145	-0.183	-0.183	-0.141	-0.141	-0.145	-0.135	-0.185	-0.145	-0.142	-0.145	-0.225	-0.145	-0.186	-0.144	-0.145	-0.234	-0.186	-0.136	-0.183	-0.145	-0.144	-0.183	-0.182	-0.179	-0.185	-0.183	-0.147	-0.182	0.033	0.032	0.031	0.031	0.033	0.032	0.032	0.032	0.031	0.032	0.032	0.031	0.032	0.032	0.033	0.031	0.032	0.032	0.031	0.033	0.032	0.033	0.032	0.032	0.032	0.032	0.03	0.033	0.031	0.033	0.032	0.03	-0.317	-0.317	-0.302	-0.302	-0.317	-0.317	-0.301	-0.301	-0.302	-0.298	-0.317	-0.302	-0.302	-0.302	-0.333	-0.302	-0.318	-0.301	-0.302	-0.336	-0.319	-0.299	-0.317	-0.303	-0.302	-0.317	-0.317	-0.316	-0.318	-0.317	-0.303	-0.317	-0.166	0.032	-0.31	2016_7_13_17_41_55
FLQS30MKGRWV____	-0.056	-0.055	-0.054	-0.054	-0.098	-0.051	-0.048	-0.048	0.031	-0.003	0.046	-0.054	-0.047	-0.05	-0.054	-0.054	-0.001	-0.006	-0.054	-0.051	-0.052	-0.05	-0.009	-0.064	-0.099	-0.051	-0.01	-0.054	0.027	-0.098	-0.006	-0.01	0.086	0.036	0.087	0.087	0.039	0.086	0.085	0.085	0.086	0.085	0.079	0.087	0.084	0.084	0.089	0.087	0.085	0.083	0.087	0.037	0.037	0.085	0.085	0.104	0.039	0.086	0.088	0.037	0.084	0.039	0.085	0.088	0.44	0.445	0.441	0.441	0.429	0.442	0.444	0.444	0.474	0.461	0.48	0.441	0.444	0.442	0.441	0.441	0.461	0.459	0.441	0.447	0.447	0.442	0.458	0.435	0.428	0.442	0.458	0.446	0.472	0.429	0.46	0.458	-0.039	0.076	0.448	2016_7_13_17_41_59
FLQS30MRGRWY____	0.04	0.055	0.093	0.093	0.093	0.046	0.056	0.056	0.055	0.05	0.052	0.093	0.051	0.01	0.043	0.093	0.04	0.007	0.093	-0.001	0	0.049	0.01	0.044	0.057	0.046	0.005	0.011	0.007	0.093	0.006	0.005	0.047	-0.049	0.044	0.044	0.042	0.046	-0.047	-0.047	-0.047	0.002	-0.001	0.044	-0.047	-0.047	0.045	0.044	0.087	-0.045	0.044	0.047	0.045	0	-0.042	0.045	-0.047	0.046	0.047	-0.044	-0.048	0.042	-0.046	0.047	0.017	0.032	0.037	0.037	0.038	0.019	0.032	0.032	0.032	0.025	0.026	0.037	0.03	0.015	0.018	0.037	0.012	0.013	0.037	0.001	0.001	0.025	0.014	0.018	0.032	0.019	0.004	0.014	0.013	0.038	0.013	0.004	0.045	0.008	0.022	2016_7_13_17_42_05
FLQS30NWGRWV____	0.076	0.075	0.072	0.072	0.071	0.065	0.12	0.12	0.07	0.076	0.06	0.072	0.078	0.073	0.075	0.072	0.065	0.153	0.072	0.068	0.115	0.07	0.071	0.115	0.033	0.065	0.075	0.068	0.074	0.071	0.069	0.075	-0.009	-0.009	-0.009	-0.009	-0.01	-0.068	-0.011	-0.011	-0.01	-0.008	-0.072	-0.009	-0.009	-0.009	-0.069	-0.009	0.032	0.03	-0.009	-0.067	-0.072	-0.009	0.033	-0.009	-0.006	-0.068	-0.01	0.032	-0.009	-0.01	-0.01	-0.01	0.086	0.087	0.085	0.085	0.085	0.088	0.103	0.103	0.084	0.086	0.087	0.085	0.087	0.086	0.092	0.085	0.078	0.112	0.085	0.09	0.108	0.085	0.081	0.102	0.07	0.088	0.086	0.08	0.086	0.085	0.084	0.086	0.078	-0.015	0.088	2016_7_13_17_42_10
FLQS30PHGRWY____	-0.013	-0.01	-0.048	-0.048	-0.005	-0.012	-0.013	-0.013	-0.049	-0.052	-0.048	-0.048	-0.046	-0.011	-0.044	-0.048	-0.008	-0.011	-0.048	-0.01	-0.005	-0.015	-0.051	-0.01	-0.049	-0.012	0.034	-0.012	-0.007	-0.005	-0.006	0.034	-0.004	-0.003	-0.002	-0.002	-0.002	-0.003	-0.003	-0.003	-0.002	-0.003	-0.003	-0.002	-0.003	-0.003	-0.046	-0.002	-0.003	-0.003	-0.002	-0.003	-0.004	-0.003	-0.002	-0.003	-0.005	-0.003	-0.003	-0.003	-0.002	-0.002	-0.003	-0.003	-0.002	-0.001	-0.016	-0.016	0.001	-0.001	-0.002	-0.002	-0.016	-0.017	-0.016	-0.016	-0.016	-0.001	-0.009	-0.016	-0.001	-0.001	-0.016	-0.001	0	-0.002	-0.016	-0.001	-0.016	-0.001	0.015	-0.002	0	0.001	0	0.015	-0.022	-0.004	-0.005	2016_7_13_17_42_16
FLQS30Q9GRWY____	-0.031	-0.027	-0.029	-0.029	-0.018	-0.031	-0.023	-0.023	-0.06	-0.028	-0.061	-0.029	-0.061	-0.02	-0.03	-0.029	-0.058	-0.023	-0.029	-0.04	-0.06	-0.023	-0.025	-0.021	-0.021	-0.031	-0.03	-0.026	-0.015	-0.018	-0.018	-0.03	-0.006	-0.046	-0.003	-0.003	-0.043	-0.002	-0.041	-0.041	-0.043	-0.046	-0.043	-0.003	-0.043	-0.044	-0.005	-0.003	-0.042	-0.045	-0.003	0.038	-0.041	-0.044	-0.046	-0.044	-0.044	-0.002	-0.005	-0.044	-0.045	-0.043	-0.042	-0.005	-0.064	-0.059	-0.064	-0.064	-0.055	-0.064	-0.057	-0.057	-0.072	-0.058	-0.072	-0.064	-0.072	-0.056	-0.063	-0.064	-0.07	-0.057	-0.064	-0.072	-0.072	-0.057	-0.058	-0.057	-0.056	-0.064	-0.064	-0.059	-0.054	-0.055	-0.056	-0.064	-0.031	-0.027	-0.062	2016_7_13_17_42_21
FLQS30QXGRWV____	-0.016	-0.018	-0.052	-0.052	-0.014	-0.011	-0.052	-0.052	-0.02	-0.016	-0.054	-0.052	-0.055	-0.055	-0.019	-0.052	-0.05	-0.017	-0.052	-0.046	-0.05	-0.014	-0.017	-0.054	-0.017	-0.011	-0.02	-0.014	-0.057	-0.014	-0.013	-0.02	-0.003	-0.002	0	0	0	-0.001	0.002	0.002	-0.001	-0.001	-0.001	0	0	-0.001	-0.003	0	0.001	-0.002	0	-0.04	0.001	0	-0.001	0	-0.002	-0.001	-0.002	0.001	-0.003	0	0	-0.002	-0.013	-0.014	-0.027	-0.027	-0.012	-0.011	-0.027	-0.027	-0.014	-0.013	-0.028	-0.027	-0.028	-0.028	-0.014	-0.027	-0.026	-0.013	-0.027	-0.021	-0.026	-0.012	-0.014	-0.028	-0.014	-0.011	-0.015	-0.013	-0.029	-0.012	-0.012	-0.015	-0.033	-0.002	-0.019	2016_7_13_17_42_26
FLQS30T7GRWV____	-0.01	0.053	0.005	0.005	0.035	-0.011	0.003	0.003	0.007	-0.01	0.005	0.005	0.007	-0.042	0	0.005	0.006	-0.041	0.005	-0.005	-0.04	-0.052	0.001	0.001	-0.04	-0.011	0.005	-0.045	-0.088	0.035	0.011	0.005	-0.017	-0.058	-0.059	-0.059	-0.017	-0.014	-0.056	-0.056	-0.057	-0.012	-0.057	-0.059	-0.056	-0.054	-0.057	-0.059	-0.058	-0.055	-0.059	-0.06	-0.059	-0.013	-0.057	-0.059	-0.054	-0.014	-0.058	-0.056	-0.057	-0.017	-0.056	-0.058	0.649	0.677	0.659	0.659	0.667	0.648	0.658	0.658	0.66	0.649	0.659	0.659	0.66	0.641	0.657	0.659	0.66	0.641	0.659	0.655	0.642	0.633	0.657	0.657	0.641	0.648	0.658	0.64	0.622	0.667	0.661	0.658	-0.006	-0.048	0.654	2016_7_13_17_42_31
FLQS30TYGRWV____	0.055	0.05	0.054	0.054	0.008	0.057	0.102	0.102	0.052	0.049	0.01	0.054	0.012	0.011	-0.03	0.054	0.013	0.055	0.054	-0.037	0.104	0.054	0.103	0.011	0.054	0.057	0.01	0.007	0.053	0.008	0.007	0.01	0.008	0.006	0.008	0.008	0.009	0.009	0.052	0.052	0.054	0.007	0.007	0.008	0.055	0.01	0.009	0.008	0.008	0.007	0.008	0.011	0.007	0.009	0.052	0.008	0.055	0.009	0.008	0.008	0.056	0.009	0.052	0.008	0.02	0.018	0.02	0.02	0.003	0.021	0.034	0.034	0.015	0.018	0.003	0.02	-0.001	0.003	-0.013	0.02	0.004	0.021	0.02	-0.015	0.039	0.019	0.034	0.004	0.015	0.021	0.003	0.002	0.014	0.003	-0.002	0.003	0.039	0.019	0.013	2016_7_13_17_42_37
FLNS2037GRWV____	-0.047	-0.045	-0.046	-0.046	-0.041	-0.045	-0.037	-0.037	0.002	-0.031	-0.035	-0.046	-0.073	-0.043	0.035	-0.046	-0.032	-0.037	-0.046	-0.023	-0.073	-0.033	-0.036	-0.041	-0.04	-0.045	-0.007	-0.036	-0.043	-0.041	-0.038	-0.007	-0.004	-0.045	-0.003	-0.003	-0.045	-0.002	-0.045	-0.045	-0.044	-0.047	-0.044	-0.003	-0.042	-0.046	-0.003	-0.003	-0.042	-0.042	-0.003	-0.084	-0.045	-0.045	-0.045	-0.044	-0.046	-0.002	-0.001	-0.042	-0.045	-0.045	-0.045	-0.001	-0.145	-0.14	-0.144	-0.144	-0.138	-0.144	-0.136	-0.136	-0.121	-0.134	-0.135	-0.144	-0.15	-0.138	-0.113	-0.144	-0.135	-0.137	-0.144	-0.127	-0.15	-0.135	-0.136	-0.138	-0.138	-0.144	-0.129	-0.136	-0.139	-0.138	-0.137	-0.129	-0.036	-0.031	-0.137	2016_7_13_16_55_23
FLQS2DERGRX5____	0.047	0.039	0.076	0.076	0.037	0.032	0.05	0.05	0.053	0.045	0.005	0.076	0.018	0.035	0.037	0.076	0.046	-0.029	0.076	-0.005	0.011	0.044	0.052	0.036	-0.03	0.032	0.038	0.042	0.036	0.037	0.036	0.038	-0.056	-0.053	-0.014	-0.014	-0.038	-0.015	-0.095	-0.095	-0.095	-0.056	-0.051	-0.014	-0.094	-0.014	-0.014	-0.014	-0.053	-0.092	-0.014	-0.015	-0.052	-0.056	-0.096	-0.012	-0.054	-0.015	-0.015	-0.054	-0.055	-0.038	-0.052	-0.015	-0.102	-0.105	-0.096	-0.096	-0.109	-0.112	-0.097	-0.097	-0.096	-0.104	-0.119	-0.096	-0.109	-0.111	-0.111	-0.096	-0.103	-0.128	-0.096	-0.127	-0.117	-0.103	-0.096	-0.111	-0.132	-0.112	-0.111	-0.104	-0.107	-0.109	-0.107	-0.111	0.038	-0.044	-0.107	2016_7_13_16_55_40
FLQS2EQUGRX5____	0.209	0.236	0.204	0.204	0.239	0.215	0.209	0.209	0.241	0.215	0.211	0.204	0.204	0.204	0.211	0.204	0.212	0.204	0.204	0.215	0.213	0.218	0.203	0.202	0.206	0.215	0.209	0.215	0.236	0.239	0.201	0.209	-0.068	-0.026	-0.028	-0.028	-0.068	-0.067	-0.027	-0.027	-0.027	-0.068	-0.069	-0.028	-0.025	-0.027	-0.065	-0.028	-0.063	-0.026	-0.028	-0.066	-0.066	-0.068	-0.026	-0.027	-0.029	-0.067	-0.066	-0.065	-0.027	-0.068	-0.025	-0.066	-0.433	-0.427	-0.439	-0.439	-0.421	-0.43	-0.437	-0.437	-0.424	-0.43	-0.432	-0.439	-0.439	-0.439	-0.432	-0.439	-0.432	-0.438	-0.439	-0.43	-0.431	-0.429	-0.439	-0.44	-0.437	-0.43	-0.432	-0.431	-0.426	-0.421	-0.44	-0.432	0.213	-0.046	-0.433	2016_7_13_16_55_44
FLQS30J0GRWV____	-0.076	-0.164	-0.024	-0.024	-0.023	-0.209	-0.083	-0.083	-0.033	-0.122	-0.025	-0.024	-0.03	-0.125	-0.118	-0.024	-0.121	-0.059	-0.024	-0.11	-0.058	-0.12	-0.118	-0.123	-0.124	-0.209	-0.027	-0.123	-0.126	-0.023	-0.072	-0.027	0.003	0.043	0.002	0.002	0	-0.072	0.044	0.044	0.044	0.046	0	0.002	0	0.045	-0.038	0.002	0.045	0.07	0.002	-0.035	-0.035	0.003	0.044	0.001	0.044	-0.072	0.001	0.044	0.002	0	0.043	0.001	-0.027	-0.065	-0.008	-0.008	-0.007	-0.069	-0.034	-0.034	-0.015	-0.049	-0.007	-0.008	-0.009	-0.05	-0.038	-0.008	-0.048	-0.027	-0.008	-0.036	-0.016	-0.044	-0.047	-0.045	-0.05	-0.069	-0.008	-0.05	-0.046	-0.007	-0.029	-0.008	-0.083	0.01	-0.03	2016_7_13_16_55_49
FLQS30JCGRWV____	-0.008	-0.005	-0.004	-0.004	-0.084	0.032	-0.006	-0.006	-0.045	-0.045	-0.006	-0.004	-0.047	-0.009	-0.013	-0.004	-0.043	-0.049	-0.004	-0.008	-0.006	-0.007	-0.088	-0.009	-0.011	0.032	-0.011	0.031	-0.007	-0.084	-0.004	-0.011	-0.001	-0.003	-0.001	-0.001	0	0.042	0	0	-0.001	-0.002	-0.002	-0.001	-0.001	-0.001	-0.002	-0.001	-0.002	0	-0.001	0.04	-0.004	-0.003	-0.001	-0.002	-0.002	0.042	-0.003	0	-0.002	0	-0.002	-0.003	0.029	0.03	0.031	0.031	0	0.04	0.03	0.03	0.015	0.016	0.03	0.031	0.014	0.029	0.028	0.031	0.015	0.013	0.031	0.025	0.03	0.03	-0.001	0.03	0.029	0.04	0.029	0.044	0.029	0	0.03	0.029	-0.017	0.002	0.026	2016_7_13_16_55_52
FLQS30KNGRWV____	-0.072	-0.065	-0.027	-0.027	-0.067	-0.066	-0.03	-0.03	-0.065	-0.031	-0.063	-0.027	-0.064	-0.063	-0.067	-0.027	-0.106	-0.063	-0.027	-0.034	-0.069	-0.102	-0.064	-0.025	-0.061	-0.066	-0.065	-0.105	-0.064	-0.067	-0.065	-0.065	0.046	0.004	0.046	0.046	0.046	0.045	0.045	0.045	0.048	0.001	0.003	0.046	0.047	0.046	0.045	0.046	0.006	0.003	0.046	0.088	0.046	0.001	0.003	0.048	0.003	0.045	0.047	0.005	0.048	0.046	0.047	0.047	0.058	0.065	0.075	0.075	0.06	0.061	0.074	0.074	0.06	0.078	0.066	0.075	0.061	0.061	0.06	0.075	0.049	0.066	0.075	0.068	0.059	0.051	0.065	0.075	0.067	0.061	0.06	0.049	0.061	0.06	0.061	0.06	-0.057	0.035	0.065	2016_7_13_16_55_56
FLQS30LFGRWY____	0.249	0.212	0.254	0.254	0.215	0.215	0.216	0.216	0.216	0.254	0.215	0.254	0.255	0.21	0.219	0.254	0.262	0.216	0.254	0.252	0.294	0.251	0.255	0.215	0.215	0.215	0.26	0.26	0.207	0.215	0.252	0.26	-0.016	-0.058	-0.015	-0.015	-0.056	-0.016	-0.057	-0.057	-0.055	-0.055	-0.056	-0.015	-0.058	-0.057	-0.057	-0.015	-0.056	-0.057	-0.015	-0.013	-0.014	-0.012	-0.058	-0.057	-0.056	-0.016	-0.057	-0.057	-0.057	-0.056	-0.058	-0.057	0.706	0.696	0.707	0.707	0.697	0.693	0.697	0.697	0.697	0.711	0.697	0.707	0.713	0.695	0.698	0.707	0.715	0.697	0.707	0.706	0.722	0.706	0.712	0.696	0.697	0.693	0.714	0.714	0.694	0.697	0.711	0.714	0.237	-0.042	0.704	2016_7_13_16_56_00
FLQS30Q2GRWV____	-0.12	-0.167	-0.125	-0.125	-0.121	-0.08	-0.117	-0.117	-0.119	-0.125	-0.119	-0.125	-0.129	-0.122	-0.122	-0.125	-0.165	-0.119	-0.125	-0.166	-0.125	-0.166	-0.167	-0.124	-0.122	-0.08	-0.169	-0.118	-0.165	-0.121	-0.172	-0.169	0.052	0.01	0.051	0.051	0.009	0.049	0.009	0.009	0.009	0.004	0.007	0.051	0.05	0.01	0.05	0.051	0.011	0.008	0.051	0.048	0.05	0.05	0.01	0.051	0.049	0.049	0.051	0.052	0.007	0.009	0.008	0.051	0.087	0.074	0.085	0.085	0.091	0.103	0.093	0.093	0.092	0.09	0.092	0.085	0.084	0.091	0.087	0.085	0.074	0.092	0.085	0.07	0.085	0.069	0.074	0.086	0.086	0.103	0.069	0.088	0.074	0.091	0.072	0.069	-0.132	0.032	0.084	2016_7_13_16_56_04
FLQS30Q3GRWV____	0.006	0.017	0.056	0.056	0.053	0.049	-0.032	-0.032	0.052	0.005	0.059	0.056	0.008	-0.027	0.046	0.056	0.05	0.006	0.056	0.007	0.088	-0.034	0.007	-0.028	0.008	0.049	0.045	0.01	0.016	0.053	0.05	0.045	-0.004	0.042	-0.005	-0.005	0.04	0.039	0.038	0.038	0.043	0.041	-0.008	-0.005	0.041	0.04	0.041	-0.005	0.041	0.041	-0.005	0.045	0.041	-0.007	0.041	-0.007	0.04	0.039	0.04	-0.007	0.042	0.04	0.041	0.04	-0.447	-0.447	-0.427	-0.427	-0.433	-0.435	-0.465	-0.465	-0.434	-0.452	-0.427	-0.427	-0.451	-0.464	-0.436	-0.427	-0.434	-0.451	-0.427	-0.452	-0.42	-0.462	-0.451	-0.459	-0.45	-0.435	-0.437	-0.445	-0.448	-0.433	-0.435	-0.437	0.027	0.026	-0.442	2016_7_13_16_56_08
FLQS30Q9GRWV____	-0.13	-0.126	-0.167	-0.167	-0.125	-0.169	-0.129	-0.129	-0.128	-0.132	-0.167	-0.167	-0.13	-0.164	-0.133	-0.167	-0.126	-0.167	-0.167	-0.169	-0.127	-0.123	-0.126	-0.164	-0.089	-0.169	-0.134	-0.126	-0.126	-0.125	-0.125	-0.134	-0.003	-0.047	-0.002	-0.002	-0.003	-0.006	-0.003	-0.003	-0.003	-0.001	-0.049	-0.002	-0.004	-0.003	-0.004	-0.002	-0.002	-0.003	-0.002	-0.05	-0.004	-0.048	-0.002	-0.003	-0.002	-0.006	-0.005	-0.047	-0.003	-0.003	-0.004	-0.005	-0.112	-0.107	-0.127	-0.127	-0.111	-0.127	-0.112	-0.112	-0.112	-0.114	-0.122	-0.127	-0.113	-0.126	-0.114	-0.127	-0.111	-0.127	-0.127	-0.123	-0.112	-0.106	-0.112	-0.126	-0.097	-0.127	-0.114	-0.108	-0.112	-0.111	-0.111	-0.114	-0.141	-0.01	-0.117	2016_7_13_16_56_12
FLQS30QMGRWV____	0.06	0.1	0.151	0.151	0.11	0.065	0.097	0.097	0.098	0.102	0.171	0.151	0.137	0.058	0.06	0.151	0.143	0.062	0.151	0.064	0.109	0.062	0.013	0.06	0.057	0.065	0.148	0.098	0.101	0.11	0.061	0.148	-0.01	0.036	-0.012	-0.012	-0.009	-0.007	0.037	0.037	0.036	0.038	0.044	-0.012	0.034	0.037	-0.009	-0.012	0.036	0.044	-0.012	-0.006	-0.009	0.046	0.035	-0.009	0.04	-0.007	-0.012	0.037	0.038	-0.009	0.038	-0.012	0.198	0.209	0.234	0.234	0.217	0.2	0.208	0.208	0.209	0.21	0.235	0.234	0.224	0.193	0.199	0.234	0.225	0.194	0.234	0.199	0.217	0.194	0.176	0.199	0.193	0.2	0.233	0.209	0.209	0.217	0.194	0.233	0.1	0.014	0.211	2016_7_13_16_56_17
FLQS30QPGRWV____	-0.08	-0.071	-0.117	-0.117	-0.08	-0.077	-0.088	-0.088	-0.121	-0.086	-0.079	-0.117	-0.082	-0.077	-0.079	-0.117	-0.051	-0.086	-0.117	-0.113	-0.085	-0.044	-0.05	-0.084	-0.09	-0.077	-0.083	-0.046	-0.081	-0.08	-0.083	-0.083	0.003	0.045	0.004	0.004	0.006	0.005	0.042	0.042	0.045	0.046	0.046	0.004	0.044	0.004	0.004	0.004	0.04	0.043	0.004	-0.035	0.003	0.041	0.043	0.043	0.043	0.005	0.043	0.041	0.044	0.006	0.045	0.043	0.014	0.014	0	0	0.015	0.015	0.007	0.007	-0.006	0.007	0.01	0	0.009	0.015	0.015	0	0.021	0.008	0	0.005	0.013	0.025	0.022	0.009	0.006	0.015	0.009	0.024	0.01	0.015	0.009	0.009	-0.085	0.025	0.01	2016_7_13_16_56_20
FLQS30R2GRWV____	0.057	0.137	0.043	0.043	0.145	0.013	0.078	0.078	0.04	0.062	-0.018	0.043	0.056	0.082	0.165	0.043	0.122	0.061	0.043	0.069	0.063	0.066	0.088	0.08	0.075	0.013	0.084	0.078	0.17	0.145	0.132	0.084	-0.073	-0.072	-0.105	-0.105	-0.055	-0.119	-0.061	-0.061	-0.061	-0.07	-0.073	-0.105	-0.072	-0.062	-0.107	-0.105	-0.063	-0.071	-0.105	-0.117	-0.076	-0.063	-0.072	-0.105	-0.055	-0.119	-0.115	-0.061	-0.075	-0.055	-0.072	-0.115	0.56	0.591	0.558	0.558	0.592	0.548	0.567	0.567	0.552	0.562	0.531	0.558	0.559	0.568	0.605	0.558	0.584	0.562	0.558	0.569	0.562	0.562	0.571	0.572	0.565	0.548	0.574	0.567	0.604	0.592	0.589	0.574	0.076	-0.083	0.568	2016_7_13_16_56_24
FLQS30RRGRWV____	-0.073	0.006	-0.066	-0.066	-0.065	-0.073	-0.141	-0.141	-0.081	-0.079	-0.069	-0.066	-0.079	-0.088	-0.034	-0.066	-0.057	-0.07	-0.066	-0.078	-0.028	-0.082	-0.082	-0.079	-0.089	-0.073	-0.164	-0.075	-0.038	-0.065	-0.078	-0.164	-0.036	0.007	-0.038	-0.038	-0.038	-0.037	0.017	0.017	0.01	0.011	-0.052	-0.038	0.011	0.014	0.009	-0.038	-0.038	0.014	-0.038	0.01	-0.041	-0.056	0.011	-0.039	0.013	-0.037	-0.036	0.083	0.009	-0.038	-0.041	-0.036	0.486	0.512	0.489	0.489	0.489	0.486	0.454	0.454	0.478	0.479	0.489	0.489	0.479	0.474	0.496	0.489	0.492	0.481	0.489	0.48	0.503	0.484	0.478	0.484	0.475	0.486	0.45	0.473	0.495	0.489	0.484	0.45	-0.077	-0.015	0.482	2016_7_13_16_56_29
FLQS30S7GRWV____	-0.067	-0.07	-0.024	-0.024	-0.114	-0.018	-0.112	-0.112	-0.025	-0.12	-0.112	-0.024	-0.067	-0.071	-0.112	-0.024	-0.166	-0.066	-0.024	-0.111	-0.068	-0.111	-0.068	-0.028	-0.068	-0.018	-0.065	-0.068	-0.07	-0.114	-0.11	-0.065	0.05	0.049	0.05	0.05	0.05	0.049	0.05	0.05	0.051	0.049	0.05	0.05	0.05	0.052	0.051	0.05	0.008	0.05	0.05	0.097	0.094	0.05	0.05	0.094	0.051	0.049	0.051	0.051	0.049	0.05	0.049	0.051	0.145	0.143	0.161	0.161	0.128	0.164	0.128	0.128	0.161	0.125	0.128	0.161	0.145	0.143	0.128	0.161	0.111	0.145	0.161	0.123	0.14	0.128	0.144	0.156	0.145	0.164	0.146	0.144	0.143	0.128	0.128	0.146	-0.072	0.053	0.143	2016_7_13_16_56_32
FLQS30UFGRWV____	0.056	-0.033	0.008	0.008	0.002	0.01	0.011	0.011	0.01	0.056	0.01	0.008	-0.036	0.055	0.013	0.008	0.022	0.053	0.008	0.013	0	0.014	-0.036	0.014	0.05	0.01	-0.035	-0.033	0.051	0.002	0.05	-0.035	0	0	-0.002	-0.002	0.039	-0.002	-0.001	-0.001	-0.001	-0.002	-0.004	-0.002	0.002	-0.002	-0.001	-0.002	-0.045	0	-0.002	-0.003	0.04	-0.002	-0.002	0.002	-0.004	-0.002	0.001	-0.004	-0.002	0.039	-0.002	0.001	-0.616	-0.65	-0.633	-0.633	-0.639	-0.633	-0.632	-0.632	-0.633	-0.615	-0.632	-0.633	-0.65	-0.615	-0.632	-0.633	-0.624	-0.616	-0.633	-0.631	-0.64	-0.631	-0.65	-0.631	-0.617	-0.633	-0.65	-0.649	-0.617	-0.639	-0.617	-0.65	0.011	0.001	-0.633	2016_7_13_16_56_36
FLQS30WFGRWV____	-0.009	-0.004	-0.013	-0.013	-0.005	-0.001	-0.041	-0.041	-0.043	0.038	-0.045	-0.013	-0.006	-0.01	0.002	-0.013	-0.045	0	-0.013	0.032	-0.049	-0.004	-0.037	-0.006	0.023	-0.001	-0.004	0.001	-0.005	-0.005	-0.005	-0.004	-0.001	-0.048	0	0	-0.047	-0.048	-0.05	-0.05	-0.049	-0.048	-0.047	0	-0.047	-0.047	-0.046	0	-0.047	-0.045	0	-0.048	-0.048	-0.047	-0.046	-0.047	-0.003	-0.048	-0.046	-0.048	-0.048	-0.047	-0.047	-0.046	-0.175	-0.169	-0.176	-0.176	-0.169	-0.167	-0.182	-0.182	-0.183	-0.152	-0.184	-0.176	-0.169	-0.17	-0.166	-0.176	-0.184	-0.167	-0.176	-0.154	-0.186	-0.168	-0.181	-0.169	-0.162	-0.167	-0.169	-0.166	-0.169	-0.169	-0.169	-0.169	-0.011	-0.037	-0.172	2016_7_13_16_56_42
FLQS30X6GRWV____	-0.223	-0.217	-0.259	-0.259	-0.225	-0.172	-0.226	-0.226	-0.221	-0.229	-0.184	-0.259	-0.223	-0.227	-0.261	-0.259	-0.221	-0.225	-0.259	-0.172	-0.263	-0.227	-0.223	-0.223	-0.228	-0.172	-0.187	-0.222	-0.261	-0.225	-0.182	-0.187	0.059	0.062	0.018	0.018	0.059	0.017	0.059	0.059	0.059	0.058	0.057	0.018	0.061	0.059	0.019	0.018	0.06	0.059	0.018	0.016	0.062	0.06	0.057	0.058	0.059	0.017	0.056	0.061	0.062	0.059	0.059	0.056	-0.008	-0.005	-0.017	-0.017	-0.008	0.016	-0.008	-0.008	-0.006	-0.01	0.007	-0.017	-0.008	-0.009	-0.019	-0.017	-0.007	-0.008	-0.017	0.016	-0.023	-0.009	-0.007	-0.007	-0.009	0.016	0.006	-0.007	-0.023	-0.008	0.008	0.006	-0.223	0.047	-0.006	2016_7_13_16_56_45
FLQS30YUGRWV____	0.031	-0.015	-0.01	-0.01	-0.06	-0.004	-0.004	-0.004	-0.008	-0.006	-0.009	-0.01	-0.008	-0.013	0.033	-0.01	-0.005	-0.005	-0.01	0.033	0.035	-0.009	-0.05	-0.015	-0.017	-0.004	-0.006	0.068	-0.018	-0.06	-0.055	-0.006	0.003	0.002	0.005	0.005	0.005	0.004	0.006	0.006	0.005	0.004	0.004	0.005	0.004	0.004	0.003	0.005	0.004	0.005	0.005	0.005	0.006	-0.04	0.002	0.003	0.006	0.004	0.004	0.003	0.004	0.005	0.003	0.004	-0.047	-0.064	-0.063	-0.063	-0.082	-0.06	-0.061	-0.061	-0.062	-0.062	-0.063	-0.063	-0.062	-0.064	-0.046	-0.063	-0.061	-0.061	-0.063	-0.046	-0.046	-0.058	-0.078	-0.064	-0.066	-0.06	-0.061	-0.033	-0.066	-0.082	-0.08	-0.061	-0.007	0.003	-0.062	2016_7_13_16_56_50
FLQS30ZQGRWV____	0.085	0.068	0.121	0.121	0.07	0.125	0.074	0.074	0.111	0.121	0.116	0.121	0.117	0.11	0.075	0.121	0.123	0.077	0.121	0.116	0.122	0.08	0.075	0.116	0.074	0.125	0.119	0.121	0.07	0.07	0.122	0.119	-0.057	-0.057	-0.06	-0.06	-0.059	-0.058	-0.02	-0.02	-0.02	-0.016	-0.019	-0.06	-0.061	-0.06	-0.058	-0.06	-0.06	-0.019	-0.06	-0.06	-0.06	-0.061	-0.017	-0.06	-0.057	-0.058	-0.06	-0.016	-0.019	-0.059	-0.017	-0.06	0.591	0.585	0.606	0.606	0.585	0.606	0.583	0.583	0.597	0.601	0.599	0.606	0.603	0.601	0.588	0.606	0.607	0.584	0.606	0.603	0.605	0.589	0.584	0.604	0.587	0.606	0.605	0.6	0.582	0.585	0.602	0.605	0.102	-0.047	0.597	2016_7_13_16_57_01
FLQS31J6GRWY____	-0.282	-0.21	-0.212	-0.212	-0.212	-0.179	-0.217	-0.217	-0.171	-0.109	-0.212	-0.212	-0.16	-0.124	-0.225	-0.212	-0.148	-0.264	-0.212	-0.158	-0.11	-0.228	-0.214	-0.217	-0.173	-0.179	-0.162	-0.206	-0.205	-0.212	-0.208	-0.162	0.004	0.06	0.064	0.064	0.004	0	0.06	0.06	0.059	0.002	0.074	0.064	0.059	0.057	-0.001	0.064	-0.029	0.061	0.064	0	-0.001	0	0.061	0.059	0.057	0	0.058	0.016	0.063	0.004	0.063	0.058	-0.142	-0.12	-0.122	-0.122	-0.116	-0.102	-0.123	-0.123	-0.105	-0.076	-0.123	-0.122	-0.101	-0.087	-0.12	-0.122	-0.088	-0.141	-0.122	-0.095	-0.075	-0.121	-0.122	-0.123	-0.106	-0.102	-0.101	-0.114	-0.119	-0.116	-0.12	-0.101	-0.194	0.038	-0.112	2016_7_13_16_57_04
FLQS301EGRWQ____	0.141	0.096	0.134	0.134	0.129	0.132	0.096	0.096	0.099	0.144	0.135	0.134	0.086	0.102	0.13	0.134	0.19	0.095	0.134	0.079	0.128	0.085	0.144	0.133	0.19	0.132	0.083	0.14	0.103	0.129	0.144	0.083	-0.059	-0.058	-0.017	-0.017	-0.017	-0.02	-0.061	-0.061	-0.059	-0.061	-0.015	-0.017	-0.017	-0.059	-0.02	-0.017	-0.062	-0.059	-0.017	-0.019	-0.018	-0.016	-0.06	-0.018	-0.061	-0.02	-0.018	-0.059	-0.057	-0.017	-0.061	-0.018	0.043	0.026	0.036	0.036	0.035	0.036	0.026	0.026	0.026	0.044	0.036	0.036	0.017	0.028	0.035	0.036	0.062	0.026	0.036	0.016	0.034	0.017	0.044	0.035	0.062	0.036	0.016	0.043	0.028	0.035	0.044	0.016	0.122	-0.036	0.033	2016_7_13_16_57_08
FLQS310RGRWV____	-0.257	-0.214	-0.218	-0.218	-0.3	-0.218	-0.217	-0.217	-0.297	-0.264	-0.216	-0.218	-0.214	-0.296	-0.251	-0.218	-0.262	-0.252	-0.218	-0.261	-0.261	-0.259	-0.215	-0.26	-0.215	-0.218	-0.169	-0.219	-0.297	-0.3	-0.255	-0.169	0.006	0.05	0.05	0.05	-0.035	0.007	0.007	0.007	0.008	0.048	0.006	0.05	0.005	0.007	-0.035	0.05	0.004	0.008	0.05	0.049	0.051	0.05	0.008	0.049	0.007	0.007	0.009	0.006	0.008	-0.035	0.008	0.009	-0.162	-0.149	-0.151	-0.151	-0.174	-0.147	-0.146	-0.146	-0.177	-0.169	-0.146	-0.151	-0.145	-0.177	-0.154	-0.151	-0.163	-0.16	-0.151	-0.168	-0.168	-0.167	-0.146	-0.167	-0.146	-0.147	-0.128	-0.147	-0.177	-0.174	-0.161	-0.128	-0.239	0.018	-0.156	2016_7_13_16_57_11
FLQS317CGRWY____	0.143	0.183	0.15	0.15	0.19	0.142	0.142	0.142	0.186	0.186	0.187	0.15	0.185	0.145	0.151	0.15	0.15	0.146	0.15	0.142	0.192	0.144	0.148	0.146	0.145	0.142	0.183	0.188	0.188	0.19	0.184	0.183	-0.021	-0.023	-0.063	-0.063	-0.023	-0.024	-0.022	-0.022	-0.02	-0.023	-0.02	-0.063	-0.023	-0.021	-0.06	-0.063	-0.064	-0.02	-0.063	-0.022	-0.066	-0.02	-0.021	-0.063	-0.022	-0.024	-0.024	-0.022	-0.02	-0.023	-0.021	-0.024	0.075	0.09	0.082	0.082	0.093	0.075	0.074	0.074	0.092	0.091	0.092	0.082	0.091	0.075	0.082	0.082	0.082	0.076	0.082	0.075	0.098	0.074	0.077	0.081	0.076	0.075	0.091	0.092	0.092	0.093	0.091	0.091	0.163	-0.033	0.084	2016_7_13_16_57_22
FLQS319LGRWY____	-0.29	-0.29	-0.286	-0.286	-0.287	-0.286	-0.292	-0.292	-0.319	-0.286	-0.288	-0.286	-0.283	-0.288	-0.286	-0.286	-0.291	-0.281	-0.286	-0.285	-0.29	-0.285	-0.317	-0.285	-0.287	-0.286	-0.284	-0.291	-0.29	-0.287	-0.291	-0.284	0.063	0.066	0.068	0.068	0.067	0.066	0.11	0.11	0.069	0.066	0.067	0.068	0.11	0.067	0.068	0.068	0.067	0.11	0.068	0.066	0.066	0.064	0.066	0.066	0.067	0.066	0.067	0.066	0.066	0.067	0.109	0.067	-0.674	-0.675	-0.673	-0.673	-0.674	-0.673	-0.679	-0.679	-0.686	-0.673	-0.673	-0.673	-0.676	-0.673	-0.672	-0.673	-0.675	-0.675	-0.673	-0.672	-0.674	-0.672	-0.684	-0.672	-0.673	-0.673	-0.672	-0.675	-0.674	-0.674	-0.679	-0.672	-0.289	0.073	-0.675	2016_7_13_16_57_19
FLQS3106GRWV____	-0.01	-0.057	-0.01	-0.01	-0.05	-0.094	-0.052	-0.052	-0.053	-0.017	-0.056	-0.01	-0.01	-0.051	-0.011	-0.01	-0.011	-0.011	-0.01	-0.094	-0.052	0.069	-0.011	-0.011	-0.014	-0.094	-0.013	0.03	-0.058	-0.05	-0.014	-0.013	-0.004	-0.005	-0.003	-0.003	-0.001	-0.003	-0.004	-0.004	-0.003	-0.002	-0.006	-0.003	-0.004	-0.005	-0.005	-0.003	-0.004	-0.002	-0.003	-0.004	-0.002	-0.005	-0.004	-0.002	-0.003	-0.003	-0.004	0.044	-0.005	-0.001	-0.005	-0.004	-0.021	-0.039	-0.021	-0.021	-0.037	-0.053	-0.037	-0.037	-0.038	-0.024	-0.039	-0.021	-0.021	-0.036	-0.021	-0.021	-0.021	-0.022	-0.021	-0.053	-0.037	0.01	-0.022	-0.022	-0.023	-0.053	-0.022	-0.011	-0.039	-0.037	-0.023	-0.022	-0.028	-0.002	-0.028	2016_7_13_16_57_26
FLQS3115GRWV____	-0.069	-0.107	-0.108	-0.108	-0.112	-0.067	-0.067	-0.067	-0.069	-0.068	-0.108	-0.108	-0.103	-0.066	-0.035	-0.108	-0.102	-0.069	-0.108	-0.067	-0.107	-0.105	-0.107	-0.067	-0.067	-0.067	-0.066	-0.02	-0.071	-0.112	-0.07	-0.066	-0.005	-0.002	-0.006	-0.006	-0.045	-0.004	-0.005	-0.005	-0.046	-0.005	0.04	-0.006	-0.004	-0.003	0.037	-0.006	-0.042	-0.005	-0.006	-0.004	-0.003	-0.046	-0.003	-0.003	-0.004	-0.004	-0.004	-0.003	-0.044	-0.045	-0.002	-0.004	-0.007	-0.021	-0.021	-0.021	-0.019	-0.006	-0.005	-0.005	-0.001	-0.006	-0.026	-0.021	-0.019	-0.005	0.002	-0.021	-0.015	-0.006	-0.021	-0.005	-0.021	-0.016	-0.022	-0.006	-0.006	-0.006	-0.005	0.013	-0.003	-0.019	-0.007	-0.005	-0.083	-0.009	-0.011	2016_7_13_16_57_33
FLQS3126GRWV____	-0.355	-0.27	-0.269	-0.269	-0.359	-0.354	-0.322	-0.322	-0.313	-0.314	-0.402	-0.269	-0.316	-0.314	-0.314	-0.269	-0.314	-0.318	-0.269	-0.456	-0.295	-0.313	-0.316	-0.402	-0.357	-0.354	-0.27	-0.313	-0.314	-0.359	-0.359	-0.27	0.079	0.123	0.127	0.127	0.069	0.078	0.136	0.136	0.122	0.124	0.124	0.127	0.077	0.123	0.078	0.127	0.079	0.124	0.127	0.08	0.07	0.123	0.122	0.079	0.08	0.078	0.076	0.079	0.075	0.069	0.077	0.076	-0.148	-0.12	-0.12	-0.12	-0.149	-0.147	-0.141	-0.141	-0.136	-0.137	-0.17	-0.12	-0.132	-0.136	-0.132	-0.12	-0.132	-0.138	-0.12	-0.187	-0.124	-0.136	-0.138	-0.166	-0.149	-0.147	-0.115	-0.132	-0.132	-0.149	-0.149	-0.115	-0.322	0.1	-0.137	2016_7_13_16_57_39
FLQS30VBGRWV____	0.047	0.012	0.049	0.049	0.01	0.009	0.005	0.005	0.011	0.006	0.013	0.049	0.003	0.013	0.005	0.049	-0.03	0.006	0.049	0.004	-0.025	0.008	0.006	0.013	0.009	0.009	0.011	0.009	0.014	0.01	0.008	0.011	-0.065	-0.063	-0.063	-0.063	-0.064	-0.064	-0.023	-0.023	-0.022	-0.065	-0.065	-0.063	-0.026	-0.063	-0.065	-0.063	-0.06	-0.066	-0.063	-0.023	-0.062	-0.064	-0.024	-0.064	-0.065	-0.064	-0.064	-0.063	-0.065	-0.064	-0.024	-0.064	0.024	0.011	0.026	0.026	0.01	0.01	0.004	0.004	0.007	0.009	0.012	0.026	0.004	0.011	0.009	0.026	-0.005	0.009	0.026	0.004	-0.004	0.01	0.004	0.011	0.011	0.01	0.01	0.01	0.012	0.01	0.005	0.01	0.014	-0.055	0.011	2016_7_13_13_56_25
FLQS30X6GRWY____	-0.059	-0.028	-0.065	-0.065	-0.024	-0.062	-0.113	-0.113	-0.057	-0.066	-0.058	-0.065	-0.065	-0.067	-0.058	-0.065	-0.027	-0.024	-0.065	-0.061	-0.062	-0.031	-0.064	-0.104	-0.069	-0.062	-0.101	-0.074	-0.06	-0.024	-0.058	-0.101	0.067	0.064	0.066	0.066	0.066	0.064	0.067	0.067	0.021	0.066	0.02	0.066	0.066	0.066	0.065	0.066	0.065	0.064	0.066	0.066	0.067	0.063	0.065	0.022	0.066	0.064	0.02	0.066	0.023	0.066	0.023	0.02	0.621	0.634	0.62	0.62	0.635	0.62	0.601	0.601	0.627	0.619	0.626	0.62	0.62	0.618	0.622	0.62	0.634	0.635	0.62	0.621	0.62	0.632	0.619	0.609	0.618	0.62	0.61	0.616	0.626	0.635	0.626	0.61	-0.063	0.056	0.621	2016_7_13_13_56_28
FLQS31CRGRWY____	-0.062	-0.071	-0.096	-0.096	-0.071	-0.067	-0.068	-0.068	-0.067	-0.069	-0.099	-0.096	-0.064	-0.066	-0.062	-0.096	-0.068	-0.065	-0.096	-0.104	-0.071	-0.066	-0.064	-0.099	-0.07	-0.067	-0.063	-0.064	-0.07	-0.071	-0.106	-0.063	-0.044	-0.006	-0.048	-0.048	-0.007	-0.007	-0.007	-0.007	-0.005	-0.007	-0.049	-0.048	-0.004	-0.006	-0.044	-0.048	-0.007	-0.006	-0.048	-0.008	-0.008	-0.048	-0.004	-0.046	-0.007	-0.007	-0.004	-0.005	-0.006	-0.007	-0.004	-0.004	-0.017	-0.025	-0.03	-0.03	-0.025	-0.023	-0.023	-0.023	-0.023	-0.024	-0.032	-0.03	-0.022	-0.023	-0.017	-0.03	-0.023	-0.023	-0.03	-0.037	-0.024	-0.018	-0.022	-0.031	-0.024	-0.023	-0.022	-0.022	-0.024	-0.025	-0.039	-0.022	-0.076	-0.019	-0.025	2016_7_13_13_56_31
FLQS31FWGRWY____	-0.033	0	0	0	0.004	-0.001	-0.003	-0.003	0	-0.002	-0.033	0	0.003	0.001	-0.042	0	-0.037	0	0	-0.061	0.005	-0.001	0.001	0.004	0.004	-0.001	-0.028	0	0.002	0.004	0.003	-0.028	0.002	0	0.001	0.001	0.041	0	0	0	-0.002	-0.001	-0.001	0.001	0	0	0.004	0.001	0.001	0	0.001	-0.04	0	-0.001	-0.001	0.001	0.001	0	0.003	0.001	-0.001	0.041	-0.001	0.003	-0.013	0	0	0	-0.003	-0.001	-0.002	-0.002	0	-0.001	-0.013	0	0.001	0	-0.017	0	-0.014	0	0	-0.019	0.002	0	0	0.001	0.002	-0.001	-0.011	0	0.001	-0.003	0.002	-0.011	-0.008	0.002	-0.003	2016_7_13_13_56_34
FLQS200ZGRX8____	0.122	0.122	0.089	0.089	0.097	0.086	0.097	0.097	0.086	0.128	0.128	0.089	0.085	0.087	0.08	0.089	0.045	0.094	0.089	0.126	0.09	0.098	0.122	0.085	0.087	0.086	0.084	0.128	0.123	0.097	0.046	0.084	-0.071	-0.071	-0.07	-0.07	-0.057	-0.073	-0.057	-0.057	-0.071	-0.07	-0.07	-0.07	-0.07	-0.072	-0.071	-0.07	-0.069	-0.058	-0.07	-0.071	-0.069	-0.056	-0.071	-0.071	-0.117	-0.073	-0.116	-0.072	-0.072	-0.057	-0.071	-0.116	-0.597	-0.597	-0.61	-0.61	-0.608	-0.61	-0.608	-0.608	-0.611	-0.594	-0.595	-0.61	-0.612	-0.61	-0.613	-0.61	-0.627	-0.609	-0.61	-0.595	-0.609	-0.607	-0.597	-0.611	-0.605	-0.61	-0.606	-0.594	-0.596	-0.608	-0.626	-0.606	0.095	-0.072	-0.607	2016_7_13_13_56_36
FLQS224LGRWM____	-0.158	-0.164	-0.156	-0.156	-0.161	-0.192	-0.202	-0.202	-0.156	-0.142	-0.155	-0.156	-0.152	-0.161	-0.19	-0.156	-0.154	-0.164	-0.156	-0.19	-0.164	-0.151	-0.194	-0.191	-0.197	-0.192	-0.155	-0.152	-0.127	-0.161	-0.191	-0.155	0.078	0.082	0.078	0.078	0.08	0.082	0.125	0.125	0.08	0.081	0.079	0.078	0.08	0.081	0.08	0.078	0.08	0.125	0.078	0.08	0.121	0.08	0.083	0.081	0.125	0.082	0.082	0.081	0.079	0.08	0.081	0.082	-0.719	-0.722	-0.719	-0.719	-0.721	-0.734	-0.741	-0.741	-0.719	-0.714	-0.719	-0.719	-0.717	-0.722	-0.732	-0.719	-0.719	-0.727	-0.719	-0.732	-0.726	-0.717	-0.734	-0.733	-0.739	-0.734	-0.719	-0.718	-0.708	-0.721	-0.733	-0.719	-0.167	0.087	-0.724	2016_7_13_13_56_39
FLQS224TGRWM____	0.194	0.174	0.161	0.161	0.172	0.2	0.195	0.195	0.201	0.198	0.209	0.161	0.199	0.198	0.166	0.161	0.201	0.194	0.161	0.206	0.207	0.195	0.199	0.174	0.201	0.2	0.208	0.198	0.23	0.172	0.198	0.208	-0.068	-0.067	-0.025	-0.025	-0.069	-0.067	-0.028	-0.028	-0.027	-0.024	-0.066	-0.025	-0.028	-0.028	-0.064	-0.025	-0.067	-0.028	-0.025	-0.064	-0.067	-0.024	-0.026	-0.064	-0.027	-0.067	-0.026	-0.067	-0.027	-0.069	-0.026	-0.026	0.082	0.073	0.064	0.064	0.073	0.084	0.077	0.077	0.079	0.078	0.088	0.064	0.079	0.079	0.07	0.064	0.084	0.077	0.064	0.086	0.086	0.077	0.079	0.074	0.08	0.084	0.083	0.083	0.091	0.073	0.078	0.083	0.19	-0.043	0.077	2016_7_13_13_56_41
FLQS300LGRWM____	-0.07	-0.074	-0.036	-0.036	-0.071	-0.073	-0.072	-0.072	-0.07	-0.065	-0.071	-0.036	-0.073	-0.075	-0.069	-0.036	-0.073	-0.066	-0.036	-0.068	-0.073	-0.067	-0.071	-0.043	-0.073	-0.073	-0.073	-0.07	-0.074	-0.071	-0.075	-0.073	-0.041	-0.043	-0.002	-0.002	-0.001	0	-0.042	-0.042	-0.042	-0.043	-0.042	-0.002	-0.042	-0.04	-0.041	-0.002	-0.041	-0.041	-0.002	-0.039	-0.041	-0.042	-0.041	-0.001	-0.04	0	-0.043	-0.04	-0.042	-0.001	-0.044	-0.043	-0.086	-0.088	-0.077	-0.077	-0.091	-0.092	-0.087	-0.087	-0.086	-0.084	-0.086	-0.077	-0.087	-0.088	-0.086	-0.077	-0.087	-0.084	-0.077	-0.085	-0.087	-0.085	-0.086	-0.08	-0.087	-0.092	-0.088	-0.086	-0.088	-0.091	-0.088	-0.088	-0.065	-0.029	-0.086	2016_7_13_13_56_44
FLQS300LGRWQ____	0.054	0.063	0.056	0.056	0.052	0.053	0.061	0.061	0.06	0.01	0.054	0.056	0.021	0.014	0.017	0.056	0.055	0.053	0.056	0.046	0.046	0.01	0.02	0.055	0.05	0.053	0.059	0.052	0.057	0.052	0.016	0.059	-0.003	-0.005	-0.005	-0.005	-0.005	-0.006	-0.045	-0.045	-0.047	-0.005	-0.005	-0.005	-0.044	-0.007	-0.006	-0.005	-0.006	-0.003	-0.005	-0.007	-0.006	-0.006	-0.046	-0.006	-0.006	-0.006	-0.003	-0.007	-0.006	-0.005	-0.045	-0.003	0.018	0.022	0.019	0.019	0.018	0.017	0.025	0.025	0.025	0.001	0.018	0.019	0.009	0.004	0.004	0.019	0.018	0.018	0.019	0.015	0.016	0.001	0.009	0.019	0.016	0.017	0.02	0.018	0.019	0.018	0.008	0.02	0.046	-0.013	0.016	2016_7_13_13_56_48
FLQS300RGRWY____	-0.03	-0.071	-0.072	-0.072	-0.075	-0.077	-0.074	-0.074	-0.073	-0.073	-0.077	-0.072	-0.078	-0.115	-0.079	-0.072	-0.073	-0.077	-0.072	-0.142	-0.075	-0.119	-0.073	-0.076	-0.077	-0.077	-0.078	-0.07	-0.071	-0.075	-0.034	-0.078	0.036	0.041	0.039	0.039	0.039	0.04	0.041	0.041	0.04	0.038	0.039	0.039	0.038	0.041	-0.006	0.039	0.039	0.039	0.039	0.001	0.037	0.039	0.039	0.037	0.038	0.04	0.037	0.039	0.039	0.039	0.037	0.037	0.195	0.179	0.179	0.179	0.178	0.178	0.178	0.178	0.178	0.179	0.178	0.179	0.178	0.163	0.181	0.179	0.179	0.178	0.179	0.156	0.179	0.161	0.179	0.178	0.178	0.178	0.177	0.18	0.18	0.178	0.195	0.177	-0.077	0.036	0.178	2016_7_13_13_56_53
FLQS300VGRWQ____	0.162	0.12	0.12	0.12	0.118	0.12	0.128	0.128	0.085	0.118	0.078	0.12	0.124	0.113	0.083	0.12	0.076	0.088	0.12	0.088	0.12	0.079	0.086	0.116	0.118	0.12	0.081	0.08	0.081	0.118	0.129	0.081	-0.018	-0.017	-0.014	-0.014	-0.019	-0.017	-0.058	-0.058	-0.057	-0.017	-0.016	-0.014	-0.018	-0.017	-0.016	-0.014	-0.018	-0.057	-0.014	-0.059	-0.021	-0.017	-0.059	-0.016	-0.016	-0.017	-0.016	-0.016	-0.057	-0.019	-0.058	-0.016	-0.587	-0.603	-0.604	-0.604	-0.604	-0.603	-0.596	-0.596	-0.613	-0.603	-0.619	-0.604	-0.602	-0.606	-0.618	-0.604	-0.62	-0.612	-0.604	-0.611	-0.603	-0.619	-0.612	-0.605	-0.604	-0.603	-0.619	-0.618	-0.614	-0.604	-0.596	-0.619	0.107	-0.027	-0.607	2016_7_13_13_56_56
FLQS301GGRWM____	-0.126	-0.099	-0.132	-0.132	-0.09	-0.124	-0.085	-0.085	-0.133	-0.119	-0.133	-0.132	-0.084	-0.131	-0.124	-0.132	-0.123	-0.127	-0.132	-0.08	-0.118	-0.08	-0.086	-0.096	-0.093	-0.124	-0.081	-0.086	-0.094	-0.09	-0.087	-0.081	0.02	0.019	0.061	0.061	0.02	0.017	0.058	0.058	0.061	0.019	0.061	0.061	0.061	0.059	0.022	0.061	0.059	0.062	0.061	0.019	0.019	0.021	0.061	0.059	0.059	0.017	0.021	0.022	0.06	0.02	0.06	0.021	-0.05	-0.04	-0.057	-0.057	-0.036	-0.049	-0.038	-0.038	-0.058	-0.048	-0.057	-0.057	-0.039	-0.056	-0.05	-0.057	-0.053	-0.055	-0.057	-0.032	-0.047	-0.033	-0.039	-0.042	-0.041	-0.049	-0.034	-0.035	-0.042	-0.036	-0.04	-0.034	-0.107	0.043	-0.046	2016_7_13_13_57_01
FLQS303BGRWM____	-0.17	-0.135	-0.131	-0.131	-0.135	-0.086	-0.131	-0.131	-0.131	-0.126	-0.13	-0.131	-0.13	-0.132	-0.129	-0.131	-0.131	-0.131	-0.131	-0.13	-0.134	-0.084	-0.126	-0.134	-0.135	-0.086	-0.127	-0.133	-0.135	-0.135	-0.09	-0.127	0.148	0.145	0.146	0.146	0.147	0.147	0.147	0.147	0.146	0.148	0.145	0.146	0.147	0.147	0.147	0.146	0.148	0.147	0.146	0.147	0.147	0.147	0.148	0.146	0.146	0.147	0.146	0.146	0.145	0.147	0.145	0.146	-0.081	-0.066	-0.065	-0.065	-0.067	-0.048	-0.066	-0.066	-0.065	-0.064	-0.065	-0.065	-0.065	-0.066	-0.065	-0.065	-0.066	-0.065	-0.065	-0.065	-0.067	-0.047	-0.063	-0.067	-0.066	-0.048	-0.064	-0.066	-0.067	-0.067	-0.05	-0.064	-0.127	0.147	-0.064	2016_7_13_13_57_05
FLQS304WGRWM____	0.435	0.431	0.436	0.436	0.473	0.4	0.397	0.397	0.424	0.441	0.435	0.436	0.429	0.393	0.399	0.436	0.398	0.4	0.436	0.437	0.439	0.434	0.44	0.392	0.434	0.4	0.397	0.404	0.42	0.473	0.436	0.397	0.021	0.017	0.017	0.017	0.019	0.018	0.018	0.018	0.059	0.018	0.02	0.017	0.018	0.019	0.019	0.017	0.018	0.02	0.017	0.018	0.017	0.018	0.017	0.017	0.023	0.018	0.02	0.018	0.058	0.019	0.019	0.02	0.099	0.097	0.1	0.1	0.114	0.086	0.085	0.085	0.09	0.101	0.099	0.1	0.097	0.083	0.085	0.1	0.085	0.085	0.1	0.1	0.1	0.098	0.101	0.083	0.099	0.086	0.085	0.087	0.089	0.114	0.1	0.085	0.423	0.021	0.094	2016_7_13_13_57_42
FLQS305DGRWM____	0.018	0.052	0.052	0.052	0.013	0.053	0.054	0.054	0.052	0.012	0.015	0.052	0.053	0.013	0.013	0.052	0.055	0.013	0.052	0.05	0.054	0.053	0.012	0.014	0.052	0.053	0.013	0.014	0.052	0.013	0.011	0.013	0.013	0.012	0.011	0.011	0.01	0.012	0.012	0.012	0.011	0.012	0.013	0.011	0.011	0.013	0.013	0.011	0.011	0.014	0.011	0.052	0.012	0.053	0.012	0.013	0.011	0.012	0.013	0.011	0.012	0.01	0.011	0.013	-0.094	-0.081	-0.081	-0.081	-0.095	-0.081	-0.08	-0.08	-0.081	-0.096	-0.095	-0.081	-0.081	-0.096	-0.096	-0.081	-0.079	-0.096	-0.081	-0.086	-0.08	-0.084	-0.096	-0.095	-0.081	-0.081	-0.096	-0.095	-0.081	-0.095	-0.097	-0.096	0.035	0.014	-0.088	2016_7_13_13_58_05
FLQS305NGRWM____	-0.023	0.02	0.023	0.023	0.026	-0.021	-0.031	-0.031	0.008	-0.019	0.017	0.023	0.011	-0.031	-0.026	0.023	-0.028	-0.031	0.023	-0.017	0.022	-0.025	-0.031	-0.023	-0.019	-0.021	-0.025	0.015	0.016	0.026	0.011	-0.025	0.005	0.047	0.006	0.006	0.007	0.005	0.045	0.045	0.086	0.003	0.001	0.006	0.046	0.047	0.006	0.006	0.046	0.046	0.006	0.007	0.007	0.001	0.044	0.005	0.006	0.005	0.007	0.046	0.046	0.007	0.044	0.007	-0.475	-0.462	-0.456	-0.456	-0.456	-0.473	-0.482	-0.482	-0.47	-0.472	-0.459	-0.456	-0.466	-0.481	-0.476	-0.456	-0.48	-0.482	-0.456	-0.472	-0.457	-0.475	-0.481	-0.475	-0.473	-0.473	-0.475	-0.463	-0.463	-0.456	-0.466	-0.475	-0.004	0.022	-0.469	2016_7_13_13_58_11
FLQS307KGRWV____	-0.068	-0.022	-0.063	-0.063	-0.06	-0.064	-0.062	-0.062	-0.06	-0.063	-0.063	-0.063	-0.068	-0.063	-0.067	-0.063	-0.059	-0.068	-0.063	-0.061	-0.061	-0.063	-0.112	-0.06	-0.097	-0.064	-0.028	-0.066	-0.021	-0.06	-0.1	-0.028	0.003	0.002	0.004	0.004	0.004	0.004	-0.043	-0.043	-0.043	0.002	0.003	0.004	0.006	0.004	0.007	0.004	0.004	0.005	0.004	0.002	0.004	0.001	-0.043	0.004	0.003	0.004	0.003	0.002	0.002	0.004	0.003	0.003	0.467	0.485	0.469	0.469	0.471	0.468	0.474	0.474	0.475	0.469	0.469	0.469	0.466	0.469	0.467	0.469	0.47	0.466	0.469	0.47	0.47	0.469	0.455	0.469	0.456	0.468	0.482	0.468	0.485	0.471	0.454	0.482	-0.062	-0.002	0.47	2016_7_13_13_58_15
FLQS308YGRWQ____	0.044	0.049	0.005	0.005	0.043	0.042	0.054	0.054	0.013	0.056	0.006	0.005	0.054	0.044	0.043	0.005	0.043	0.054	0.005	0.043	0.043	0.043	0.052	0.002	0.054	0.042	0.048	0.084	0.053	0.043	0.006	0.048	0.008	0.007	0.006	0.006	0.009	0.01	-0.034	-0.034	-0.036	-0.035	0.007	0.006	-0.034	0.007	0.008	0.006	0.008	-0.033	0.006	0.007	0.007	0.006	-0.036	0.007	-0.035	0.01	0.008	0.006	-0.037	0.009	-0.035	0.008	-0.105	-0.102	-0.119	-0.119	-0.105	-0.105	-0.096	-0.096	-0.112	-0.096	-0.119	-0.119	-0.097	-0.105	-0.105	-0.119	-0.105	-0.097	-0.119	-0.105	-0.105	-0.105	-0.096	-0.12	-0.096	-0.105	-0.103	-0.089	-0.097	-0.105	-0.115	-0.103	0.037	-0.006	-0.106	2016_7_13_13_58_19
FLQS309NGRWM____	0.078	0.079	0.08	0.08	0.036	0.089	0.078	0.078	0.079	0.083	0.117	0.08	0.076	0.071	0.037	0.08	0.084	0.073	0.08	0.083	0.076	0.072	0.039	0.074	0.105	0.089	0.076	0.044	0.034	0.036	0.076	0.076	0.008	-0.029	0.009	0.009	0.01	-0.031	0.011	0.011	0.01	-0.034	0.008	0.009	0.01	0.011	0.009	0.009	-0.031	0.009	0.009	-0.032	0.009	0.009	0.011	0.01	0.01	-0.031	0.009	-0.028	0.01	0.01	0.01	0.009	0.575	0.579	0.576	0.576	0.558	0.583	0.575	0.575	0.576	0.582	0.59	0.576	0.574	0.572	0.56	0.576	0.581	0.573	0.576	0.582	0.574	0.573	0.56	0.574	0.586	0.583	0.574	0.566	0.558	0.558	0.574	0.574	0.073	0.001	0.574	2016_7_13_13_58_24
FLQS309QGRWV____	-0.061	-0.047	-0.047	-0.047	-0.07	-0.054	-0.054	-0.054	-0.055	-0.007	-0.049	-0.047	-0.053	-0.091	-0.054	-0.047	-0.097	-0.103	-0.047	-0.098	-0.05	-0.03	-0.055	-0.049	-0.041	-0.054	-0.051	-0.054	-0.049	-0.07	-0.052	-0.051	0.013	0.028	0.027	0.027	0.018	0.07	0.073	0.073	0.074	0.024	0.07	0.027	0.073	0.026	0.072	0.027	0.028	0.073	0.027	0.026	0.024	0.062	0.074	0.027	0.018	0.07	0.025	0.025	0.025	0.018	0.073	0.025	0.502	0.505	0.506	0.506	0.497	0.498	0.498	0.498	0.498	0.522	0.5	0.506	0.498	0.489	0.499	0.506	0.487	0.479	0.506	0.486	0.505	0.508	0.498	0.505	0.509	0.498	0.504	0.504	0.505	0.497	0.499	0.504	-0.056	0.042	0.501	2016_7_13_13_58_28
FLQS309TGRWY____	0.072	0.06	0.024	0.024	0.066	0.064	0.063	0.063	0.065	0.061	0.063	0.024	0.067	0.066	0.067	0.024	0.061	0.068	0.024	0.065	0.067	0.065	0.067	0.063	0.066	0.064	0.069	0.069	0.062	0.066	0.061	0.069	-0.051	-0.051	-0.049	-0.049	-0.052	-0.05	-0.052	-0.052	-0.05	-0.054	-0.049	-0.049	-0.052	-0.052	-0.052	-0.049	-0.014	-0.051	-0.049	-0.05	-0.05	-0.053	-0.051	-0.051	-0.052	-0.05	-0.052	-0.051	-0.051	-0.052	-0.05	-0.052	0.56	0.555	0.542	0.542	0.558	0.558	0.557	0.557	0.557	0.557	0.557	0.542	0.558	0.559	0.558	0.542	0.552	0.559	0.542	0.557	0.558	0.558	0.558	0.557	0.558	0.558	0.56	0.559	0.557	0.558	0.557	0.56	0.059	-0.05	0.555	2016_7_13_16_31_14
FLQS319HGRWY____	0.014	0.043	0.052	0.052	0.005	0.006	-0.003	-0.003	0.043	0.005	0.004	0.052	-0.002	0.048	0.055	0.052	-0.041	0.002	0.052	0.032	0.021	-0.042	0.001	0.003	-0.042	0.006	-0.04	0.006	0.004	0.005	0.002	-0.04	0.003	0.041	-0.001	-0.001	0.044	0.002	0.044	0.044	0.043	0.001	-0.001	-0.001	0.044	0	-0.002	-0.001	0.045	0.044	-0.001	0.082	-0.039	0.046	0.044	0.002	0.045	0.002	0.002	0.002	0.044	0.044	0.039	0.002	-0.582	-0.575	-0.567	-0.567	-0.589	-0.585	-0.593	-0.593	-0.575	-0.585	-0.585	-0.567	-0.591	-0.568	-0.565	-0.567	-0.607	-0.59	-0.567	-0.583	-0.574	-0.608	-0.591	-0.585	-0.607	-0.585	-0.602	-0.585	-0.589	-0.589	-0.591	-0.602	0.011	0.021	-0.585	2016_7_13_16_31_18
FLQS3009GRWQ____	0.041	0.006	0.006	0.006	0.04	0.038	0.082	0.082	0.041	0.003	0.004	0.006	0	0.006	0.043	0.006	0.036	0.042	0.006	0.038	-0.003	0.041	0.003	0.004	0.009	0.038	0.003	0.003	0	0.04	0.002	0.003	-0.004	-0.001	-0.001	-0.001	0.039	0.04	-0.003	-0.003	-0.003	-0.005	-0.002	-0.001	-0.003	0	0.037	-0.001	0.038	-0.005	-0.001	0.039	0.04	-0.003	-0.002	0.002	0.001	0.04	-0.002	-0.002	-0.002	0.039	-0.004	-0.002	0.142	0.128	0.129	0.129	0.138	0.137	0.158	0.158	0.143	0.128	0.128	0.129	0.126	0.128	0.138	0.129	0.136	0.143	0.129	0.136	0.12	0.142	0.127	0.128	0.13	0.137	0.127	0.127	0.126	0.138	0.127	0.127	0.021	0.008	0.133	2016_7_13_16_31_21
FLQS3024GRWM____	0.089	0.093	0.051	0.051	0.083	0.157	0.135	0.135	0.084	0.09	0.09	0.051	0.088	0.098	0.082	0.051	0.094	0.085	0.051	0.09	0.092	0.134	0.04	0.09	0.095	0.157	0.089	0.092	0.095	0.083	0.129	0.089	-0.052	-0.049	-0.05	-0.05	-0.009	-0.005	-0.049	-0.049	-0.003	-0.051	-0.05	-0.05	-0.005	-0.049	-0.01	-0.05	-0.048	-0.006	-0.05	-0.049	-0.047	-0.051	-0.005	-0.052	-0.05	-0.005	-0.051	-0.049	-0.049	-0.009	-0.051	-0.051	-0.004	-0.003	-0.019	-0.019	-0.011	0.017	0.013	0.013	-0.011	-0.004	-0.004	-0.019	-0.01	-0.002	-0.011	-0.019	-0.004	-0.011	-0.019	-0.005	-0.004	0.012	-0.028	-0.004	-0.002	0.017	-0.005	-0.004	-0.002	-0.011	0.011	-0.005	0.092	-0.038	-0.005	2016_7_13_16_31_36
FLQS3047GRWM____	-0.13	-0.089	-0.087	-0.087	-0.091	-0.086	-0.133	-0.133	-0.102	-0.126	-0.089	-0.087	-0.131	-0.127	-0.088	-0.087	-0.09	-0.095	-0.087	-0.128	-0.091	-0.127	-0.13	-0.088	-0.13	-0.086	-0.089	-0.087	-0.091	-0.091	-0.097	-0.089	0.007	0.006	0.009	0.009	0.005	0.008	0.007	0.007	0.048	0.008	0.007	0.009	0.006	0.006	0.006	0.009	0.006	0.046	0.009	0.007	0.008	0.007	0.007	0.005	0.006	0.008	0.007	0.007	0.006	0.005	0.047	0.007	-0.119	-0.103	-0.103	-0.103	-0.104	-0.103	-0.12	-0.12	-0.113	-0.118	-0.103	-0.103	-0.12	-0.118	-0.103	-0.103	-0.104	-0.11	-0.103	-0.119	-0.104	-0.119	-0.12	-0.103	-0.119	-0.103	-0.104	-0.103	-0.105	-0.104	-0.11	-0.104	-0.102	0.011	-0.109	2016_7_13_16_31_39
FLQS3052GRWY____	-0.029	-0.07	-0.077	-0.077	-0.077	-0.079	-0.109	-0.109	-0.11	-0.029	-0.075	-0.077	-0.07	-0.106	-0.108	-0.077	-0.115	-0.103	-0.077	-0.079	-0.115	-0.075	-0.072	-0.075	-0.104	-0.079	-0.069	-0.036	-0.11	-0.077	-0.072	-0.069	0.048	0.007	0.048	0.048	0.049	0.046	0.007	0.007	0.006	0.053	0.051	0.048	0.004	0.007	0.049	0.048	0.05	0.007	0.048	0.048	0.047	0.052	0.006	0.05	0.008	0.046	0.006	0.048	0.006	0.049	0.008	0.006	-0.675	-0.687	-0.694	-0.694	-0.694	-0.694	-0.702	-0.702	-0.702	-0.677	-0.694	-0.694	-0.686	-0.701	-0.706	-0.694	-0.709	-0.7	-0.694	-0.694	-0.709	-0.694	-0.688	-0.694	-0.7	-0.694	-0.687	-0.678	-0.702	-0.694	-0.688	-0.687	-0.082	0.031	-0.694	2016_7_13_16_34_43
FLQS3057GRWM____	-0.049	-0.015	-0.054	-0.054	-0.054	-0.058	-0.019	-0.019	-0.047	-0.056	-0.017	-0.054	-0.049	-0.054	-0.056	-0.054	-0.014	-0.093	-0.054	-0.053	-0.055	-0.094	-0.048	-0.057	-0.019	-0.058	0.028	-0.059	-0.054	-0.054	-0.051	0.028	-0.034	-0.001	0.004	0.004	-0.038	0.002	0.003	0.003	-0.039	0.004	0.003	0.004	-0.036	-0.039	0.008	0.004	-0.002	-0.033	0.004	-0.038	0.004	0.003	-0.037	0.003	0.002	0.002	-0.038	-0.001	0.002	-0.038	-0.038	-0.038	-0.118	-0.109	-0.124	-0.124	-0.12	-0.126	-0.111	-0.111	-0.117	-0.125	-0.11	-0.124	-0.119	-0.12	-0.125	-0.124	-0.108	-0.135	-0.124	-0.12	-0.125	-0.139	-0.118	-0.126	-0.111	-0.126	-0.088	-0.126	-0.124	-0.12	-0.119	-0.088	-0.044	-0.012	-0.119	2016_7_13_16_34_47
FLQS3072GRWV____	-0.247	-0.208	-0.216	-0.216	-0.209	-0.165	-0.202	-0.202	-0.206	-0.207	-0.21	-0.216	-0.206	-0.209	-0.168	-0.216	-0.213	-0.208	-0.216	-0.207	-0.214	-0.207	-0.207	-0.162	-0.208	-0.165	-0.21	-0.204	-0.21	-0.209	-0.258	-0.21	0.018	0.063	0.109	0.109	0.063	0.064	0.02	0.02	0.021	0.064	0.065	0.109	0.019	0.063	0.06	0.109	0.063	0.02	0.109	0.064	0.065	0.062	0.02	0.017	0.064	0.064	0.061	0.018	0.018	0.063	0.022	0.061	-0.113	-0.103	-0.111	-0.111	-0.104	-0.087	-0.096	-0.096	-0.098	-0.103	-0.104	-0.111	-0.098	-0.103	-0.087	-0.111	-0.105	-0.098	-0.111	-0.103	-0.105	-0.102	-0.098	-0.08	-0.103	-0.087	-0.104	-0.097	-0.1	-0.104	-0.117	-0.104	-0.207	0.055	-0.102	2016_7_13_16_34_50
FLQS3084GRWM____	0.033	-0.016	0.087	0.087	-0.02	-0.013	0.07	0.07	0.022	-0.061	0.025	0.087	-0.019	0.025	0.022	0.087	0.029	0.027	0.087	0.039	0.042	0.029	-0.014	0.033	0.027	-0.013	-0.016	-0.017	-0.016	-0.02	-0.015	-0.016	-0.003	-0.002	-0.046	-0.046	-0.006	-0.045	-0.006	-0.006	-0.004	0	-0.002	-0.046	-0.005	-0.005	-0.04	-0.046	-0.004	-0.005	-0.046	-0.043	-0.044	-0.002	-0.004	-0.046	-0.004	-0.045	-0.003	-0.003	-0.004	-0.006	-0.004	-0.003	-0.019	-0.037	0.006	0.006	-0.039	-0.032	-0.004	-0.004	-0.023	-0.055	-0.022	0.006	-0.038	-0.022	-0.082	0.006	-0.02	-0.021	0.006	-0.013	-0.011	-0.02	-0.037	-0.014	-0.021	-0.032	-0.038	-0.038	-0.038	-0.039	-0.037	-0.038	0.021	-0.018	-0.024	2016_7_13_16_34_52
FLQS3160GRWY____	-0.209	-0.251	-0.25	-0.25	-0.246	-0.26	-0.222	-0.222	-0.252	-0.211	-0.219	-0.25	-0.255	-0.212	-0.255	-0.25	-0.219	-0.241	-0.25	-0.218	-0.248	-0.214	-0.242	-0.213	-0.219	-0.26	-0.254	-0.25	-0.249	-0.246	-0.256	-0.254	0.066	0.068	0.067	0.067	0.067	0.107	0.108	0.108	0.067	0.066	0.107	0.067	0.109	0.066	0.107	0.067	0.11	0.021	0.067	0.109	0.067	0.108	0.021	0.108	0.107	0.107	0.109	0.067	0.067	0.067	0.066	0.109	0.061	0.045	0.045	0.045	0.047	0.037	0.051	0.051	0.045	0.06	0.052	0.045	0.039	0.06	0.039	0.045	0.052	0.053	0.045	0.053	0.046	0.055	0.053	0.055	0.053	0.037	0.04	0.045	0.046	0.047	0.043	0.04	-0.239	0.082	0.048	2016_7_13_16_34_55
