SN	Distance_X_LOGO_Battery_Rigth1	Distance_X_LOGO_Battery_Rigth2	Distance_X_LOGO_3	Distance_X_LOGO_4	Distance_X_LOGO_5	Distance_X_LOGO_6	Distance_X_LOGO_7	Distance_X_LOGO_8	Distance_X_LOGO_9	Distance_X_LOGO_10	Distance_X_LOGO_11	Distance_X_LOGO_12	Distance_X_LOGO_13	Distance_X_LOGO_14	Distance_X_LOGO_15	Distance_X_LOGO_16	Distance_X_LOGO_17	Distance_X_LOGO_18	Distance_X_LOGO_19	Distance_X_LOGO_20	Distance_X_LOGO_21	Distance_X_LOGO_22	Distance_X_LOGO_23	Distance_X_LOGO_24	Distance_X_LOGO_25	Distance_X_LOGO_26	Distance_X_LOGO_27	Distance_X_LOGO_28	Distance_X_LOGO_29	Distance_X_LOGO_30	Distance_X_LOGO_31	Distance_X_LOGO_32	Distance_Y_LOGO_Battery_Rigth1	Distance_Y_LOGO_Battery_Rigth2	Distance_Y_LOGO_3	Distance_Y_LOGO_4	Distance_Y_LOGO_5	Distance_Y_LOGO_6	Distance_Y_LOGO_7	Distance_Y_LOGO_8	Distance_Y_LOGO_9	Distance_Y_LOGO_10	Distance_Y_LOGO_11	Distance_Y_LOGO_12	Distance_Y_LOGO_13	Distance_Y_LOGO_14	Distance_Y_LOGO_15	Distance_Y_LOGO_16	Distance_Y_LOGO_17	Distance_Y_LOGO_18	Distance_Y_LOGO_19	Distance_Y_LOGO_20	Distance_Y_LOGO_21	Distance_Y_LOGO_22	Distance_Y_LOGO_23	Distance_Y_LOGO_24	Distance_Y_LOGO_25	Distance_Y_LOGO_26	Distance_Y_LOGO_27	Distance_Y_LOGO_28	Distance_Y_LOGO_29	Distance_Y_LOGO_30	Distance_Y_LOGO_31	Distance_Y_LOGO_32	Angle_Battery_Rigth1	Angle_Battery_Rigth2	Angle_3	Angle_4	Angle_5	Angle_6	Angle_7	Angle_8	Angle_9	Angle_10	Angle_11	Angle_12	Angle_13	Angle_14	Angle_15	Angle_16	Angle_17	Angle_18	Angle_19	Angle_20	Angle_21	Angle_22	Angle_23	Angle_24	Angle_25	Angle_26	Angle_27	Angle_28	Angle_29	Angle_30	Angle_31	Angle_32	Average_X	Average_Y	Average_Angle	Date_time
FLQS2BJ4GRX5____	0.056	0.08	0.08	0.056	0.071	0.005	0.196	0.056	-0.043	0.155	0.005	-0.045	0.132	0.067	0.185	-0.022	0.114	0.056	0.056	0.115	0.056	0.087	0.008	-0.041	0.009	0.008	0.01	0.015	0.182	0.105	0.102	0.056	-0.002	0.12	-0.084	0.122	0.128	-0.009	-0.005	-0.015	-0.004	-0.002	0.013	-0.002	-0.004	0.013	0.093	-0.053	0.062	0.104	0.018	0.103	0.051	0.013	0.05	0.013	-0.056	0.055	-0.002	-0.064	0.06	-0.004	-0.07	-0.013	0.023	0.016	0.044	0.006	0.011	0.003	0.081	-0.039	0.01	0.09	0.019	0.031	0.054	-0.017	0.062	-0.002	0.037	0.009	0.087	0.032	-0.044	0.033	-0.004	0.009	0.011	-0.005	-0.026	0.014	0.065	0.043	0.051	-0.044	0.062	0.02	0.021	2016_7_13_17_25_07
FLQS2C6NGRX5____	-0.088	-0.07	-0.059	-0.198	-0.078	-0.019	-0.069	-0.133	-0.017	0.065	-0.196	-0.009	-0.012	-0.078	-0.061	-0.18	-0.066	-0.146	-0.015	-0.135	-0.173	-0.017	-0.142	0.062	-0.091	-0.078	0.04	-0.088	-0.015	-0.14	-0.088	-0.091	-0.007	-0.07	-0.133	0.063	0.004	0.009	0.001	-0.059	0.065	-0.12	0.023	-0.113	-0.001	-0.117	0.061	-0.009	0.002	-0.007	-0.053	-0.112	0.002	-0.009	-0.054	-0.122	-0.001	-0.13	-0.007	-0.009	-0.054	-0.009	-0.009	-0.009	-0.132	-0.019	-0.006	-0.089	0.048	-0.009	-0.028	-0.045	-0.016	0.043	-0.082	0.012	-0.025	-0.016	-0.033	-0.091	-0.027	-0.033	0.001	-0.039	-0.104	-0.023	-0.05	0.042	-0.037	-0.089	-0.003	-0.053	0.001	-0.075	-0.129	-0.153	-0.074	-0.031	-0.039	2016_7_13_17_25_13
FLQS2C9EGRX5____	-0.025	0.011	-0.064	0.001	-0.12	-0.025	0.125	0.029	-0.118	0.027	0.025	0	-0.119	0.001	-0.057	-0.002	0.115	0.033	-0.115	-0.056	-0.001	-0.002	0.126	-0.147	0.047	-0.002	-0.054	-0.058	-0.053	0.001	-0.002	0.059	0.102	0.119	0.021	0.06	0.002	0.003	0.061	0.002	0.003	-0.052	-0.012	0.008	-0.054	0.063	0.124	0.008	0.073	0.002	-0.051	0.061	-0.065	-0.066	-0.044	-0.012	-0.013	0.021	-0.042	-0.108	0.118	0.128	0.008	0.063	-0.698	-0.687	-0.725	-0.682	-0.723	-0.819	-0.632	-0.703	-0.696	-0.656	-0.663	-0.655	-0.715	-0.682	-0.715	-0.677	-0.637	-0.627	-0.714	-0.705	-0.665	-0.598	-0.617	-0.696	-0.653	-0.606	-0.691	-0.683	-0.712	-0.614	-0.767	-0.659	-0.013	0.017	-0.68	2016_7_13_17_25_18
FLQS2CKUGRX5	-0.131	-0.068	-0.061	-0.003	-0.065	0.071	-0.07	-0.054	-0.065	-0.181	-0.138	-0.07	-0.002	-0.054	-0.188	-0.054	-0.065	-0.173	-0.054	0.063	-0.07	-0.07	-0.054	0.065	-0.002	-0.054	-0.065	0.016	-0.07	-0.061	-0.122	-0.03	0.073	0.05	0.189	0.142	0.073	-0.057	-0.051	0.069	0.069	0.082	0.06	0.07	-0.058	0.082	0.175	0.082	0.066	0.066	0.069	0.06	0.184	0.052	0.073	-0.057	-0.001	-0.045	0.073	-0.005	0.069	0.122	0.058	0.191	-0.1	-0.035	-0.111	-0.021	-0.062	0.037	0.073	0.067	-0.066	-0.085	-0.037	-0.038	0.008	0.044	-0.101	-0.014	-0.068	-0.08	-0.032	0.017	-0.054	-0.115	-0.134	0.034	-0.001	0.1	0.063	0.008	-0.102	-0.042	-0.058	-0.039	-0.059	0.063	-0.029	2016_7_13_17_25_23
FLQS2F0LGRX5____	0.029	0.036	0.14	0.107	-0.054	0.01	0.029	0.104	0.029	0.133	0.029	0.036	-0.108	0.001	0.004	-0.088	0.036	0.068	-0.114	0.003	0.029	0.068	-0.07	-0.113	0.01	0.07	0.001	0.064	0.029	0.036	0.143	0.112	-0.012	-0.012	0	-0.012	0.054	-0.123	0.073	-0.012	-0.05	-0.012	0	-0.007	-0.012	0.004	0.055	-0.042	0.006	-0.067	-0.009	-0.042	-0.086	0.065	-0.042	-0.137	0.009	-0.042	-0.01	-0.042	-0.131	0.065	-0.109	0.072	-0.039	-0.075	0.057	0.007	-0.03	-0.059	0.061	0.068	0.109	0.017	0.115	0.015	-0.043	0	-0.006	-0.007	0.08	0.038	-0.045	0.007	0.023	0.019	0.001	-0.027	0.002	0.078	0.001	0.087	-0.053	0.067	0.074	0.035	0.025	-0.019	0.018	2016_7_13_17_25_28
FLQS30AEGRWV____	-0.114	0.012	0.108	0.093	0.066	0.001	-0.113	0.055	0.069	0.066	-0.04	-0.002	-0.001	-0.006	-0.058	-0.055	-0.061	-0.006	-0.002	-0.113	-0.108	-0.004	0.052	-0.006	0.003	0.11	-0.111	0.051	0.069	-0.108	0.063	-0.001	0.002	-0.074	0.005	-0.005	-0.005	-0.005	-0.005	0.126	0.005	0.064	-0.005	0.065	0.059	0.002	-0.062	-0.001	-0.005	0.002	-0.06	-0.133	-0.124	0.06	-0.06	0.005	0.005	0.062	0.097	0.056	0.005	-0.06	-0.001	-0.004	-0.047	0.016	0.001	0.075	-0.013	0.002	-0.016	0.005	0.027	0.018	0.037	0.087	0.111	-0.041	-0.015	0.005	0.04	-0.07	0.007	-0.027	-0.027	-0.01	0.086	-0.045	-0.024	0.036	-0.059	0.013	-0.019	0.03	0.026	0	-0.003	0	0.006	2016_7_13_17_25_40
FLQS30BJGRWV____	0.128	0.059	0.012	0.059	0.122	0.061	0.067	0.109	0.187	0.189	0.1	0.059	0.067	0.178	-0.055	0.087	0.001	0.067	0.001	0.126	-0.06	0.007	0.087	0.126	-0.002	0.06	0.067	0.164	0.182	0.109	0.061	0.002	-0.058	-0.008	-0.004	-0.063	-0.002	-0.068	-0.011	-0.058	0.002	0.062	-0.058	-0.069	-0.197	0.059	-0.187	-0.015	-0.063	-0.117	-0.184	-0.058	-0.068	-0.078	-0.058	-0.058	-0.197	-0.006	-0.058	0.002	0.008	-0.109	-0.014	-0.132	0.087	0.025	0.005	-0.085	0.049	0.034	-0.055	0.089	0.076	0.068	-0.015	-0.11	-0.048	0.064	0.003	0.038	0.009	0.043	0.025	0.059	-0.015	0.014	0.061	0.026	0.027	0.025	0.162	0.066	0.073	0.059	0.026	0.019	0.076	-0.058	0.028	2016_7_13_17_25_46
FLQS30BWGRWY____	-0.067	-0.021	-0.117	-0.122	-0.131	-0.188	-0.117	-0.038	-0.122	-0.03	0	-0.184	-0.126	-0.134	-0.063	-0.073	-0.245	-0.043	-0.129	-0.129	-0.065	-0.129	-0.117	-0.117	-0.057	-0.178	-0.117	0.006	-0.134	-0.131	-0.134	-0.134	-0.005	0.14	0	-0.061	-0.001	-0.004	0	0	-0.004	-0.13	0	0.109	0.046	0	-0.117	-0.013	-0.013	0.064	-0.002	-0.129	-0.058	0.07	-0.013	0	-0.002	-0.004	0.088	0	0.118	0.111	0.052	-0.081	-0.027	-0.028	-0.088	-0.041	-0.054	-0.075	-0.007	-0.057	-0.124	0.006	0	-0.09	-0.057	-0.106	-0.009	0.017	-0.098	-0.026	-0.052	-0.113	-0.018	0.02	-0.015	-0.149	0.01	-0.071	-0.122	-0.048	-0.189	-0.068	-0.062	-0.138	-0.106	0.005	-0.059	2016_7_13_17_25_51
FLQS30CMGRWQ____	0.168	0.022	0.203	0.067	0.192	0.129	0.079	0.061	0.253	0.229	0.185	0.23	0.129	0.07	0.008	0.129	0.076	0.129	0.079	0.245	0.137	0.129	0.25	0.129	0.028	0.13	0.19	0.24	0.014	0.079	0.079	0.129	-0.01	0.017	0.071	0.061	0.072	0.082	-0.061	0.017	0.017	-0.074	0.116	0.017	-0.002	0.071	0.066	0.061	0.007	0.017	0.066	0.061	0.01	0.017	0.069	0.017	0.017	-0.041	0.072	0.017	-0.052	-0.055	0.01	-0.061	0.58	0.543	0.582	0.528	0.578	0.623	0.445	0.508	0.583	0.613	0.568	0.601	0.465	0.528	0.503	0.523	0.539	0.452	0.532	0.573	0.564	0.524	0.602	0.518	0.543	0.568	0.577	0.581	0.522	0.403	0.525	0.498	0.132	0.022	0.54	2016_7_13_17_25_57
FLQS30D5GRWQ____	-0.127	-0.07	-0.11	-0.07	-0.129	-0.012	-0.066	-0.017	-0.011	-0.07	-0.07	-0.124	-0.07	-0.131	-0.066	-0.03	-0.018	0.062	-0.07	-0.066	-0.033	-0.026	-0.07	-0.07	0	-0.07	-0.003	-0.191	-0.07	-0.066	0.032	-0.012	0.074	0	0.058	0.139	-0.045	0.026	0.07	0.021	0.072	0.064	0.058	0.191	0.087	0.007	0.142	0.058	0.186	0.058	0.007	0.012	0.07	0.064	0.073	0.058	-0.07	0.085	-0.046	0.064	0.058	0.058	0.072	0.192	-0.062	-0.029	-0.02	-0.12	-0.046	-0.008	0.058	-0.009	-0.042	-0.102	-0.04	-0.077	0.034	-0.054	0.036	0.012	-0.033	0.017	-0.029	-0.029	-0.023	-0.04	-0.133	-0.147	0.01	0.074	0.006	-0.087	-0.127	-0.045	0.004	-0.032	-0.058	0.061	-0.034	2016_7_13_17_26_03
FLQS30DZGRWV	-0.124	-0.013	-0.128	-0.146	-0.084	-0.084	-0.066	-0.07	-0.073	-0.07	-0.193	-0.084	-0.194	-0.136	-0.013	-0.149	-0.01	-0.135	-0.061	-0.117	-0.059	-0.084	-0.066	-0.001	-0.063	-0.069	0.005	-0.073	-0.084	-0.084	-0.073	-0.084	-0.008	-0.054	-0.054	-0.047	-0.063	-0.063	-0.047	-0.14	-0.065	0.002	-0.079	-0.126	-0.067	-0.067	-0.054	-0.123	0	0.062	0.056	-0.054	-0.006	-0.063	-0.184	-0.047	-0.134	-0.116	-0.008	-0.134	-0.047	-0.047	-0.054	-0.123	-0.723	-0.604	-0.691	-0.659	-0.657	-0.737	-0.585	-0.683	-0.695	-0.623	-0.741	-0.751	-0.717	-0.721	-0.672	-0.718	-0.678	-0.737	-0.707	-0.737	-0.697	-0.638	-0.675	-0.691	-0.681	-0.686	-0.729	-0.776	-0.623	-0.742	-0.653	-0.758	-0.084	-0.061	-0.693	2016_7_13_17_26_09
FLQS30E9GRWY____	-0.065	-0.034	-0.071	0.019	-0.067	0.016	-0.129	-0.094	0.053	-0.065	-0.193	-0.12	-0.078	-0.067	-0.13	-0.07	-0.181	0.039	-0.183	0.041	-0.011	-0.027	-0.027	0.031	-0.142	-0.01	-0.195	-0.191	0.051	-0.008	-0.065	-0.006	0.11	-0.007	0.007	0.129	0.181	0.032	0.064	0.064	0.136	0.085	0.002	0.049	0.125	-0.006	0.116	0.085	-0.001	0.134	0.058	0.062	0.186	0.13	0.124	0.187	0.058	0.223	0.064	0.063	0.18	0.063	0.085	0.064	0.733	0.661	0.644	0.664	0.622	0.676	0.612	0.651	0.677	0.658	0.594	0.618	0.625	0.573	0.604	0.653	0.6	0.672	0.592	0.682	0.643	0.645	0.645	0.66	0.641	0.639	0.609	0.613	0.67	0.661	0.719	0.609	-0.062	0.089	0.643	2016_7_13_17_26_14
FLQS30G5GRWY____	0.141	0.21	0.029	0.166	0.261	0.141	0.085	0.174	0.206	0.24	0.166	0.207	0.027	0.203	0.017	0.146	0.213	0.011	0.153	0.196	0.153	0.166	0.137	0.153	0.141	0.265	0.012	0.14	0.081	0.256	0.153	0.149	-0.111	-0.111	-0.187	-0.054	-0.187	-0.229	-0.062	-0.111	-0.007	-0.111	-0.111	-0.111	-0.199	-0.001	-0.187	-0.131	-0.123	-0.13	-0.009	-0.061	-0.127	-0.133	-0.111	-0.111	-0.001	-0.065	-0.111	-0.064	-0.126	-0.01	-0.111	-0.065	0.721	0.818	0.712	0.82	0.806	0.763	0.717	0.728	0.759	0.787	0.731	0.793	0.713	0.757	0.707	0.752	0.777	0.697	0.737	0.762	0.816	0.852	0.693	0.683	0.731	0.765	0.722	0.74	0.725	0.779	0.698	0.743	0.15	-0.102	0.75	2016_7_13_17_26_18
FLQS30GCGRWY____	-0.05	-0.06	-0.001	-0.055	-0.061	-0.189	0.051	-0.024	-0.061	-0.06	0.004	-0.172	-0.18	-0.065	0.012	0.015	-0.062	-0.003	-0.065	-0.06	-0.124	-0.065	-0.065	0.043	-0.055	-0.005	-0.186	-0.129	-0.01	-0.06	-0.065	-0.065	-0.127	-0.029	-0.072	-0.072	-0.072	-0.065	-0.127	-0.05	-0.011	0.072	-0.127	-0.072	-0.129	-0.072	-0.004	-0.072	-0.181	-0.072	-0.066	0.063	-0.065	0.055	0	-0.072	-0.072	-0.186	-0.072	-0.134	-0.13	-0.066	-0.072	-0.01	-0.003	-0.02	0.043	0.001	-0.015	-0.068	0.039	-0.003	-0.023	-0.034	0.071	-0.026	-0.056	-0.08	0.006	0.069	0	0.008	-0.096	-0.033	-0.067	-0.116	0.057	-0.013	-0.048	0.024	-0.066	-0.034	0.014	-0.06	-0.081	-0.025	-0.058	-0.066	-0.02	2016_7_13_17_26_32
FLQS30GQGRWV____	5.872	5.817	5.867	5.863	5.937	5.814	5.69	5.882	5.818	5.879	5.933	5.759	5.817	5.757	5.888	5.818	5.69	5.818	5.939	5.739	5.882	5.71	5.841	5.93	5.814	5.934	5.807	5.807	5.701	5.756	5.814	5.81	5.795	5.972	5.966	6.016	6.035	5.784	5.9	5.905	5.909	5.859	5.904	5.909	5.91	5.845	5.9	5.97	5.796	5.852	5.912	6.019	5.786	5.853	5.901	5.9	5.9	5.965	5.9	5.857	5.842	5.961	5.849	5.908	-88.161	-88.21	-88.184	-88.197	-88.163	-88.3	-88.212	-88.167	-88.194	-88.17	-88.152	-88.217	-88.193	-88.209	-88.171	-88.212	-88.229	-88.191	-88.15	-88.244	-88.16	-88.232	-88.188	-88.124	-88.23	-88.158	-88.295	-88.197	-88.234	-88.233	-88.194	-88.202	5.825	5.899	-88.199	2016_7_13_17_26_40
FLQS30H6GRWV____	0.073	-0.001	0.073	0.201	0.197	0.007	0.073	0.073	0.126	0.073	0.196	0.132	0.196	0.069	0.073	0.19	0.073	0.069	0.064	0.068	0.008	0.008	0.068	0.126	0.073	0.073	0.182	0.063	-0.047	0.001	0.011	-0.001	-0.043	-0.055	-0.043	-0.043	-0.043	-0.055	-0.12	-0.122	-0.186	-0.043	0.074	-0.043	-0.136	-0.059	-0.055	-0.043	0.074	-0.117	-0.177	-0.127	-0.055	-0.126	0.076	-0.043	-0.062	-0.117	-0.043	-0.186	-0.189	0.075	0.074	-0.043	0.634	0.614	0.723	0.696	0.69	0.618	0.795	0.682	0.713	0.671	0.659	0.633	0.734	0.671	0.623	0.683	0.681	0.679	0.686	0.588	0.646	0.656	0.652	0.649	0.736	0.609	0.679	0.687	0.642	0.625	0.629	0.606	0.081	-0.062	0.665	2016_7_13_17_26_45
FLQS30HZGRWY____	0.021	0.055	-0.016	0.021	-0.008	0.117	-0.069	0.057	0.007	0.051	0.022	0.048	-0.059	0.007	-0.034	0.057	0.002	-0.047	-0.009	0.065	-0.054	0.049	0.094	0.024	0.054	0.005	-0.007	-0.12	0.052	0.007	0.005	0.002	-0.053	-0.072	-0.069	-0.053	0.048	0.046	-0.02	-0.079	-0.129	0.095	-0.053	0.043	-0.073	-0.053	-0.012	-0.072	-0.053	-0.131	-0.074	-0.053	-0.121	0.063	-0.019	-0.056	-0.073	-0.074	-0.131	0.037	-0.074	-0.069	0.036	-0.077	0.176	0.097	0.067	0.127	0.054	0.106	0.039	0.098	0.011	0.072	0.058	0.078	0.051	0.154	0.053	0.097	0.072	0.063	0.071	0.126	0.059	0.075	0.105	0.082	0.096	0.004	0.079	0.011	0.095	0.077	0.061	0.002	0.012	-0.043	0.075	2016_7_13_17_26_52
FLQS30K1GRWY____	-0.008	-0.048	-0.018	-0.106	-0.12	-0.068	0.112	0.047	-0.123	-0.002	0.033	0.056	-0.002	-0.018	0.045	0.044	-0.113	0.106	-0.123	0.003	-0.002	-0.018	0.057	-0.01	-0.018	-0.017	-0.142	-0.056	-0.003	-0.017	-0.005	-0.018	0.198	0.2	0.053	0.146	0.131	0.005	0.146	0.125	0.125	0.063	0.201	0.247	0.071	0.125	0.125	0.199	0.125	0.193	0.125	0.125	0.071	0.003	0.125	-0.001	0.125	0.125	0.256	0.125	0.072	0.125	0.189	0.174	-0.031	-0.047	-0.079	-0.064	-0.067	-0.029	0.026	-0.054	-0.043	-0.009	-0.015	-0.013	-0.012	0.001	-0.034	-0.01	-0.04	0.016	-0.045	0.018	-0.011	-0.096	0.077	-0.004	-0.05	0.029	-0.094	-0.041	-0.011	0.023	-0.029	-0.118	-0.017	0.129	-0.027	2016_7_13_17_26_57
FLQS30K3GRWY____	-0.103	0.107	0.136	0.059	0.118	0.015	0.015	0.05	0.122	-0.017	0.064	-0.061	-0.06	-0.119	-0.118	-0.123	-0.068	-0.116	-0.063	0.062	0.127	0.015	-0.008	0.06	0.015	0.118	0.015	-0.111	-0.001	-0.003	-0.009	0.015	-0.043	-0.111	-0.062	-0.012	0.054	0.106	0.009	-0.043	-0.012	-0.156	-0.012	-0.136	-0.07	-0.132	-0.012	-0.064	-0.137	0.104	0.043	-0.069	-0.012	-0.012	0.005	-0.012	-0.012	0.047	-0.012	0.036	0.052	-0.123	-0.063	-0.06	-0.036	0.059	0.064	-0.005	0.04	-0.008	0.151	0.051	0.033	0.015	0.009	-0.006	-0.014	-0.03	-0.046	-0.041	-0.009	-0.062	-0.032	0.035	0.026	-0.079	-0.005	-0.005	0.144	0.042	0.049	-0.05	-0.008	0.016	0.005	0.081	0.004	-0.029	0.012	2016_7_13_17_27_04
FLQS30K5GRWY____	0.025	0.109	0.075	0.113	0.087	0.075	0.038	-0.045	0.038	0.076	-0.045	0.075	0.075	0.075	0.089	0.213	0.204	0.129	0.193	0.075	0.08	0.011	0.013	0.01	0.038	0.075	0.008	0.192	0.141	0.024	0.075	0.087	-0.026	-0.074	-0.074	-0.111	0.05	-0.18	-0.074	-0.126	-0.015	-0.074	-0.111	-0.125	-0.175	-0.005	-0.074	-0.009	-0.074	-0.137	0.049	-0.111	-0.138	-0.012	-0.139	-0.074	-0.111	-0.128	-0.19	-0.074	-0.074	-0.074	-0.187	-0.074	0.014	0.027	0.011	-0.001	0.028	0.171	-0.03	0	-0.043	0.075	0.054	-0.024	0.156	0.031	0.028	0.088	0.024	0.072	0.071	0.122	0.052	0.007	0.024	0.014	0.063	-0.021	0.029	0.061	0.091	-0.041	0.056	0.052	0.076	-0.086	0.039	2016_7_13_17_27_10
FLQS30MEGRWV____	0.244	0.296	0.35	0.111	0.279	0.206	0.265	0.204	0.157	0.21	0.175	0.271	0.27	0.215	0.266	0.276	0.151	0.156	0.218	0.266	0.274	0.335	0.244	0.318	0.218	0.159	0.244	0.288	0.209	0.322	0.32	0.244	0.186	0.14	0.28	0.14	0.219	0.082	0.085	0.145	0.186	0.145	0.14	0.025	0.142	0.199	0.145	0.072	0.263	0.081	0.261	0.14	0.193	0.209	0.14	0.196	0.015	0.215	0.142	0.145	0.202	0.141	0.086	0.017	0.747	0.813	0.778	0.7	0.757	0.747	0.771	0.71	0.712	0.766	0.771	0.781	0.765	0.734	0.763	0.776	0.699	0.726	0.726	0.763	0.759	0.782	0.815	0.776	0.747	0.709	0.717	0.713	0.731	0.786	0.793	0.704	0.242	0.149	0.751	2016_7_13_17_27_15
FLQS30MJGRWV____	-0.025	-0.119	-0.131	-0.022	0.053	-0.068	-0.018	-0.183	-0.206	0.049	-0.072	-0.137	-0.202	-0.137	-0.026	-0.131	-0.206	-0.017	-0.018	-0.081	-0.081	-0.043	-0.026	-0.087	-0.131	-0.011	-0.087	-0.137	0.033	-0.087	-0.016	-0.028	-0.002	0.059	0.063	0.031	0.059	0.181	-0.055	0.063	0.131	0.068	0.031	-0.003	0.061	0.005	0.067	0.064	0.001	-0.061	0.01	0.031	0.127	0.013	0.059	-0.001	0.059	0.154	0.031	0.126	0.012	0.031	0.007	0.129	-0.01	-0.032	-0.062	0.008	-0.013	-0.052	0.001	-0.083	-0.102	0.01	0.004	-0.056	-0.091	-0.056	-0.02	-0.061	-0.084	0.001	-0.008	-0.007	-0.112	-0.019	-0.019	-0.035	-0.079	-0.025	-0.107	-0.073	0.012	-0.074	-0.008	-0.029	-0.075	0.049	-0.04	2016_7_13_17_27_29
FLQS30MKGRWV____	-0.051	0.006	0	0.054	-0.009	-0.051	-0.122	-0.008	-0.06	-0.181	-0.051	-0.051	-0.075	-0.009	-0.064	-0.175	-0.062	0.007	-0.051	-0.051	-0.051	-0.051	-0.165	-0.051	-0.083	0.006	-0.129	-0.009	-0.103	-0.064	-0.057	-0.051	-0.127	0.014	0.008	-0.009	-0.04	-0.101	-0.009	-0.009	0.008	0.079	0.018	-0.009	-0.051	-0.004	-0.05	0.134	-0.004	-0.009	0.059	-0.008	-0.043	0.13	-0.04	-0.009	0.014	0.065	-0.117	-0.009	-0.005	0.006	-0.009	-0.057	-0.1	-0.096	-0.098	-0.05	-0.095	-0.035	-0.12	-0.125	-0.122	-0.182	-0.181	-0.057	-0.121	-0.071	-0.116	-0.187	-0.121	-0.071	-0.056	-0.218	-0.042	-0.068	-0.13	-0.176	-0.184	-0.104	-0.133	-0.063	-0.138	-0.123	-0.16	-0.213	-0.057	-0.006	-0.117	2016_7_13_17_27_35
FLQS30MRGRWY____	0.058	0.012	0.093	0.053	0.01	0.069	0.143	0.099	-0.002	0.202	-0.012	0.126	0.12	-0.06	0.126	0.027	0.186	0.183	0.066	0.124	0.069	0.057	-0.058	-0.001	0.098	0.013	0.069	0.066	0.069	0.069	0.122	0.057	0.05	-0.078	-0.015	-0.004	-0.013	0.009	-0.015	0.042	-0.024	-0.002	-0.059	-0.116	-0.059	-0.005	-0.071	-0.013	-0.006	-0.015	-0.024	-0.013	-0.068	-0.013	-0.002	-0.024	-0.024	-0.073	0.009	-0.079	-0.112	-0.002	-0.003	-0.117	0.016	0.015	0.071	0.022	0.006	0.025	0.035	0.035	0.025	0.045	0.003	0.067	0.057	-0.024	0.061	0.053	0.077	0.077	0.03	0.017	0.038	0.022	-0.079	-0.02	0.02	0.016	0.025	-0.058	-0.046	0.098	0.05	0.039	0.07	-0.03	0.026	2016_7_13_17_27_40
FLQS30NWGRWV____	0.117	0.03	-0.005	0.058	0.117	-0.007	-0.01	0.061	0.176	0.195	0.053	0.117	0.174	0.113	0.219	0.233	0.113	0.171	0.113	0.117	0.117	0.171	0.113	0.243	0.053	0	0.183	0.18	0.058	0.113	0.18	0.117	-0.049	-0.057	-0.19	-0.134	0.056	-0.07	-0.057	-0.065	-0.001	-0.049	-0.049	0.065	-0.057	-0.132	-0.006	-0.134	-0.049	-0.016	-0.135	0.049	0.062	-0.06	-0.057	-0.071	-0.065	-0.138	-0.127	-0.06	-0.07	-0.073	-0.12	-0.18	0.062	-0.059	-0.03	-0.011	0.089	-0.047	-0.003	0.026	0.018	0.032	-0.063	0.082	0.025	-0.059	0.036	0.059	-0.035	0.018	-0.071	0.06	0.075	0.095	0.018	0.055	-0.024	-0.034	0.038	0.028	-0.021	0.002	0.036	0.018	0.115	-0.064	0.013	2016_7_13_17_27_46
FLQS30PHGRWY____	0.069	-0.034	-0.051	0.037	-0.062	0.008	-0.049	0.005	0.003	0	-0.084	0	0.002	0.07	0.003	-0.003	-0.004	-0.117	0.008	0.008	-0.065	0.028	0.107	-0.015	-0.003	0.076	0.057	-0.005	-0.003	-0.122	0.005	0.008	0.106	0.003	0.125	0.014	-0.048	-0.014	0.014	0.004	-0.055	-0.069	0.01	0.057	0.003	0.116	-0.117	0.056	0.001	0.058	-0.069	0.009	0.118	0.003	0.003	0.001	-0.123	0.067	0.006	0.014	0.006	0.009	0.003	-0.035	0.004	0.002	-0.047	-0.059	-0.028	-0.084	-0.053	0.054	-0.104	0.001	-0.045	0.046	-0.009	0.003	0.008	-0.018	0.016	-0.065	0.004	0.094	-0.052	0.002	0.007	-0.016	0.006	0.013	0.013	-0.013	-0.011	-0.06	-0.008	0.067	-0.004	0.009	-0.01	2016_7_13_17_27_52
FLQS30Q9GRWY____	-0.12	-0.062	-0.055	-0.12	0.042	-0.075	-0.13	-0.038	0.047	-0.132	-0.051	-0.085	-0.023	-0.174	-0.081	-0.115	-0.085	-0.081	-0.004	-0.083	-0.085	-0.006	-0.083	-0.054	-0.118	-0.085	-0.139	-0.131	0.003	-0.123	-0.156	-0.032	0.016	0.074	0.062	-0.114	0.068	0.013	-0.053	0.016	0.016	-0.101	0.01	-0.088	0.01	0.001	0.113	0.016	-0.133	0.002	0.013	0.016	0.01	0.016	0.016	0.01	0.135	-0.13	0.016	-0.052	0.016	0.123	0.001	-0.063	-0.076	-0.035	-0.031	-0.033	0.008	-0.032	-0.046	-0.044	-0.01	-0.039	-0.045	0.059	-0.011	-0.025	-0.049	0.013	-0.09	-0.094	-0.028	-0.01	0.008	-0.005	-0.095	-0.073	-0.067	-0.077	-0.023	-0.046	-0.058	-0.067	-0.063	-0.004	-0.076	0.002	-0.037	2016_7_13_17_27_59
FLQS30QXGRWV____	0.049	-0.055	-0.009	0.051	-0.007	-0.012	-0.12	-0.012	-0.129	0.111	-0.012	-0.006	-0.135	-0.008	0.054	-0.008	0.117	0.051	0.115	-0.004	-0.012	0.051	-0.004	-0.009	-0.012	-0.119	0.039	0.056	0.053	0.124	-0.071	-0.071	0.073	-0.129	0.002	0.002	0.13	0.002	0.117	-0.119	-0.004	0.058	0.002	-0.057	-0.058	0.061	-0.058	-0.115	0.058	-0.058	0.058	0.131	0.122	-0.002	-0.053	0.002	-0.008	-0.004	0.002	0.063	-0.049	0.065	0.002	-0.004	-0.026	-0.04	0.027	-0.014	-0.055	0.019	-0.1	-0.089	-0.087	-0.025	-0.062	-0.029	-0.081	-0.046	-0.005	-0.083	-0.023	-0.006	0.003	-0.055	-0.131	-0.015	-0.087	-0.073	-0.039	-0.082	0.034	-0.021	-0.006	0.007	-0.027	-0.063	0.002	0.007	-0.04	2016_7_13_17_28_05
FLQS30T7GRWV____	0.064	-0.087	0.003	0	0	0.055	-0.001	-0.036	0.057	-0.087	-0.031	0.003	0.057	-0.001	0.003	-0.062	0	-0.093	-0.059	0.055	-0.115	-0.096	0.037	0.003	-0.001	0.072	0	-0.011	-0.07	-0.001	0.003	-0.011	0.139	-0.003	0.007	0.002	0.08	0.024	0.08	0.026	0.078	0.07	0.007	-0.003	0.126	0.007	0.024	0.007	0.024	0.007	-0.05	0.026	-0.003	0.007	-0.085	0.024	0.065	-0.003	0.026	-0.003	0.007	0.026	-0.108	-0.078	0.006	-0.031	0.074	0	0.063	0.019	0.06	-0.018	0.013	-0.045	0.01	-0.062	0.006	-0.092	0.04	0.023	-0.031	-0.039	-0.017	0.065	-0.046	-0.021	0.027	0.073	-0.091	-0.038	0.049	0.061	-0.097	-0.047	0.016	0	-0.011	0.017	-0.002	2016_7_13_17_28_11
FLQS30TYGRWV____	0.059	0.05	0	0.003	0.014	0.014	0.068	0.014	0.014	0.09	0.07	0.177	0.132	0.05	0.122	0.063	0.001	0.001	-0.052	0.057	0.05	0.069	0.014	0.014	0	0.05	0.12	0.184	0.117	0.001	0.014	0.014	0.062	-0.058	0.056	-0.21	-0.083	-0.083	-0.058	-0.074	-0.074	-0.186	-0.14	-0.058	-0.074	-0.137	-0.005	-0.058	0.066	-0.122	-0.074	-0.074	-0.191	-0.201	0.057	-0.068	-0.07	-0.083	-0.068	-0.074	-0.058	-0.058	-0.074	-0.037	-0.659	-0.646	-0.682	-0.644	-0.646	-0.764	-0.638	-0.668	-0.658	-0.611	-0.625	-0.544	-0.643	-0.703	-0.624	-0.716	-0.683	-0.657	-0.685	-0.619	-0.695	-0.618	-0.564	-0.586	-0.664	-0.701	-0.615	-0.614	-0.659	-0.71	-0.658	-0.76	0.05	-0.072	-0.655	2016_7_13_17_28_46
FLNS2037GRWV____	0.059	-0.003	0.001	-0.003	-0.003	-0.108	0.054	0.015	-0.061	0.068	-0.066	-0.003	-0.061	0.004	0.029	-0.003	-0.118	0.115	-0.071	0.121	-0.003	-0.003	0.066	0.003	0.054	-0.061	-0.061	-0.119	-0.003	-0.003	0.118	0.002	0.051	-0.06	0.001	0.082	-0.064	-0.017	-0.01	0.011	-0.144	-0.06	-0.068	-0.122	-0.142	-0.011	-0.067	-0.072	-0.069	0.036	-0.176	0.039	-0.14	0.059	-0.005	-0.067	-0.06	-0.083	-0.184	-0.068	-0.06	-0.064	-0.06	-0.01	0.691	0.677	0.674	0.679	0.646	0.632	0.698	0.679	0.573	0.71	0.657	0.69	0.57	0.677	0.695	0.606	0.636	0.716	0.67	0.718	0.609	0.552	0.702	0.684	0.702	0.567	0.675	0.636	0.73	0.609	0.755	0.676	-0.001	-0.05	0.662	2016_7_13_17_58_40
FLQS2DERGRX5____	0.1	0.021	0.175	0.14	0.124	0.14	0.14	0.073	0.185	0.254	0.174	0.14	0.188	0.14	0.174	0.022	0.083	0.108	0.131	0.174	0.128	0.14	0.174	0.174	0.066	0.081	0.14	0.07	0.233	0.076	0.02	0.131	-0.118	-0.076	-0.087	-0.13	-0.195	-0.225	-0.154	-0.094	-0.251	-0.118	-0.069	-0.118	-0.133	-0.02	-0.128	-0.207	-0.14	-0.01	-0.128	-0.043	-0.025	-0.14	-0.148	-0.187	-0.128	-0.136	-0.207	-0.093	-0.17	-0.133	-0.143	-0.078	0.731	0.693	0.758	0.813	0.752	0.825	0.678	0.717	0.785	0.745	0.754	0.792	0.77	0.806	0.823	0.712	0.727	0.719	0.718	0.81	0.73	0.751	0.677	0.836	0.802	0.726	0.683	0.716	0.792	0.748	0.702	0.803	0.129	-0.126	0.753	2016_7_13_17_58_45
FLQS2EQUGRX5____	0.029	0.092	0.197	0.163	0.122	0.239	0.122	0.212	0.132	0.093	0.134	0.177	0.06	0.191	0.232	0.142	0.14	0.166	0.067	0.064	0.14	0.132	0.282	0.168	0.126	0.142	0.18	0.236	0.179	0.032	0.169	0.195	-0.12	0.084	0.051	-0.072	-0.058	-0.047	0.051	0.009	-0.007	0.009	0.004	0.12	-0.003	0.009	0.051	0.009	0.009	-0.012	-0.012	0.123	0.009	0.004	0.009	0.009	0.009	-0.12	0.067	0.075	0.122	0.129	-0.078	-0.006	0.686	0.683	0.677	0.734	0.714	0.761	0.586	0.689	0.611	0.667	0.748	0.713	0.682	0.689	0.69	0.75	0.647	0.727	0.686	0.667	0.713	0.71	0.746	0.753	0.683	0.672	0.722	0.743	0.713	0.652	0.737	0.738	0.149	0.013	0.7	2016_7_13_17_58_50
FLQS30J0GRWV____	0.103	0	0.146	0.104	0.076	0.001	0.016	0.104	0.19	0.21	0.126	0.166	0.135	0.126	0.128	0.238	0.128	0.012	0.104	0.015	0.191	0.197	0.22	0.104	0.07	0.251	0.184	0.072	0.016	0.13	0.126	0.062	-0.121	-0.07	-0.075	-0.055	-0.129	0.043	-0.012	-0.145	-0.119	-0.21	-0.167	-0.008	-0.062	-0.014	-0.002	-0.075	-0.055	-0.192	-0.075	-0.008	0.054	-0.128	-0.062	-0.141	-0.21	-0.004	-0.055	-0.069	-0.075	-0.008	-0.005	-0.014	0.058	0.01	0.096	0.069	0.049	-0.006	0.007	0.008	0.094	0.115	-0.048	0.069	0.064	0.066	0.052	0.107	0.114	0.031	-0.042	0.007	0.07	0.098	0.056	0.062	0.058	0.102	0.082	0.039	0.041	0.054	0.052	0.027	0.117	-0.071	0.052	2016_7_13_17_58_56
FLQS30JCGRWV____	-0.052	0.107	0.043	0.068	-0.05	0.12	0.043	0.157	0.043	0.116	0.043	0.01	0.067	-0.055	0.043	0.01	0.043	-0.031	0.001	-0.007	0.008	0.043	0.138	0.043	0	0.131	0.003	0.123	-0.065	-0.008	0.009	-0.066	-0.02	-0.11	-0.197	-0.081	-0.135	-0.01	-0.161	-0.102	-0.073	-0.074	-0.073	-0.196	-0.076	-0.131	-0.192	-0.133	-0.082	-0.081	-0.132	-0.129	-0.078	-0.082	-0.016	-0.102	-0.073	-0.016	-0.201	-0.02	-0.076	-0.02	-0.231	-0.124	-0.019	0.059	0.126	0.039	-0.002	0.05	0.124	0.078	0.035	0.058	-0.018	-0.076	-0.001	-0.003	-0.043	0.023	-0.108	-0.002	0.019	0.015	0.015	-0.078	0.058	0.111	0.01	-0.02	0.029	0.008	-0.015	-0.048	0.036	-0.009	0.034	-0.101	0.014	2016_7_13_17_59_01
FLQS30KNGRWV____	-0.064	0.031	-0.122	-0.105	-0.064	0.068	-0.021	-0.021	0.048	0.04	0.007	-0.021	0.054	-0.127	-0.021	-0.127	0.056	-0.064	-0.021	-0.021	-0.161	-0.174	-0.126	0.062	-0.064	-0.181	-0.066	-0.021	-0.006	-0.021	-0.084	-0.078	0.003	-0.152	-0.131	-0.082	-0.129	-0.001	-0.082	-0.055	0.066	-0.136	-0.082	-0.082	-0.082	-0.114	-0.082	-0.082	-0.068	-0.082	-0.068	-0.068	-0.009	-0.057	-0.082	0.001	-0.055	-0.012	-0.068	-0.012	-0.082	-0.055	-0.082	-0.114	0.717	0.708	0.643	0.668	0.666	0.702	0.733	0.614	0.684	0.709	0.733	0.707	0.661	0.638	0.543	0.661	0.645	0.633	0.584	0.693	0.61	0.611	0.661	0.699	0.658	0.602	0.68	0.666	0.656	0.658	0.695	0.701	-0.044	-0.067	0.664	2016_7_13_17_59_06
FLQS30LFGRWY____	0.085	0.068	0.068	-0.001	0.173	-0.009	0.085	-0.016	0.07	-0.024	0.07	0.056	0.085	0.117	0.188	0.005	0.053	0.066	0.173	-0.003	0.12	0.089	0.023	-0.061	0.058	0.058	0.173	0.163	0.07	-0.019	0.171	0.174	0.046	0.06	-0.055	-0.081	-0.121	0.001	0.069	-0.014	0.003	-0.009	-0.067	0.053	-0.043	-0.006	-0.005	-0.079	-0.043	-0.131	0.117	-0.014	-0.002	-0.014	-0.014	-0.005	0.059	-0.067	-0.052	-0.055	-0.043	-0.081	-0.003	-0.001	-0.549	-0.559	-0.556	-0.567	-0.491	-0.581	-0.532	-0.559	-0.483	-0.587	-0.483	-0.562	-0.451	-0.529	-0.5	-0.565	-0.507	-0.532	-0.524	-0.577	-0.528	-0.56	-0.541	-0.601	-0.562	-0.545	-0.499	-0.503	-0.615	-0.516	-0.508	-0.507	0.073	-0.019	-0.537	2016_7_13_17_59_12
FLQS30Q2GRWV____	-0.179	0.078	-0.106	-0.024	-0.028	-0.057	-0.028	-0.175	-0.057	0.057	-0.028	-0.028	0.001	-0.057	0.055	-0.057	-0.124	0.059	0.064	0.06	-0.125	-0.057	-0.161	-0.063	-0.165	-0.121	0.055	-0.14	0.005	-0.074	0.009	-0.028	-0.339	-0.112	-0.197	-0.328	-0.208	-0.071	-0.125	-0.322	-0.199	-0.08	-0.259	-0.197	-0.072	-0.339	-0.197	-0.199	-0.208	-0.197	-0.197	-0.197	-0.261	-0.197	-0.336	-0.197	-0.197	-0.197	-0.197	-0.09	-0.144	-0.226	-0.209	-0.144	-0.7	-0.627	-0.69	-0.638	-0.742	-0.611	-0.588	-0.701	-0.794	-0.64	-0.649	-0.647	-0.664	-0.705	-0.596	-0.669	-0.66	-0.647	-0.646	-0.649	-0.688	-0.673	-0.693	-0.716	-0.758	-0.652	-0.598	-0.718	-0.652	-0.673	-0.642	-0.664	-0.045	-0.201	-0.668	2016_7_13_17_59_17
FLQS30Q3GRWV____	0.169	0.07	0.11	0.183	0.009	0.19	0.11	0.14	0.143	0.028	0.282	0.194	0.132	0.069	0.19	0.143	0.247	0.188	0.249	0.014	0.164	0.132	0.174	0.132	0.14	0.062	0.072	0.143	0.269	0.077	0.192	0.199	-0.047	-0.14	0.064	0.002	-0.116	0.065	-0.013	-0.069	-0.002	-0.002	0.002	-0.109	-0.008	-0.008	0.122	-0.013	-0.114	0.073	0.002	0.057	0.128	-0.008	0.063	0.051	-0.07	-0.12	-0.002	0.065	0	0	0.059	-0.001	0.75	0.722	0.709	0.706	0.694	0.743	0.601	0.662	0.653	0.712	0.765	0.768	0.63	0.669	0.735	0.765	0.79	0.74	0.775	0.673	0.723	0.646	0.736	0.72	0.741	0.716	0.704	0.786	0.743	0.706	0.743	0.755	0.144	-0.003	0.718	2016_7_13_17_59_23
FLQS30Q9GRWV____	-0.118	-0.106	-0.156	-0.118	-0.184	-0.187	-0.128	-0.17	-0.18	-0.169	-0.111	-0.228	-0.123	-0.116	-0.014	-0.033	-0.066	-0.12	-0.186	-0.243	-0.129	-0.071	-0.129	-0.17	-0.098	-0.13	-0.123	-0.129	-0.106	-0.062	-0.183	-0.05	-0.126	-0.051	0.009	0.068	-0.172	-0.057	0.005	0.012	-0.185	-0.057	0.016	-0.051	-0.181	0.065	0.072	-0.001	-0.057	-0.179	-0.12	-0.112	0.009	-0.045	-0.045	-0.057	-0.057	-0.045	-0.045	-0.057	-0.057	-0.044	-0.057	0.07	0.648	0.551	0.523	0.53	0.537	0.546	0.534	0.516	0.54	0.501	0.541	0.526	0.563	0.532	0.572	0.574	0.595	0.563	0.529	0.504	0.534	0.565	0.491	0.527	0.581	0.542	0.616	0.518	0.632	0.569	0.549	0.558	-0.129	-0.048	0.55	2016_7_13_17_59_28
FLQS30QMGRWV____	0.046	0.011	0.04	0.076	-0.045	0.071	0.002	-0.043	0.011	0.054	0.011	0.121	-0.07	0.009	0.123	0.014	0.118	0.038	0.062	0.014	0.013	-0.093	-0.033	0.042	0.002	0.003	0.061	0.057	0.007	-0.107	-0.003	0.014	-0.169	-0.061	0.04	-0.074	-0.061	0.036	-0.061	-0.115	-0.139	-0.061	-0.177	-0.003	-0.073	-0.063	-0.065	-0.122	-0.071	0.001	0.058	0.05	-0.008	0.048	-0.061	-0.061	-0.061	-0.068	-0.061	-0.061	-0.111	-0.134	-0.126	-0.061	0.043	0.013	0.01	0.042	0.028	0.023	-0.11	-0.001	-0.076	0.003	0.03	0.049	-0.018	0.012	0.059	0.023	0.058	0.015	0.018	0.064	0.007	-0.045	0.064	-0.01	-0.026	0.011	0.01	-0.003	0.019	-0.025	0.017	-0.034	0.02	-0.059	0.009	2016_7_13_17_59_33
FLQS30QPGRWV____	0	-0.056	-0.006	-0.062	-0.06	-0.052	-0.189	0	-0.005	0.065	-0.171	-0.055	0.011	-0.005	-0.001	-0.052	-0.052	-0.062	-0.059	0.062	-0.005	-0.194	0	-0.052	-0.052	-0.057	0	-0.171	-0.176	-0.128	-0.052	-0.126	0.07	-0.019	0.121	0.049	-0.077	0.117	-0.07	-0.012	-0.001	-0.075	-0.07	-0.07	-0.019	-0.135	-0.003	-0.019	-0.07	-0.012	-0.138	0.058	-0.004	-0.003	-0.019	-0.124	-0.019	-0.072	-0.007	-0.077	-0.019	-0.019	0.11	0.054	-0.009	-0.05	-0.019	-0.032	-0.013	0.083	-0.067	-0.02	-0.002	0.037	-0.02	0.021	0.043	0.017	0	0.015	-0.053	-0.024	-0.005	0.018	-0.001	-0.078	0.029	0.064	0.083	-0.013	0.001	-0.059	-0.069	-0.025	0.031	-0.059	-0.055	-0.018	-0.006	2016_7_13_17_59_39
FLQS30R2GRWV____	0.018	0.14	0.252	0.14	0.196	0.086	0.14	0.21	0.14	0.07	0.127	0.14	0.195	0.01	0.185	0.131	0.127	0.081	0.02	0.135	0.017	0.14	0.253	0.118	0.135	0.13	0.019	0.192	0.14	0.2	0.02	0.017	0.009	0.009	0.065	0.132	-0.126	0.049	-0.101	0.009	0	-0.07	0.049	0.009	0	-0.07	0.068	0.107	0.009	0.009	-0.123	0.117	0.051	-0.001	0.009	0.14	0.009	0.009	-0.064	0.051	0.009	0.009	-0.061	0.009	0.054	0.008	0.094	0.107	0.097	0.027	0.144	0.164	-0.006	0.038	0.04	0.1	0.079	0.014	0.065	0.039	0.027	0.059	0.026	0.038	0	0.132	0.046	0.028	0.147	0.027	0.017	0.071	0.14	0.034	0.017	0.035	0.123	0.01	0.06	2016_7_13_17_59_44
FLQS30RRGRWV____	0.095	0.049	0.049	0.002	0.053	0.049	0.055	0.049	0.113	-0.069	-0.039	-0.014	0.167	0.049	-0.057	-0.086	0.049	0.002	0.049	-0.01	0.001	-0.013	0.049	-0.001	0.14	0.049	0.064	0.103	0.167	0.108	0.002	0.049	0.097	0.07	0.191	0.203	0.123	0.005	0.055	0.064	0.127	0.07	0.055	-0.003	0.187	0.13	-0.055	0.064	0.122	0.111	-0.059	0.05	0.122	0.07	0.064	-0.005	0.07	0.191	0.182	0.016	0.13	0.07	0.064	0	-0.649	-0.669	-0.597	-0.759	-0.669	-0.655	-0.659	-0.688	-0.645	-0.711	-0.643	-0.68	-0.631	-0.599	-0.69	-0.692	-0.595	-0.689	-0.718	-0.685	-0.691	-0.723	-0.765	-0.674	-0.608	-0.613	-0.673	-0.634	-0.624	-0.683	-0.754	-0.747	0.04	0.081	-0.672	2016_7_13_17_59_50
FLQS30S7GRWV____	-0.2	-0.015	-0.133	-0.113	-0.134	-0.079	-0.113	-0.113	-0.113	-0.075	0	-0.14	-0.113	-0.196	-0.2	-0.201	-0.143	-0.113	-0.08	-0.083	-0.134	-0.083	-0.113	-0.202	-0.212	-0.139	-0.074	-0.113	-0.113	-0.147	-0.142	-0.03	0.005	0.068	0.07	0.194	0.182	0.07	-0.062	0.011	0.064	-0.05	0.14	0.183	0.2	0.07	-0.041	0.003	0.194	-0.039	0.011	0.119	-0.052	0.01	0.203	0.063	0.07	0.191	0.136	0.07	0.063	0.068	0.069	0.134	-0.756	-0.661	-0.711	-0.747	-0.754	-0.716	-0.796	-0.653	-0.792	-0.697	-0.694	-0.756	-0.682	-0.788	-0.75	-0.756	-0.759	-0.648	-0.708	-0.724	-0.721	-0.653	-0.681	-0.765	-0.794	-0.757	-0.723	-0.785	-0.768	-0.743	-0.741	-0.705	-0.121	0.076	-0.731	2016_7_13_17_59_56
FLQS30UFGRWV____	0.1	-0.012	-0.013	-0.013	-0.122	-0.069	-0.013	-0.013	0.002	-0.013	-0.013	-0.004	-0.109	-0.004	0.058	-0.109	0.055	0.05	-0.066	0	-0.065	-0.064	0.023	-0.013	0.03	-0.013	-0.005	0.104	0.049	-0.13	-0.115	0.046	0.066	-0.076	-0.076	-0.144	-0.059	0.045	-0.092	-0.067	-0.053	-0.175	-0.059	-0.053	-0.136	-0.046	-0.004	-0.188	-0.042	0.063	-0.053	-0.041	-0.059	-0.059	-0.01	-0.054	-0.143	0.044	-0.16	0.013	0.059	-0.186	-0.108	0.059	-0.642	-0.601	-0.669	-0.579	-0.716	-0.709	-0.665	-0.798	-0.688	-0.721	-0.697	-0.543	-0.7	-0.67	-0.65	-0.692	-0.646	-0.663	-0.694	-0.669	-0.665	-0.692	-0.663	-0.579	-0.642	-0.748	-0.654	-0.633	-0.663	-0.701	-0.706	-0.663	-0.014	-0.056	-0.669	2016_7_13_18_00_02
FLQS30WFGRWV____	0.04	0.006	0.093	0.001	0.123	-0.006	-0.07	-0.07	0.004	0.031	-0.001	0.001	-0.119	0.062	0.07	-0.108	-0.006	-0.006	-0.128	-0.065	-0.094	0	0.063	0.097	0.064	0.004	-0.006	0.004	-0.006	-0.006	0.06	-0.117	0.019	-0.001	0.146	0.006	0.003	-0.007	-0.021	0.07	0.058	-0.077	0.003	0.074	-0.001	0.058	0	-0.023	-0.001	-0.006	-0.003	-0.054	-0.009	0	0.054	0.033	0.076	-0.005	-0.058	-0.052	0.123	0.065	0.003	0.157	0.013	0.003	0.018	0	0.049	-0.073	-0.025	-0.038	-0.006	0.023	-0.001	0.084	-0.048	0.017	0.028	-0.041	-0.002	-0.071	-0.051	-0.019	-0.036	0	0.018	0.034	0.015	0.003	-0.069	0.008	0.055	0.083	0.023	-0.07	-0.003	0.02	-0.002	2016_7_13_18_00_08
FLQS30X6GRWV____	-0.291	-0.21	-0.27	-0.335	-0.267	-0.211	-0.264	-0.227	-0.337	-0.169	-0.132	-0.328	-0.394	-0.332	-0.204	-0.4	-0.276	-0.335	-0.331	-0.27	-0.215	-0.395	-0.135	-0.19	-0.265	-0.206	-0.259	-0.206	-0.276	-0.391	-0.152	-0.326	0.128	0.122	0.132	0.066	0.068	0.187	0.19	0.072	0.063	0.188	0.122	0.068	0.06	0.068	0.192	0.122	0.072	0.25	0.068	0.062	0.13	0.124	0.137	0.122	0.122	0.068	0.122	0.122	0.072	0.072	0.128	0.228	-0.773	-0.684	-0.744	-0.762	-0.734	-0.727	-0.75	-0.678	-0.762	-0.711	-0.663	-0.758	-0.785	-0.761	-0.725	-0.77	-0.738	-0.787	-0.76	-0.734	-0.721	-0.794	-0.69	-0.73	-0.706	-0.709	-0.739	-0.716	-0.826	-0.741	-0.695	-0.78	-0.269	0.117	-0.739	2016_7_13_18_00_14
FLQS30YUGRWV____	0.003	0.061	0.134	0.121	0.062	0.062	0.071	0.003	0.13	0.061	0.036	0.041	0.125	0.006	0.117	0.071	0.071	0.091	0.001	0.131	-0.056	0.123	0.059	-0.07	0.071	0.062	0.171	-0.049	0.059	0.006	0.059	0.059	0.059	0.054	0.068	0.05	-0.13	0.05	-0.078	-0.054	0.004	0.062	-0.124	0.074	-0.057	-0.062	0.06	0.004	0.05	0.066	-0.06	0.057	0.004	0.004	-0.133	0.07	-0.083	0.076	0.004	0.053	-0.086	-0.008	0.004	-0.014	-0.681	-0.657	-0.629	-0.68	-0.745	-0.656	-0.736	-0.666	-0.647	-0.658	-0.642	-0.667	-0.615	-0.663	-0.635	-0.599	-0.697	-0.647	-0.665	-0.629	-0.722	-0.66	-0.558	-0.712	-0.545	-0.585	-0.605	-0.701	-0.756	-0.671	-0.65	-0.718	0.059	-0.001	-0.659	2016_7_13_18_00_21
FLQS30ZQGRWV____	0.015	0.079	0.042	0.12	0.074	0.133	0.082	0.009	0.082	0.184	0.175	0.073	0.082	0.068	0.082	0.123	0.073	0.115	0.081	0.02	0.079	0.068	0.068	0.078	0.071	-0.049	0.071	-0.045	0.082	0.074	0.076	0.081	0.055	0.056	0.067	0.002	0.121	0.053	0.011	0.165	0.061	0.048	0.056	0	-0.008	-0.071	0	0.048	0	0.065	0.065	-0.004	0.053	0.07	0.07	-0.06	0.07	-0.003	-0.056	0.048	0.07	0.055	-0.05	0.121	-0.676	-0.678	-0.666	-0.625	-0.587	-0.627	-0.523	-0.694	-0.649	-0.628	-0.61	-0.713	-0.64	-0.707	-0.773	-0.65	-0.645	-0.672	-0.65	-0.665	-0.61	-0.693	-0.702	-0.634	-0.698	-0.693	-0.637	-0.699	-0.561	-0.652	-0.637	-0.621	0.074	0.037	-0.654	2016_7_13_18_00_28
FLQS31J6GRWY____	-0.134	-0.097	-0.04	-0.102	-0.131	-0.102	-0.136	-0.044	-0.083	-0.082	-0.094	-0.102	-0.083	-0.076	-0.102	-0.229	-0.143	-0.091	-0.077	-0.077	-0.205	-0.131	-0.138	-0.023	-0.167	-0.075	-0.143	-0.143	-0.097	-0.028	-0.022	-0.069	-0.066	-0.052	-0.171	-0.065	-0.136	-0.124	-0.066	-0.052	-0.052	-0.066	-0.055	-0.186	-0.059	0.055	-0.115	-0.052	-0.203	-0.126	-0.055	0.049	-0.188	-0.12	-0.059	-0.085	-0.127	-0.013	-0.192	-0.009	-0.065	-0.055	-0.056	-0.012	-0.746	-0.75	-0.667	-0.74	-0.783	-0.762	-0.72	-0.726	-0.734	-0.721	-0.669	-0.774	-0.699	-0.713	-0.782	-0.76	-0.704	-0.693	-0.731	-0.712	-0.731	-0.71	-0.722	-0.672	-0.724	-0.703	-0.706	-0.731	-0.646	-0.678	-0.675	-0.701	-0.102	-0.081	-0.718	2016_7_13_18_00_34
FLQS301EGRWQ____	0.12	0.017	0.049	0.08	0.12	0.121	0.113	0.235	0.185	0.067	0.173	0.072	0.071	0.067	0.248	0.018	0.13	0.226	0.186	0.125	0.113	0.113	0.127	0.139	0.13	0.113	0.113	0.121	0.006	0.066	0.113	0.12	-0.001	0.008	0.008	0.008	0.008	0.074	0.008	0.008	0.008	0.055	0.049	0.049	-0.007	-0.064	0.124	0.049	0.008	-0.07	0.049	0.008	0.008	0.008	0.049	0.083	-0.001	0.002	-0.079	0.116	-0.07	0.003	0.087	0.079	0.779	0.708	0.648	0.705	0.591	0.829	0.744	0.73	0.72	0.694	0.717	0.648	0.704	0.711	0.757	0.756	0.689	0.776	0.743	0.699	0.677	0.685	0.662	0.719	0.717	0.72	0.667	0.707	0.687	0.7	0.796	0.712	0.115	0.021	0.712	2016_7_13_18_00_41
FLQS310RGRWV____	-0.133	-0.121	-0.194	-0.189	-0.02	-0.142	-0.078	-0.199	-0.142	-0.198	-0.249	-0.133	-0.149	-0.017	-0.107	-0.244	-0.138	-0.201	-0.254	-0.082	-0.149	-0.149	-0.258	-0.013	-0.084	-0.02	-0.204	-0.133	-0.253	-0.074	-0.253	-0.142	-0.004	0.021	-0.051	0.021	0.075	0.127	0.069	0.068	0.001	0.071	0.021	0.072	0.061	0.006	0.139	0.021	0.004	-0.002	-0.057	0.021	0.074	0.021	0.021	0.006	0.144	0.021	0.021	-0.057	0.021	0.124	0.116	0.021	-0.137	-0.116	-0.156	-0.126	-0.102	-0.081	-0.125	-0.174	-0.141	-0.174	-0.168	-0.052	-0.219	-0.092	-0.147	-0.158	-0.14	-0.164	-0.179	-0.159	-0.078	-0.175	-0.192	-0.09	-0.138	-0.117	-0.15	-0.129	-0.161	-0.131	-0.203	-0.24	-0.147	0.038	-0.144	2016_7_13_18_00_48
FLQS317CGRWY____	0.072	0.04	0.07	0.236	0.122	0.06	-0.001	0.1	0.07	0.124	0.071	0.122	0.124	0.092	0.044	0.108	0.108	0.239	0.122	0.19	0.188	0.108	0.079	0.074	0.071	0.072	0.145	0.122	0.077	0.131	0.131	0.122	-0.018	-0.074	-0.242	-0.133	-0.133	-0.074	-0.134	-0.133	-0.138	-0.074	-0.065	-0.133	-0.133	-0.074	-0.066	-0.133	-0.133	-0.011	-0.181	-0.074	-0.074	-0.213	-0.133	-0.071	-0.139	-0.014	-0.133	-0.074	-0.074	-0.065	-0.061	-0.152	-0.642	-0.62	-0.612	-0.532	-0.592	-0.656	-0.655	-0.583	-0.627	-0.591	-0.636	-0.72	-0.566	-0.645	-0.647	-0.611	-0.532	-0.575	-0.599	-0.611	-0.587	-0.601	-0.575	-0.635	-0.626	-0.643	-0.577	-0.637	-0.652	-0.612	-0.519	-0.717	0.107	-0.105	-0.614	2016_7_13_18_00_54
FLQS319LGRWY____	-0.245	-0.235	-0.18	-0.14	-0.086	-0.181	-0.2	-0.273	-0.181	-0.265	-0.154	-0.209	-0.144	-0.145	-0.311	-0.14	-0.282	-0.137	-0.209	-0.34	-0.204	-0.306	-0.313	-0.171	-0.204	-0.31	-0.2	-0.266	-0.077	-0.324	-0.209	-0.095	-0.088	-0.078	-0.127	-0.092	-0.132	-0.12	-0.118	-0.011	-0.064	-0.088	-0.078	-0.092	-0.019	-0.012	-0.088	-0.14	-0.148	0.046	0.052	-0.09	-0.011	-0.004	-0.139	-0.092	-0.088	-0.014	-0.136	-0.127	-0.088	-0.137	-0.078	-0.21	-0.087	-0.104	-0.055	-0.013	-0.016	0.032	0.032	-0.109	-0.065	-0.071	-0.026	-0.121	-0.056	-0.057	-0.114	-0.037	-0.094	-0.062	-0.019	-0.125	-0.081	-0.124	-0.108	-0.057	-0.015	-0.125	-0.062	-0.09	-0.063	-0.112	-0.074	-0.009	-0.21	-0.082	-0.065	2016_7_13_18_01_00
FLQS3106GRWV____	-0.113	0.051	0.025	0.034	0.115	0.133	0.034	0.029	0.131	-0.005	0.032	0.002	0.066	0.127	-0.114	0.025	0.008	0.008	-0.055	0.074	0.026	-0.061	-0.007	-0.09	0	-0.098	0.051	0.029	-0.068	0.132	0.051	0.075	0.052	0.067	0.047	0.01	0.013	0.047	0.01	0.001	0.013	0.119	0.052	-0.057	-0.114	-0.107	-0.119	0.067	-0.072	-0.06	-0.007	0.001	-0.083	0.069	0.047	0.047	-0.006	-0.128	0.013	0.047	-0.131	-0.005	-0.074	0.01	0.621	0.685	0.707	0.651	0.681	0.722	0.774	0.661	0.688	0.655	0.631	0.682	0.717	0.741	0.645	0.627	0.633	0.685	0.653	0.704	0.696	0.64	0.625	0.675	0.675	0.652	0.688	0.72	0.664	0.728	0.815	0.703	0.02	-0.007	0.683	2016_7_13_18_01_05
FLQS3126GRWV____	-0.205	-0.202	-0.116	-0.201	-0.241	-0.198	-0.194	-0.205	-0.328	-0.205	-0.238	-0.184	-0.323	-0.184	-0.152	-0.198	-0.331	-0.156	-0.154	-0.267	-0.323	-0.084	-0.261	-0.172	-0.194	-0.194	-0.149	-0.266	-0.15	-0.201	-0.262	-0.198	0.128	0.135	0.006	-0.013	0.091	-0.01	-0.054	0.116	-0.075	-0.01	-0.122	-0.013	0	0	0	0.067	-0.013	0	-0.07	-0.073	-0.065	0.006	0.061	0	-0.132	0	0	-0.01	-0.065	0.001	0.116	-0.137	-0.102	-0.101	-0.048	0.036	-0.11	0.007	-0.004	-0.04	-0.123	-0.082	-0.079	-0.073	-0.131	-0.034	-0.061	-0.09	-0.089	-0.02	-0.053	-0.099	-0.122	-0.07	-0.115	-0.105	-0.061	-0.063	-0.084	-0.081	-0.052	-0.082	-0.123	-0.136	-0.211	-0.004	-0.075	2016_7_13_18_01_11
FLQS3115GRWV____	-0.073	-0.067	-0.074	-0.073	-0.019	-0.069	-0.001	-0.12	-0.005	-0.026	-0.01	0.049	-0.011	-0.013	-0.166	-0.078	-0.01	-0.121	-0.015	-0.185	-0.078	-0.068	-0.078	-0.03	-0.108	-0.078	-0.137	-0.186	-0.078	-0.078	-0.064	-0.078	-0.002	-0.129	-0.051	-0.117	0.003	-0.109	-0.173	-0.004	-0.049	0.006	-0.05	-0.111	-0.049	0.005	-0.049	-0.008	0.006	-0.125	-0.051	-0.123	0.006	-0.001	-0.008	-0.049	-0.193	-0.008	-0.004	-0.119	-0.062	-0.051	-0.001	-0.127	-0.029	-0.009	-0.047	-0.075	-0.008	-0.013	0.023	-0.049	-0.019	-0.011	0.003	0.035	-0.035	-0.006	-0.061	-0.075	-0.005	-0.032	0.001	-0.059	0.036	-0.028	-0.008	-0.048	-0.017	-0.097	-0.056	-0.059	-0.12	-0.066	-0.026	-0.084	-0.067	-0.056	-0.033	2016_7_13_18_01_17
FLQS30VBGRWV____	0.062	0.081	0.181	0.062	0.131	0.017	0.131	0.062	0.077	0.181	-0.056	0.074	0.065	0.068	0.007	0.116	0.011	0.189	0.007	0.01	-0.048	0.065	0.017	0.133	0.013	0.013	0.062	0.126	0.008	0.062	0.062	0.064	-0.002	-0.002	-0.002	-0.015	-0.002	-0.002	-0.013	-0.017	-0.134	-0.064	0.135	0.034	0.107	-0.002	-0.002	-0.01	-0.002	0.052	-0.069	-0.133	0.044	0.061	0.06	0.118	-0.015	-0.017	-0.017	-0.015	-0.002	0.11	-0.068	-0.002	-0.043	0.005	0.051	0.003	0.079	-0.104	0.055	0.01	0.05	0.082	-0.041	0.025	0.085	0.072	0.003	0.049	0.032	0.07	0.012	0.022	-0.026	0.018	-0.001	0.037	0.007	0.008	-0.037	0.054	-0.021	0.08	0.034	-0.008	0.064	0.004	0.021	2016_7_13_14_30_11
FLQS30X6GRWY____	0.064	-0.088	0.035	0.035	-0.058	-0.065	-0.021	-0.021	-0.177	-0.001	0.05	-0.064	-0.002	-0.007	-0.021	-0.17	0.048	-0.122	-0.132	-0.021	-0.062	-0.021	-0.174	-0.175	-0.058	-0.058	-0.183	-0.126	0.062	0.002	-0.021	-0.062	0.075	-0.005	0.053	-0.141	-0.114	-0.049	-0.108	-0.005	0.053	-0.055	-0.005	-0.059	0.064	-0.05	0.071	-0.005	-0.005	-0.06	-0.005	-0.139	0.062	-0.005	-0.005	-0.005	-0.133	0.07	-0.005	0.062	0.065	-0.005	-0.005	-0.005	0.69	0.61	0.635	0.708	0.666	0.654	0.775	0.725	0.594	0.681	0.651	0.656	0.665	0.678	0.713	0.586	0.646	0.633	0.645	0.779	0.641	0.702	0.656	0.573	0.736	0.711	0.576	0.615	0.69	0.651	0.551	0.675	-0.05	-0.012	0.662	2016_7_13_14_30_13
FLQS31CRGRWY____	-0.063	-0.102	-0.112	-0.027	-0.114	0.04	-0.11	-0.104	-0.071	0.005	-0.071	-0.043	-0.109	-0.059	-0.114	-0.069	-0.06	-0.011	-0.059	-0.174	-0.06	-0.026	0.032	-0.059	-0.064	0.028	-0.064	-0.041	-0.177	-0.058	0.003	-0.008	-0.054	-0.003	0.057	-0.07	-0.004	-0.006	0.048	0.001	-0.01	0.001	0.106	0.133	0.105	0.104	0.001	0.001	-0.006	-0.006	0.045	-0.05	-0.115	0.001	0.049	-0.002	-0.074	-0.001	-0.009	0.001	-0.017	0.112	0.06	0.109	-0.048	-0.071	-0.083	-0.031	-0.076	0.015	-0.082	-0.072	-0.127	0	-0.073	-0.066	-0.089	-0.069	-0.058	-0.089	-0.054	-0.033	-0.06	-0.094	-0.038	-0.022	-0.023	-0.053	-0.046	-0.018	-0.124	-0.083	-0.1	-0.07	-0.037	-0.049	-0.06	0.016	-0.06	2016_7_13_14_30_15
FLQS31FWGRWY____	-0.054	-0.029	0.002	0.084	-0.004	-0.115	-0.007	-0.074	-0.001	0.02	0.05	-0.05	-0.001	-0.118	-0.058	0.047	0.062	-0.119	-0.1	-0.007	-0.114	-0.029	0.067	-0.007	0.002	-0.029	-0.104	-0.14	0.009	0.06	-0.062	0.11	-0.07	-0.133	-0.07	-0.181	0.001	-0.119	-0.129	-0.02	-0.156	-0.021	-0.06	-0.071	0.004	-0.071	-0.002	-0.07	-0.071	-0.124	-0.071	-0.123	-0.003	-0.015	-0.137	-0.071	-0.071	0.002	-0.001	-0.21	-0.06	-0.153	-0.071	-0.048	-0.037	0.007	0.01	0.059	-0.002	-0.031	0.094	-0.028	0.021	0.011	0.029	0.018	-0.001	-0.002	-0.023	-0.005	0.063	-0.031	-0.063	0.015	-0.046	-0.075	0.046	-0.049	0.011	0.074	-0.043	-0.028	-0.045	0.046	0.037	0.051	-0.022	-0.075	0.003	2016_7_13_14_30_18
FLQS200ZGRX8____	0.019	0.07	0.169	0.144	0.075	0.198	-0.053	-0.038	-0.053	0.07	0.14	0.193	0.02	0.067	0.01	0.181	0.075	0.068	-0.06	0.025	0.189	0.068	0.037	0.02	0.064	0.189	0.064	0.014	0.128	0.067	0.194	-0.046	-0.188	-0.21	-0.132	-0.108	-0.26	-0.077	-0.208	-0.132	-0.132	-0.135	-0.139	-0.006	-0.142	-0.142	-0.072	-0.132	-0.012	-0.076	-0.073	-0.21	-0.064	-0.132	-0.139	-0.195	-0.142	-0.135	-0.206	-0.142	-0.006	-0.204	-0.174	-0.135	0.708	0.732	0.736	0.747	0.74	0.765	0.681	0.633	0.671	0.685	0.809	0.753	0.702	0.756	0.688	0.793	0.706	0.713	0.659	0.714	0.759	0.796	0.709	0.709	0.685	0.804	0.651	0.734	0.727	0.664	0.777	0.674	0.072	-0.133	0.721	2016_7_13_14_30_50
FLQS224LGRWM____	-0.135	-0.114	-0.077	-0.118	0.06	-0.114	0.039	-0.14	-0.015	-0.012	-0.075	-0.013	-0.194	-0.077	-0.061	-0.074	-0.13	-0.077	-0.077	-0.138	0.044	-0.114	-0.077	-0.011	-0.076	-0.114	0.059	-0.125	-0.133	0.012	-0.188	-0.032	0.156	0.075	0.031	0.261	0.186	0.265	0.156	0.197	0.206	0.262	0.083	0.066	0.127	0.186	0.253	0.156	0.128	0.156	0.188	0.249	0.076	0.076	0.186	0.273	0.065	0.186	0.156	0.186	0.186	0.082	0.156	0.156	0.618	0.618	0.554	0.59	0.672	0.505	0.696	0.589	0.639	0.633	0.631	0.66	0.577	0.584	0.615	0.599	0.603	0.566	0.617	0.583	0.681	0.539	0.516	0.632	0.634	0.693	0.651	0.558	0.562	0.668	0.553	0.639	-0.072	0.162	0.609	2016_7_13_14_31_06
FLQS224TGRWM____	0.035	0.16	0.212	0.28	0.155	0.083	0.212	0.16	0.212	0.212	0.109	0.212	0.261	0.266	0.091	0.24	0.144	0.097	0.212	0.032	0.153	0.16	0.22	0.147	0.16	0.16	0.22	0.268	0.093	0.16	0.152	0.16	-0.158	-0.071	-0.158	-0.28	-0.083	-0.09	-0.206	-0.158	-0.143	-0.13	-0.158	-0.084	-0.215	-0.026	-0.203	-0.134	-0.158	-0.27	-0.081	-0.245	-0.024	-0.208	-0.268	-0.084	-0.158	-0.148	-0.145	-0.086	-0.209	-0.197	-0.198	-0.092	-0.612	-0.531	-0.515	-0.521	-0.599	-0.628	-0.486	-0.484	-0.568	-0.437	-0.608	-0.502	-0.539	-0.562	-0.609	-0.558	-0.551	-0.598	-0.679	-0.627	-0.609	-0.665	-0.548	-0.603	-0.568	-0.588	-0.564	-0.554	-0.608	-0.512	-0.585	-0.653	0.17	-0.152	-0.571	2016_7_13_14_31_09
FLQS300LGRWM____	0.035	-0.101	-0.064	-0.073	-0.021	0.104	-0.135	0.041	0.046	0.064	0.007	-0.014	-0.01	-0.023	-0.016	-0.118	-0.009	-0.014	-0.072	0.035	0.08	-0.067	-0.023	-0.013	-0.033	0.028	-0.021	-0.126	-0.023	0.049	0.046	-0.086	0.067	-0.047	-0.002	0.015	-0.113	-0.047	-0.002	-0.047	0.131	-0.062	-0.002	0.069	-0.056	-0.002	-0.058	-0.047	-0.002	0.065	0.058	0.064	0.136	0.066	-0.053	-0.002	0.072	-0.047	-0.002	-0.053	0.017	0.067	0.065	0.013	-0.077	-0.078	-0.086	-0.113	-0.138	-0.033	-0.113	-0.021	-0.081	-0.047	-0.079	-0.009	-0.078	-0.064	-0.081	-0.086	-0.112	-0.097	-0.119	-0.076	-0.069	-0.119	-0.038	-0.053	-0.105	-0.064	-0.055	-0.126	-0.094	-0.071	-0.072	-0.118	-0.017	0.008	-0.08	2016_7_13_14_31_16
FLQS300LGRWQ____	-0.167	-0.007	-0.058	-0.015	-0.015	-0.035	-0.084	-0.068	-0.035	-0.035	-0.141	0.081	-0.186	-0.035	-0.158	-0.101	-0.124	-0.063	-0.058	-0.035	-0.062	-0.035	-0.059	-0.058	0.019	-0.035	0.002	-0.002	-0.035	-0.169	-0.035	-0.005	-0.072	-0.209	-0.134	-0.054	-0.065	-0.08	-0.08	-0.08	-0.124	-0.065	-0.054	-0.054	-0.054	-0.026	-0.124	-0.071	-0.083	-0.083	0.049	-0.054	-0.017	-0.143	-0.068	-0.072	0.05	-0.128	-0.026	-0.071	-0.083	-0.083	-0.124	-0.128	-0.058	0.026	0.06	-0.049	0.071	0.128	-0.023	-0.044	0.064	0.073	-0.101	0.097	-0.068	0.027	-0.047	-0.031	0.023	0.013	-0.031	-0.079	-0.023	-0.083	-0.015	0.023	0.001	0.062	0.004	0.07	0.063	-0.057	0.016	0.016	-0.057	-0.075	0.004	2016_7_13_14_31_20
FLQS300RGRWY____	-0.034	-0.005	0.001	0.122	0.113	0.05	0.116	-0.041	0.183	0.086	0.121	0.115	0.17	0.062	0.173	0.05	0.12	-0.007	0.003	-0.005	-0.066	0.14	0.05	0.11	0.05	0.168	0.062	0.05	-0.072	0.05	-0.077	-0.022	0.046	-0.048	0.052	-0.063	-0.12	0.008	-0.068	0.002	0.066	-0.048	-0.012	-0.063	-0.122	-0.012	-0.067	-0.121	-0.064	-0.119	-0.008	-0.124	0.06	0	-0.002	-0.063	-0.048	-0.048	-0.126	-0.134	-0.178	-0.127	-0.048	-0.048	-0.019	-0.021	-0.007	0.058	0.062	0.019	0.057	-0.017	0.065	0.015	0.05	0.074	0.086	0.033	0.079	0.109	0.057	0.014	0.002	0.015	-0.035	0.057	-0.069	0.053	-0.029	0.042	0.043	-0.054	-0.004	-0.031	-0.046	0.038	0.057	-0.052	0.022	2016_7_13_14_31_25
FLQS300VGRWQ____	-0.041	0.078	0.13	0.11	0.043	-0.049	-0.055	0.033	0.018	0.16	0.165	0.033	0.043	0.014	0.074	-0.016	-0.048	0.18	0.014	0.043	0.187	0.071	0.076	0.014	0.043	0.072	0.073	-0.052	0.136	0.134	-0.051	0.012	-0.249	-0.136	-0.252	-0.195	-0.248	-0.144	-0.194	-0.134	-0.073	-0.194	-0.194	-0.148	-0.252	-0.194	-0.096	-0.196	-0.139	-0.265	-0.076	-0.194	-0.265	-0.142	-0.135	-0.194	-0.136	-0.135	-0.148	-0.269	-0.083	-0.077	-0.14	-0.264	0.019	0.051	0.088	0.072	-0.017	0	0.022	0.031	0.017	0.11	0.113	0.007	-0.01	0.033	0.044	0.021	0	0.11	0.016	0.122	0.113	0.049	0.05	0	0.037	0.048	0.05	0.017	0.067	0.065	-0.001	0.042	0.051	-0.174	0.043	2016_7_13_14_31_31
FLQS301GGRWM____	-0.069	-0.017	-0.118	-0.204	0.052	-0.142	0.055	-0.198	-0.069	0.028	-0.127	-0.069	-0.003	-0.204	-0.131	-0.137	-0.118	-0.125	-0.063	-0.067	-0.137	-0.069	-0.011	-0.118	-0.063	-0.012	-0.069	-0.005	-0.069	-0.016	-0.13	-0.178	0.192	0.22	0.025	0.137	0.085	0.126	0.132	0.133	0.137	0.271	0.069	0.087	0.258	0.194	0.126	0.129	0.068	0.067	0.129	0.126	0.016	0.08	0.195	0.133	0.073	0.133	0.088	0.236	0.129	0.142	0.197	0.172	0.542	0.636	0.523	0.572	0.684	0.629	0.679	0.6	0.712	0.648	0.613	0.709	0.638	0.565	0.604	0.601	0.535	0.615	0.631	0.661	0.617	0.634	0.642	0.608	0.638	0.626	0.755	0.639	0.575	0.648	0.594	0.579	-0.081	0.134	0.624	2016_7_13_14_31_35
FLQS303BGRWM____	-0.226	-0.15	-0.127	-0.122	-0.118	-0.018	-0.082	-0.113	-0.199	-0.086	-0.113	-0.09	-0.113	-0.142	-0.113	-0.049	-0.033	-0.131	-0.068	-0.084	-0.118	-0.139	-0.092	-0.13	-0.075	-0.127	-0.067	-0.113	-0.222	-0.179	-0.035	-0.131	-0.049	0.132	0.071	0.085	-0.053	0.075	0.017	0.071	-0.001	0.071	0.077	0.015	0.011	0.071	0.121	0.017	0.14	0.019	0.071	0.014	0.137	-0.046	0.016	0.01	0.071	0.008	0.153	0.072	0.071	0.012	0.014	0.013	0.589	0.595	0.594	0.612	0.553	0.656	0.638	0.662	0.593	0.596	0.617	0.635	0.553	0.606	0.545	0.652	0.641	0.617	0.612	0.638	0.607	0.624	0.634	0.62	0.675	0.5	0.626	0.677	0.613	0.599	0.658	0.62	-0.113	0.047	0.614	2016_7_13_14_31_41
FLQS304WGRWM____	0.439	0.526	0.52	0.504	0.503	0.507	0.557	0.507	0.683	0.52	0.621	0.539	0.626	0.681	0.526	0.526	0.505	0.502	0.623	0.526	0.521	0.539	0.52	0.592	0.618	0.619	0.565	0.442	0.56	0.539	0.439	0.56	-0.271	-0.292	-0.292	-0.347	-0.151	-0.346	-0.335	-0.155	-0.147	-0.28	-0.271	-0.292	-0.292	-0.149	-0.272	-0.398	-0.271	-0.401	-0.275	-0.213	-0.144	-0.152	-0.292	-0.28	-0.271	-0.21	-0.211	-0.271	-0.275	-0.28	-0.271	-0.28	0.206	0.183	0.255	0.223	0.195	0.224	0.243	0.095	0.269	0.134	0.233	0.272	0.266	0.268	0.339	0.175	0.239	0.23	0.262	0.134	0.201	0.141	0.224	0.192	0.258	0.25	0.229	0.163	0.266	0.197	0.214	0.236	0.545	-0.262	0.219	2016_7_13_14_32_06
FLQS305DGRWM____	-0.057	0.004	-0.01	0.032	0.059	-0.122	0.004	-0.123	-0.055	0.068	-0.066	0.002	0.032	-0.063	0.068	-0.058	-0.063	0.066	0.112	-0.061	0.056	0.032	0.032	0.059	-0.001	0.059	0.004	0.004	0.115	0.064	-0.052	-0.005	-0.056	-0.052	0.072	-0.006	0.057	0.003	-0.001	-0.052	-0.076	-0.006	0.127	-0.052	-0.054	-0.006	0.064	-0.052	-0.064	-0.124	-0.002	-0.006	0.122	-0.052	-0.006	0.126	-0.052	0.057	-0.146	-0.067	-0.053	-0.006	0.119	-0.056	0.005	0.012	-0.032	0.012	-0.002	-0.067	-0.016	-0.024	-0.029	0.037	-0.063	-0.009	0.086	-0.016	0.001	-0.007	-0.034	0.026	0.028	-0.009	-0.012	0.034	0.037	-0.011	-0.055	-0.001	-0.075	0.064	0.036	0.009	-0.056	-0.012	0.004	-0.009	-0.005	2016_7_13_14_32_37
FLQS305NGRWM____	-0.102	0.023	-0.067	0.106	0.14	-0.048	-0.101	0.071	-0.051	0.078	0.026	0.04	0.023	0.006	0.006	0.008	0.002	0.026	0.016	0.075	0.013	0.082	0.079	0.009	0.127	0.144	0.016	0.074	0.139	0.013	-0.104	0.116	0	0.129	-0.014	0.06	0	-0.069	0.118	-0.014	-0.011	0	0.056	0.056	-0.014	-0.003	-0.014	0.116	0	0	-0.009	0	0	0	0.134	-0.014	-0.077	0.154	0	-0.014	0.073	-0.003	0	0.056	-0.625	-0.625	-0.597	-0.582	-0.559	-0.626	-0.674	-0.543	-0.636	-0.567	-0.692	-0.608	-0.684	-0.613	-0.663	-0.629	-0.58	-0.588	-0.609	-0.612	-0.637	-0.547	-0.604	-0.657	-0.555	-0.58	-0.548	-0.627	-0.57	-0.671	-0.63	-0.6	0.031	0.022	-0.611	2016_7_13_14_32_43
FLQS307KGRWV____	-0.066	-0.012	0.045	0	-0.075	-0.067	-0.029	0.048	-0.067	-0.006	-0.064	0.039	-0.064	0.001	0.049	-0.04	-0.04	0.052	-0.04	-0.04	0.049	-0.066	-0.058	-0.121	-0.058	-0.009	-0.022	-0.134	-0.123	-0.075	0	-0.058	-0.115	-0.213	-0.116	-0.067	-0.249	-0.14	-0.115	-0.262	-0.115	0.005	-0.194	-0.115	-0.008	-0.119	-0.067	-0.119	-0.263	0.003	-0.253	-0.115	0.003	-0.059	-0.144	0.003	-0.115	-0.007	-0.248	-0.128	-0.067	-0.176	-0.176	-0.234	0.591	0.653	0.662	0.608	0.631	0.547	0.685	0.684	0.591	0.624	0.565	0.659	0.603	0.62	0.631	0.628	0.584	0.649	0.582	0.541	0.646	0.706	0.558	0.578	0.593	0.624	0.653	0.591	0.586	0.552	0.652	0.579	-0.033	-0.125	0.614	2016_7_13_14_32_48
FLQS308YGRWQ____	0.106	0.107	-0.026	0.074	-0.118	-0.058	0.013	0.014	-0.026	-0.104	0.026	0.013	-0.051	-0.11	-0.114	0.071	-0.11	-0.148	-0.126	-0.108	0.108	-0.053	-0.052	-0.026	-0.026	-0.105	0.075	-0.026	0.016	-0.044	0.015	0.03	0.011	-0.005	0.005	0.065	-0.062	-0.062	0.015	-0.068	0.063	0.131	-0.049	-0.058	-0.068	0.051	0.062	0.127	-0.06	-0.073	0.099	-0.008	0.008	-0.062	-0.008	-0.008	-0.066	-0.005	0.07	-0.048	-0.008	-0.064	-0.062	0.005	-0.016	0.012	-0.069	-0.037	-0.097	-0.073	-0.047	-0.042	0.01	-0.119	-0.04	-0.044	-0.069	-0.11	-0.113	-0.047	-0.094	-0.108	-0.123	-0.101	-0.015	-0.07	-0.044	0.023	0.021	-0.1	-0.037	-0.127	-0.086	-0.067	-0.043	-0.066	-0.024	-0.004	-0.061	2016_7_13_14_32_51
FLQS309NGRWM____	0.2	0.044	0.21	0.07	0.135	0.135	0.014	0.135	0.199	0.082	0.058	0.036	0.074	0.016	0.135	0.013	0.074	0.089	0.198	0.135	0.196	0.14	0.14	0.14	0.094	0.016	0.135	0.14	0.206	0.009	0.135	0.135	-0.067	-0.067	-0.067	-0.118	0.007	-0.007	-0.067	-0.118	-0.213	-0.196	-0.067	-0.14	-0.118	-0.118	-0.067	-0.118	-0.185	-0.123	-0.061	-0.19	-0.125	0.009	-0.067	-0.124	-0.066	-0.066	-0.061	-0.067	-0.118	-0.118	0.017	-0.067	0.726	0.66	0.728	0.662	0.784	0.708	0.694	0.651	0.763	0.713	0.712	0.687	0.7	0.704	0.797	0.704	0.709	0.706	0.742	0.64	0.75	0.708	0.807	0.804	0.701	0.668	0.702	0.822	0.719	0.702	0.765	0.799	0.111	-0.092	0.723	2016_7_13_14_32_58
FLQS309QGRWV____	-0.003	0.044	0.071	-0.053	-0.051	0.081	0.068	0.044	0.192	0.114	0.068	-0.061	0.074	0.081	-0.041	0.096	-0.039	0.132	0.068	0.068	0.104	0.19	0.149	0.075	0.074	0.128	0.068	0.128	0.074	0.081	0.13	0.19	-0.118	-0.062	0.06	-0.062	-0.066	-0.006	-0.064	-0.012	-0.012	0.058	-0.062	-0.069	0.057	-0.066	-0.071	0.059	-0.071	-0.062	0.038	-0.012	0.015	0.004	0.071	-0.004	-0.01	-0.062	-0.012	-0.114	-0.012	0.054	-0.113	-0.112	0.011	-0.069	0.015	0.001	-0.017	0.029	0.031	-0.004	0.1	0.032	0.023	-0.021	0.017	0.036	-0.012	0.025	-0.012	0.058	-0.074	-0.004	0.035	0.072	0.046	0.026	0.105	0.056	-0.027	0.063	-0.044	0.088	0.063	0.087	0.073	-0.026	0.023	2016_7_13_14_33_04
FLQS309TGRWY____	0.007	-0.002	0.106	0.138	0.133	-0.065	-0.067	-0.003	0.02	0.072	0.02	0.004	-0.001	0.059	0.075	0.07	-0.051	0.059	0.184	0.07	0.007	0.059	0.001	0.072	0.118	0.185	0.066	0.069	0.131	0.073	0.02	0.059	0.125	0.086	-0.007	-0.048	0.123	-0.06	-0.111	0.117	0.056	-0.007	-0.007	-0.054	-0.007	-0.108	0.006	-0.067	-0.055	0.016	0.012	0.002	-0.007	-0.124	0.058	-0.007	-0.099	-0.041	-0.041	0.063	0.122	0.06	0.003	-0.115	0.519	0.521	0.578	0.597	0.571	0.515	0.522	0.516	0.457	0.588	0.472	0.543	0.559	0.573	0.563	0.572	0.521	0.64	0.607	0.562	0.569	0.494	0.526	0.54	0.596	0.616	0.6	0.553	0.571	0.555	0.541	0.495	0.053	-0.003	0.552	2016_7_13_16_45_51
FLQS319HGRWY____	-0.123	0.009	-0.042	0.036	-0.114	-0.042	-0.042	-0.057	-0.042	-0.096	-0.053	0.01	-0.042	-0.076	0.01	0.07	-0.042	-0.051	-0.116	0.007	0.01	-0.042	0.007	0.008	0.061	-0.059	-0.058	0.062	-0.153	-0.042	-0.058	0.055	-0.06	-0.08	-0.08	-0.016	0.043	-0.118	-0.06	-0.079	-0.093	-0.088	-0.08	0.044	-0.004	-0.151	-0.134	-0.016	-0.004	-0.185	-0.066	-0.128	-0.06	-0.06	-0.004	-0.133	-0.016	-0.016	-0.133	-0.008	-0.074	-0.004	-0.074	-0.006	0.028	0.116	0.034	0.07	0.048	0.17	0.186	0.089	0.087	0.075	0.09	0.099	0.026	0.091	0.124	0.103	0.027	0.106	0.063	0.122	0.089	0.127	0.116	0.123	0.097	0.079	0.096	0.127	0.049	0.022	0.087	0.124	-0.032	-0.061	0.09	2016_7_13_16_45_54
FLQS3009GRWQ____	0.118	-0.039	-0.102	-0.033	0.07	0.003	-0.06	0.114	-0.049	-0.044	-0.001	0.004	-0.047	-0.131	-0.007	0.103	0.003	0.002	-0.007	-0.047	0.007	0.033	-0.007	0.038	-0.048	-0.007	-0.112	-0.007	-0.033	0.014	-0.11	-0.007	0.06	-0.063	-0.018	-0.053	-0.053	0.061	-0.018	-0.141	0.058	-0.085	-0.076	0.055	0.059	-0.053	-0.018	0.003	-0.013	-0.018	0.003	-0.064	0.003	0.057	-0.013	0.043	0.115	0.117	-0.008	-0.053	-0.008	-0.128	0.003	0.065	-0.513	-0.559	-0.629	-0.512	-0.517	-0.559	-0.541	-0.486	-0.58	-0.558	-0.542	-0.558	-0.579	-0.565	-0.583	-0.534	-0.517	-0.548	-0.497	-0.562	-0.549	-0.547	-0.553	-0.542	-0.588	-0.494	-0.597	-0.582	-0.591	-0.528	-0.57	-0.461	-0.012	-0.006	-0.548	2016_7_13_16_45_57
FLQS3024GRWM____	0.15	0.15	0.15	0.172	0.15	0.176	0.184	0.15	0.183	0.212	0.178	0.15	0.182	0.15	0.242	0.174	0.235	0.108	0.15	0.15	0.15	0.048	0.244	0.109	0.15	0.231	0.118	0.15	0.189	0.237	0.128	0.15	-0.127	-0.058	-0.064	0.018	-0.121	0.004	0.069	0.053	0.01	-0.084	0.001	0.018	-0.055	-0.01	-0.007	0.123	-0.057	0.018	0.004	-0.008	0.018	0.134	-0.059	0.01	0.037	0.008	0.061	0.037	0.136	0.058	0.107	0.007	-0.034	0.018	0.089	-0.015	-0.038	0.02	0.014	-0.068	0.023	0.047	0.021	-0.033	0.031	-0.078	0.049	0.002	0.053	-0.041	-0.029	-0.096	0.111	-0.05	0.057	-0.033	-0.121	0.042	-0.012	0.061	0.007	0.038	-0.014	0.092	0.166	0.009	0.003	2016_7_13_16_46_00
FLQS3047GRWM____	-0.058	-0.127	-0.205	-0.127	-0.214	-0.136	-0.028	-0.127	-0.26	-0.071	-0.087	-0.145	-0.072	-0.127	-0.175	-0.003	0.006	-0.042	-0.2	-0.078	-0.136	-0.127	-0.145	-0.127	-0.127	-0.235	-0.206	-0.193	-0.014	-0.079	-0.14	-0.127	-0.039	0.008	-0.118	0.01	-0.065	-0.054	-0.175	-0.039	-0.003	-0.112	-0.049	-0.054	0.003	-0.039	-0.049	-0.061	-0.049	0.069	-0.061	0.002	-0.039	-0.065	-0.128	0.03	-0.049	-0.039	-0.049	0.054	-0.039	-0.049	-0.039	-0.069	-0.137	-0.075	-0.186	-0.171	-0.121	-0.166	-0.106	-0.233	-0.224	-0.131	-0.202	-0.166	-0.148	-0.119	-0.183	-0.065	-0.189	-0.145	-0.192	-0.15	-0.203	-0.171	-0.16	-0.099	-0.166	-0.229	-0.158	-0.205	-0.148	-0.117	-0.131	-0.239	-0.123	-0.043	-0.16	2016_7_13_16_46_03
FLQS3052GRWY____	-0.017	-0.14	-0.017	-0.02	-0.017	0.099	-0.085	0.051	-0.147	-0.017	-0.12	-0.02	0.099	-0.017	-0.017	0.04	-0.084	0.036	-0.079	0.067	-0.09	-0.151	-0.017	-0.07	-0.017	-0.087	0.024	-0.022	-0.017	-0.02	-0.017	0.09	0.076	0.074	0.076	0.003	0.065	0.129	0.067	0.076	0.007	0.195	0.074	0.076	0.073	0.2	0.124	0.069	0.073	0.129	-0.052	-0.024	0.196	0.133	0.002	0.076	0.2	-0.001	0.127	0.119	0.076	0.065	-0.039	0.13	-0.133	-0.068	-0.002	0.021	-0.127	-0.013	-0.079	-0.064	-0.096	-0.003	-0.094	-0.079	-0.005	0.078	-0.136	-0.028	-0.034	-0.039	-0.06	-0.005	-0.099	-0.115	0.035	-0.046	0.001	-0.071	-0.043	-0.061	0.046	-0.118	-0.037	-0.017	-0.025	0.081	-0.047	2016_7_13_16_46_07
FLQS3057GRWM____	0.087	0.074	0.003	0.003	0.058	-0.119	0.004	0.003	0.003	0.003	0.003	-0.118	0.003	-0.057	-0.056	0.07	-0.062	0.008	0.003	-0.113	0.13	0.003	-0.11	0.003	0.051	0.003	0.115	0.008	0.036	0.003	-0.109	0.006	0.019	-0.065	-0.065	-0.05	0.008	-0.167	-0.05	-0.072	-0.072	-0.072	-0.05	0.004	-0.186	0.007	0	0.014	-0.005	-0.05	-0.116	-0.065	-0.05	-0.065	0.06	0.081	-0.072	-0.065	-0.107	0.057	-0.04	0.074	-0.172	-0.179	0.601	0.642	0.596	0.515	0.591	0.543	0.55	0.544	0.672	0.529	0.617	0.519	0.682	0.544	0.545	0.595	0.545	0.605	0.586	0.564	0.628	0.531	0.515	0.558	0.55	0.507	0.63	0.563	0.589	0.559	0.548	0.596	-0.002	-0.047	0.574	2016_7_13_16_46_09
FLQS3072GRWV____	-0.162	-0.122	-0.162	-0.199	-0.263	-0.088	-0.062	-0.254	-0.079	-0.153	-0.121	-0.068	-0.081	-0.095	-0.209	-0.157	-0.157	-0.07	-0.162	-0.207	-0.261	-0.162	-0.229	-0.287	-0.111	-0.202	-0.162	-0.141	-0.09	-0.202	-0.253	-0.301	0.119	0.053	0.074	0.139	-0.058	-0.042	0.071	0.072	0.134	0.053	0.053	0.132	0.072	0.053	0.053	0.117	0.131	0.053	0.007	0.071	0.194	0.061	0.006	0.053	-0.07	-0.002	0.011	0.074	0.011	0.067	0.053	0.124	-0.086	-0.034	-0.145	-0.103	-0.103	-0.033	-0.039	-0.117	-0.055	-0.049	-0.085	-0.049	-0.046	-0.021	-0.096	-0.083	-0.006	-0.001	-0.172	-0.097	-0.136	-0.01	-0.098	-0.103	-0.039	-0.086	-0.193	-0.071	-0.041	-0.094	-0.14	-0.143	-0.165	0.061	-0.08	2016_7_13_16_46_13
FLQS3084GRWM____	0.03	-0.026	-0.02	0.023	-0.017	-0.062	-0.012	-0.045	0.061	-0.032	-0.049	-0.029	0.051	-0.109	-0.138	-0.012	-0.073	-0.067	-0.012	-0.003	0.038	-0.09	-0.059	-0.014	-0.024	-0.007	0.058	-0.007	0.061	0.001	0.012	0.055	-0.128	0.005	0.005	-0.068	-0.13	0.005	0.012	-0.007	0.074	0.012	-0.121	0.005	0.069	-0.005	-0.061	-0.005	-0.126	-0.061	-0.007	-0.005	0.012	0.012	-0.116	0.005	-0.007	-0.114	-0.124	-0.125	-0.007	0.012	-0.007	-0.007	-0.028	-0.096	-0.066	-0.039	-0.048	-0.056	-0.007	-0.101	-0.043	-0.107	-0.061	-0.098	-0.046	-0.101	-0.089	-0.019	-0.07	-0.077	-0.08	-0.086	-0.009	-0.123	-0.065	-0.028	-0.067	0.028	-0.017	-0.043	-0.052	-0.092	-0.078	-0.052	-0.016	-0.031	-0.06	2016_7_13_16_46_17
FLQS3160GRWY____	-0.092	-0.086	-0.099	-0.151	-0.088	-0.095	-0.1	-0.18	-0.1	-0.154	-0.216	-0.091	-0.16	-0.031	-0.091	-0.099	-0.088	-0.086	-0.158	-0.1	-0.166	-0.209	-0.211	-0.1	-0.155	-0.215	-0.041	-0.1	-0.042	-0.099	-0.1	-0.205	0.081	0.081	0.081	0.081	0.2	0.081	0.205	0.074	0.189	0.201	0.078	0.081	0.011	0.081	0.016	0.197	0.2	0.071	-0.039	0.081	-0.054	-0.055	0.081	0.081	0.014	0.133	0.138	0.078	0.139	0.078	-0.041	0.069	-0.126	-0.099	-0.164	-0.098	-0.117	-0.127	-0.019	-0.137	-0.192	-0.143	-0.124	-0.075	-0.12	-0.104	-0.092	-0.121	-0.116	-0.098	-0.111	-0.082	-0.112	-0.131	-0.122	-0.138	-0.118	-0.159	-0.089	-0.054	-0.089	-0.104	-0.088	-0.146	-0.122	0.085	-0.113	2016_7_13_16_46_20
