SN	Distance_X_LOGO_Motor1	Distance_X_LOGO_motor2	Distance_X_LOGO_3	Distance_X_LOGO_4	Distance_X_LOGO_5	Distance_X_LOGO_6	Distance_X_LOGO_7	Distance_X_LOGO_8	Distance_X_LOGO_9	Distance_X_LOGO_10	Distance_X_LOGO_11	Distance_X_LOGO_12	Distance_X_LOGO_13	Distance_X_LOGO_14	Distance_X_LOGO_15	Distance_X_LOGO_16	Distance_X_LOGO_17	Distance_X_LOGO_18	Distance_X_LOGO_19	Distance_X_LOGO_20	Distance_X_LOGO_21	Distance_X_LOGO_22	Distance_X_LOGO_23	Distance_X_LOGO_24	Distance_X_LOGO_25	Distance_X_LOGO_26	Distance_X_LOGO_27	Distance_X_LOGO_28	Distance_X_LOGO_29	Distance_X_LOGO_30	Distance_X_LOGO_31	Distance_X_LOGO_32	Distance_Y_LOGO_Motor1	Distance_Y_LOGO_motor2	Distance_Y_LOGO_3	Distance_Y_LOGO_4	Distance_Y_LOGO_5	Distance_Y_LOGO_6	Distance_Y_LOGO_7	Distance_Y_LOGO_8	Distance_Y_LOGO_9	Distance_Y_LOGO_10	Distance_Y_LOGO_11	Distance_Y_LOGO_12	Distance_Y_LOGO_13	Distance_Y_LOGO_14	Distance_Y_LOGO_15	Distance_Y_LOGO_16	Distance_Y_LOGO_17	Distance_Y_LOGO_18	Distance_Y_LOGO_19	Distance_Y_LOGO_20	Distance_Y_LOGO_21	Distance_Y_LOGO_22	Distance_Y_LOGO_23	Distance_Y_LOGO_24	Distance_Y_LOGO_25	Distance_Y_LOGO_26	Distance_Y_LOGO_27	Distance_Y_LOGO_28	Distance_Y_LOGO_29	Distance_Y_LOGO_30	Distance_Y_LOGO_31	Distance_Y_LOGO_32	Angle_Motor1	Angle_motor2	Angle_3	Angle_4	Angle_5	Angle_6	Angle_7	Angle_8	Angle_9	Angle_10	Angle_11	Angle_12	Angle_13	Angle_14	Angle_15	Angle_16	Angle_17	Angle_18	Angle_19	Angle_20	Angle_21	Angle_22	Angle_23	Angle_24	Angle_25	Angle_26	Angle_27	Angle_28	Angle_29	Angle_30	Angle_31	Angle_32	Date_time
FLQS30KVGRWV____	-13.868	-13.845	-13.803	-13.767	-13.801	-13.802	-13.767	-13.801	-13.696	-13.738	-13.738	-13.802	-13.801	-13.766	-13.704	-13.731	-13.662	-13.801	-13.767	-13.801	-13.696	-13.730	-13.730	-13.766	-13.773	-13.731	-13.767	-13.696	-13.767	-13.591	-13.704	-13.767	-140.767	-140.771	-140.799	-140.760	-140.768	-140.771	-140.760	-140.733	-140.764	-140.664	-140.664	-140.770	-140.768	-140.733	-140.700	-140.731	-140.700	-140.733	-140.734	-140.698	-140.734	-140.669	-140.669	-140.733	-140.761	-140.731	-140.700	-140.734	-140.736	-140.732	-140.703	-140.700	264.036	264.046	264.064	264.077	264.064	264.063	264.077	264.062	264.106	264.085	264.085	264.063	264.064	264.076	264.100	264.090	264.117	264.062	264.076	264.061	264.105	264.088	264.088	264.076	264.075	264.090	264.075	264.105	264.076	264.147	264.100	264.075	2016_7_19_16_59_06
FLQS30KBGRWV____	-13.647	-13.683	-13.612	-13.577	-13.612	-13.613	-13.577	-13.610	-13.508	-13.577	-13.577	-13.612	-13.612	-13.606	-13.542	-13.541	-13.503	-13.610	-13.577	-13.612	-13.536	-13.541	-13.541	-13.606	-13.612	-13.541	-13.576	-13.536	-13.578	-13.402	-13.542	-13.576	-140.776	-140.781	-140.775	-140.707	-140.778	-140.781	-140.707	-140.769	-140.801	-140.668	-140.668	-140.776	-140.778	-140.743	-140.713	-140.742	-140.709	-140.769	-140.744	-140.708	-140.742	-140.679	-140.679	-140.743	-140.742	-140.742	-140.772	-140.742	-140.743	-140.742	-140.717	-140.772	264.800	264.786	264.814	264.826	264.814	264.814	264.826	264.815	264.857	264.824	264.824	264.814	264.814	264.815	264.840	264.841	264.856	264.815	264.827	264.812	264.843	264.839	264.839	264.815	264.813	264.841	264.828	264.843	264.827	264.898	264.840	264.828	2016_7_19_16_59_06
FLQS30CWGRWV____	-13.768	-13.776	-13.733	-13.698	-13.733	-13.706	-13.698	-13.733	-13.630	-13.698	-13.698	-13.734	-13.733	-13.670	-13.635	-13.663	-13.595	-13.733	-13.699	-13.705	-13.628	-13.662	-13.662	-13.670	-13.733	-13.663	-13.698	-13.628	-13.700	-13.524	-13.634	-13.698	-140.770	-140.773	-140.799	-140.762	-140.772	-140.775	-140.762	-140.738	-140.771	-140.702	-140.702	-140.772	-140.772	-140.737	-140.705	-140.762	-140.668	-140.738	-140.738	-140.701	-140.736	-140.674	-140.674	-140.737	-140.762	-140.762	-140.703	-140.736	-140.706	-140.736	-140.678	-140.703	264.077	264.074	264.092	264.105	264.091	264.102	264.105	264.090	264.133	264.103	264.103	264.091	264.091	264.115	264.128	264.119	264.143	264.090	264.104	264.100	264.132	264.116	264.116	264.115	264.091	264.119	264.102	264.132	264.102	264.174	264.127	264.102	2016_7_19_16_59_06
FLQS30C7GRWV____	-13.634	-13.641	-13.600	-13.564	-13.599	-13.571	-13.564	-13.598	-13.495	-13.564	-13.564	-13.599	-13.599	-13.562	-13.499	-13.529	-13.461	-13.598	-13.564	-13.600	-13.494	-13.528	-13.528	-13.562	-13.599	-13.529	-13.564	-13.494	-13.565	-13.389	-13.528	-13.564	-140.668	-140.707	-140.767	-140.637	-140.705	-140.707	-140.637	-140.695	-140.703	-140.599	-140.599	-140.704	-140.705	-140.696	-140.636	-140.635	-140.600	-140.695	-140.697	-140.703	-140.670	-140.608	-140.608	-140.696	-140.669	-140.635	-140.636	-140.670	-140.668	-140.670	-140.640	-140.636	264.127	264.126	264.145	264.154	264.142	264.154	264.154	264.143	264.184	264.153	264.153	264.143	264.142	264.157	264.180	264.168	264.194	264.143	264.156	264.142	264.184	264.168	264.168	264.157	264.141	264.168	264.154	264.184	264.155	264.226	264.168	264.154	2016_7_19_16_59_06
FLQS29JFGRX5____	-13.759	-13.767	-13.696	-13.660	-13.724	-13.697	-13.660	-13.696	-13.619	-13.660	-13.660	-13.723	-13.724	-13.687	-13.625	-13.653	-13.556	-13.696	-13.661	-13.695	-13.618	-13.625	-13.625	-13.687	-13.724	-13.653	-13.660	-13.618	-13.689	-13.513	-13.625	-13.660	-140.782	-140.757	-140.729	-140.695	-140.786	-140.756	-140.695	-140.720	-140.782	-140.658	-140.658	-140.759	-140.786	-140.751	-140.686	-140.721	-140.661	-140.720	-140.721	-140.663	-140.722	-140.657	-140.657	-140.751	-140.721	-140.721	-140.687	-140.722	-140.719	-140.722	-140.688	-140.687	264.755	264.751	264.779	264.792	264.769	264.779	264.792	264.778	264.811	264.790	264.790	264.769	264.769	264.783	264.805	264.795	264.832	264.778	264.792	264.776	264.810	264.804	264.804	264.783	264.767	264.795	264.791	264.810	264.781	264.852	264.805	264.791	2016_7_19_16_59_06
FLQS22XEGRX2____	-13.592	-13.628	-13.557	-13.522	-13.557	-13.558	-13.522	-13.557	-13.482	-13.522	-13.522	-13.585	-13.557	-13.522	-13.487	-13.487	-13.448	-13.557	-13.523	-13.557	-13.480	-13.487	-13.487	-13.522	-13.586	-13.487	-13.522	-13.480	-13.552	-13.376	-13.516	-13.522	-140.721	-140.725	-140.725	-140.649	-140.725	-140.726	-140.649	-140.713	-140.745	-140.651	-140.651	-140.754	-140.725	-140.688	-140.654	-140.688	-140.654	-140.713	-140.714	-140.655	-140.715	-140.651	-140.651	-140.688	-140.688	-140.688	-140.656	-140.715	-140.688	-140.687	-140.659	-140.656	264.146	264.131	264.160	264.171	264.160	264.160	264.171	264.160	264.191	264.171	264.171	264.150	264.160	264.173	264.186	264.187	264.201	264.160	264.174	264.157	264.191	264.186	264.186	264.173	264.147	264.187	264.172	264.191	264.161	264.232	264.174	264.172	2016_7_19_16_59_06
FLQS22TQGRX2____	-13.497	-13.533	-13.462	-13.427	-13.462	-13.463	-13.427	-13.461	-13.358	-13.427	-13.427	-13.463	-13.462	-13.427	-13.362	-13.392	-13.323	-13.461	-13.427	-13.462	-13.357	-13.391	-13.391	-13.427	-13.462	-13.392	-13.427	-13.357	-13.428	-13.252	-13.392	-13.427	-140.864	-140.867	-140.893	-140.831	-140.868	-140.868	-140.831	-140.830	-140.862	-140.794	-140.794	-140.895	-140.868	-140.830	-140.796	-140.829	-140.795	-140.830	-140.829	-140.823	-140.832	-140.790	-140.790	-140.830	-140.832	-140.829	-140.822	-140.832	-140.859	-140.828	-140.800	-140.822	264.864	264.850	264.879	264.891	264.878	264.878	264.891	264.877	264.920	264.889	264.889	264.879	264.878	264.891	264.916	264.905	264.932	264.877	264.891	264.876	264.919	264.904	264.904	264.891	264.877	264.905	264.891	264.919	264.892	264.961	264.904	264.891	2016_7_19_16_59_07
FLQS21YXGRX2____	-13.864	-13.900	-13.830	-13.822	-13.858	-13.829	-13.822	-13.859	-13.724	-13.822	-13.822	-13.861	-13.858	-13.822	-13.759	-13.758	-13.689	-13.859	-13.824	-13.829	-13.752	-13.758	-13.758	-13.822	-13.858	-13.758	-13.795	-13.752	-13.794	-13.619	-13.758	-13.795	-140.688	-140.691	-140.659	-140.654	-140.689	-140.690	-140.654	-140.653	-140.685	-140.618	-140.618	-140.691	-140.689	-140.621	-140.620	-140.651	-140.588	-140.653	-140.653	-140.618	-140.655	-140.585	-140.585	-140.621	-140.654	-140.651	-140.589	-140.655	-140.657	-140.653	-140.622	-140.589	264.035	264.021	264.048	264.051	264.038	264.049	264.051	264.036	264.091	264.049	264.049	264.036	264.038	264.049	264.075	264.076	264.102	264.036	264.050	264.046	264.079	264.074	264.074	264.049	264.036	264.076	264.059	264.079	264.062	264.132	264.075	264.059	2016_7_19_16_59_07
FLQS2AVTGRX5____	-13.572	-13.608	-13.537	-13.501	-13.537	-13.538	-13.501	-13.537	-13.431	-13.502	-13.502	-13.537	-13.537	-13.502	-13.466	-13.466	-13.397	-13.537	-13.502	-13.538	-13.432	-13.467	-13.467	-13.502	-13.536	-13.466	-13.503	-13.432	-13.502	-13.327	-13.467	-13.503	-140.754	-140.752	-140.727	-140.718	-140.754	-140.755	-140.718	-140.690	-140.754	-140.685	-140.685	-140.727	-140.754	-140.719	-140.687	-140.717	-140.686	-140.690	-140.720	-140.684	-140.719	-140.650	-140.650	-140.719	-140.718	-140.717	-140.684	-140.719	-140.718	-140.719	-140.685	-140.684	264.830	264.815	264.843	264.856	264.844	264.843	264.856	264.841	264.886	264.855	264.855	264.843	264.844	264.856	264.869	264.871	264.897	264.841	264.856	264.840	264.885	264.868	264.868	264.856	264.842	264.871	264.855	264.885	264.856	264.927	264.869	264.855	2016_7_19_16_59_07
FLQS3087GRWV____	-13.652	-13.688	-13.617	-13.581	-13.617	-13.619	-13.581	-13.645	-13.513	-13.612	-13.612	-13.616	-13.617	-13.610	-13.547	-13.546	-13.510	-13.645	-13.582	-13.617	-13.541	-13.546	-13.546	-13.610	-13.617	-13.546	-13.581	-13.541	-13.583	-13.407	-13.547	-13.581	-140.789	-140.815	-140.796	-140.778	-140.795	-140.818	-140.778	-140.785	-140.790	-140.750	-140.750	-140.821	-140.795	-140.815	-140.746	-140.779	-140.727	-140.785	-140.762	-140.729	-140.785	-140.722	-140.722	-140.815	-140.779	-140.779	-140.751	-140.785	-140.779	-140.755	-140.732	-140.751	264.125	264.111	264.139	264.153	264.139	264.139	264.153	264.127	264.180	264.139	264.139	264.140	264.139	264.142	264.165	264.167	264.179	264.127	264.152	264.136	264.169	264.165	264.165	264.142	264.138	264.167	264.151	264.169	264.152	264.222	264.165	264.151	2016_7_19_16_59_07
FLQS2044GRWY____	-13.753	-13.759	-13.689	-13.653	-13.718	-13.690	-13.653	-13.688	-13.613	-13.653	-13.653	-13.690	-13.718	-13.681	-13.618	-13.618	-13.549	-13.688	-13.654	-13.689	-13.611	-13.617	-13.617	-13.681	-13.689	-13.618	-13.654	-13.611	-13.654	-13.479	-13.618	-13.654	-140.802	-140.802	-140.776	-140.743	-140.806	-140.806	-140.743	-140.767	-140.802	-140.704	-140.704	-140.776	-140.806	-140.768	-140.708	-140.742	-140.707	-140.767	-140.741	-140.707	-140.768	-140.678	-140.678	-140.768	-140.743	-140.742	-140.708	-140.768	-140.743	-140.742	-140.713	-140.708	264.758	264.756	264.783	264.796	264.772	264.784	264.796	264.783	264.815	264.795	264.795	264.783	264.772	264.786	264.809	264.810	264.837	264.783	264.796	264.780	264.814	264.808	264.808	264.786	264.782	264.810	264.795	264.814	264.796	264.867	264.809	264.795	2016_7_19_16_59_07
FLQS312SGRWV____	-13.887	-13.895	-13.853	-13.818	-13.824	-13.824	-13.818	-13.823	-13.719	-13.817	-13.817	-13.853	-13.824	-13.816	-13.753	-13.751	-13.684	-13.823	-13.788	-13.823	-13.747	-13.752	-13.752	-13.816	-13.853	-13.751	-13.788	-13.747	-13.788	-13.613	-13.754	-13.788	-140.766	-140.771	-140.793	-140.757	-140.769	-140.771	-140.757	-140.733	-140.766	-140.724	-140.724	-140.795	-140.769	-140.734	-140.699	-140.757	-140.665	-140.733	-140.734	-140.699	-140.732	-140.670	-140.670	-140.734	-140.758	-140.757	-140.699	-140.732	-140.759	-140.733	-140.703	-140.699	264.029	264.026	264.044	264.056	264.054	264.054	264.056	264.053	264.096	264.055	264.055	264.044	264.054	264.056	264.080	264.083	264.107	264.053	264.067	264.052	264.084	264.079	264.079	264.056	264.042	264.083	264.066	264.084	264.069	264.138	264.080	264.066	2016_7_19_16_59_07
FLQS31J6GRWY____	-13.794	-13.829	-13.791	-13.725	-13.760	-13.791	-13.725	-13.791	-13.655	-13.724	-13.724	-13.758	-13.760	-13.724	-13.689	-13.689	-13.650	-13.791	-13.756	-13.791	-13.684	-13.688	-13.688	-13.724	-13.759	-13.689	-13.724	-13.684	-13.725	-13.549	-13.689	-13.724	-140.717	-140.721	-140.743	-140.709	-140.719	-140.750	-140.709	-140.710	-140.717	-140.646	-140.646	-140.718	-140.719	-140.683	-140.677	-140.710	-140.649	-140.710	-140.711	-140.676	-140.707	-140.642	-140.642	-140.683	-140.709	-140.710	-140.675	-140.707	-140.710	-140.683	-140.679	-140.675	264.739	264.724	264.741	264.766	264.752	264.741	264.766	264.739	264.794	264.764	264.764	264.753	264.752	264.765	264.779	264.781	264.794	264.739	264.753	264.738	264.782	264.778	264.778	264.765	264.752	264.781	264.765	264.782	264.766	264.836	264.779	264.765	2016_7_19_16_58_54
FLQS31FWGRWY____	-13.689	-13.696	-13.625	-13.590	-13.654	-13.627	-13.590	-13.653	-13.550	-13.618	-13.618	-13.624	-13.654	-13.617	-13.555	-13.583	-13.515	-13.653	-13.618	-13.624	-13.548	-13.554	-13.554	-13.617	-13.625	-13.583	-13.589	-13.548	-13.619	-13.444	-13.556	-13.589	-140.791	-140.766	-140.736	-140.728	-140.793	-140.765	-140.728	-140.757	-140.733	-140.695	-140.695	-140.765	-140.793	-140.758	-140.699	-140.730	-140.667	-140.757	-140.731	-140.670	-140.730	-140.666	-140.666	-140.758	-140.729	-140.730	-140.694	-140.730	-140.728	-140.730	-140.702	-140.694	264.784	264.780	264.807	264.821	264.798	264.808	264.821	264.797	264.838	264.808	264.808	264.809	264.798	264.811	264.834	264.824	264.849	264.797	264.810	264.805	264.838	264.833	264.833	264.811	264.807	264.824	264.820	264.838	264.809	264.880	264.834	264.820	2016_7_19_16_58_55
FLQS31CRGRWY____	-13.362	-13.398	-13.327	-13.291	-13.326	-13.329	-13.291	-13.355	-13.223	-13.321	-13.321	-13.355	-13.326	-13.320	-13.257	-13.256	-13.187	-13.355	-13.321	-13.356	-13.251	-13.256	-13.256	-13.320	-13.327	-13.256	-13.292	-13.251	-13.292	-13.146	-13.257	-13.292	-140.676	-140.708	-140.677	-140.671	-140.734	-140.708	-140.671	-140.672	-140.704	-140.638	-140.638	-140.708	-140.734	-140.700	-140.638	-140.643	-140.609	-140.672	-140.703	-140.639	-140.672	-140.607	-140.607	-140.700	-140.670	-140.643	-140.637	-140.672	-140.671	-140.671	-140.642	-140.637	264.398	264.385	264.412	264.427	264.415	264.413	264.427	264.401	264.455	264.413	264.413	264.402	264.415	264.416	264.439	264.440	264.466	264.401	264.416	264.399	264.443	264.439	264.439	264.416	264.412	264.440	264.425	264.443	264.426	264.485	264.439	264.425	2016_7_19_16_58_55
FLQS319LGRWY____	-13.545	-13.552	-13.511	-13.475	-13.482	-13.482	-13.475	-13.481	-13.377	-13.475	-13.475	-13.481	-13.482	-13.474	-13.411	-13.411	-13.342	-13.481	-13.446	-13.481	-13.404	-13.439	-13.439	-13.474	-13.510	-13.411	-13.446	-13.404	-13.448	-13.271	-13.412	-13.446	-140.705	-140.709	-140.734	-140.696	-140.709	-140.709	-140.696	-140.671	-140.705	-140.663	-140.663	-140.707	-140.709	-140.672	-140.639	-140.672	-140.603	-140.671	-140.671	-140.638	-140.673	-140.635	-140.635	-140.672	-140.697	-140.672	-140.638	-140.673	-140.674	-140.671	-140.644	-140.638	264.839	264.836	264.853	264.866	264.864	264.864	264.866	264.863	264.906	264.865	264.865	264.864	264.864	264.866	264.890	264.891	264.916	264.863	264.877	264.862	264.894	264.878	264.878	264.866	264.852	264.891	264.876	264.894	264.876	264.948	264.890	264.876	2016_7_19_16_58_55
FLQS319HGRWY____	-13.710	-13.746	-13.675	-13.640	-13.676	-13.677	-13.640	-13.674	-13.572	-13.641	-13.641	-13.674	-13.676	-13.641	-13.606	-13.604	-13.537	-13.674	-13.641	-13.674	-13.571	-13.605	-13.605	-13.641	-13.676	-13.604	-13.639	-13.571	-13.642	-13.466	-13.606	-13.639	-140.841	-140.814	-140.815	-140.779	-140.791	-140.793	-140.779	-140.755	-140.787	-140.718	-140.718	-140.817	-140.791	-140.756	-140.721	-140.779	-140.721	-140.755	-140.756	-140.747	-140.756	-140.716	-140.716	-140.756	-140.778	-140.779	-140.746	-140.756	-140.754	-140.754	-140.727	-140.746	264.103	264.088	264.116	264.129	264.115	264.115	264.129	264.114	264.156	264.126	264.126	264.117	264.115	264.127	264.140	264.143	264.168	264.114	264.128	264.114	264.156	264.141	264.141	264.127	264.114	264.143	264.128	264.156	264.127	264.198	264.141	264.128	2016_7_19_16_58_55
FLQS317CGRWY____	-13.723	-13.759	-13.688	-13.653	-13.717	-13.689	-13.653	-13.756	-13.584	-13.653	-13.653	-13.689	-13.717	-13.653	-13.617	-13.617	-13.549	-13.756	-13.653	-13.687	-13.612	-13.646	-13.646	-13.653	-13.688	-13.617	-13.653	-13.612	-13.653	-13.478	-13.617	-13.653	-140.717	-140.720	-140.721	-140.685	-140.745	-140.722	-140.685	-140.712	-140.717	-140.649	-140.649	-140.720	-140.745	-140.686	-140.651	-140.684	-140.652	-140.712	-140.686	-140.652	-140.687	-140.648	-140.648	-140.686	-140.684	-140.684	-140.652	-140.687	-140.685	-140.684	-140.656	-140.652	264.767	264.753	264.781	264.794	264.771	264.781	264.794	264.753	264.823	264.793	264.793	264.781	264.771	264.794	264.807	264.808	264.835	264.753	264.794	264.779	264.811	264.796	264.796	264.794	264.780	264.808	264.793	264.811	264.794	264.864	264.807	264.793	2016_7_19_16_58_55
FLQS3160GRWY____	-13.556	-13.565	-13.494	-13.458	-13.521	-13.495	-13.458	-13.493	-13.418	-13.487	-13.487	-13.521	-13.521	-13.486	-13.423	-13.422	-13.383	-13.493	-13.459	-13.494	-13.417	-13.422	-13.422	-13.486	-13.521	-13.422	-13.459	-13.417	-13.487	-13.312	-13.422	-13.459	-140.736	-140.739	-140.763	-140.726	-140.739	-140.740	-140.726	-140.704	-140.735	-140.668	-140.668	-140.766	-140.739	-140.705	-140.670	-140.665	-140.670	-140.704	-140.704	-140.671	-140.704	-140.641	-140.641	-140.705	-140.727	-140.665	-140.670	-140.704	-140.667	-140.700	-140.641	-140.670	264.372	264.369	264.398	264.412	264.386	264.397	264.412	264.396	264.428	264.397	264.397	264.387	264.386	264.399	264.423	264.424	264.440	264.396	264.410	264.395	264.427	264.423	264.423	264.399	264.386	264.424	264.409	264.427	264.397	264.469	264.423	264.409	2016_7_19_16_58_55
FLQS3126GRWV____	-13.612	-13.619	-13.548	-13.513	-13.548	-13.550	-13.513	-13.548	-13.474	-13.513	-13.513	-13.548	-13.548	-13.541	-13.478	-13.506	-13.409	-13.548	-13.513	-13.548	-13.442	-13.477	-13.477	-13.541	-13.548	-13.506	-13.513	-13.442	-13.514	-13.368	-13.478	-13.513	-140.793	-140.770	-140.742	-140.705	-140.771	-140.772	-140.705	-140.737	-140.794	-140.670	-140.670	-140.771	-140.771	-140.763	-140.699	-140.736	-140.671	-140.737	-140.739	-140.676	-140.738	-140.674	-140.674	-140.763	-140.734	-140.736	-140.704	-140.738	-140.733	-140.733	-140.702	-140.704	264.815	264.811	264.838	264.851	264.840	264.839	264.851	264.838	264.871	264.850	264.850	264.840	264.840	264.842	264.865	264.855	264.892	264.838	264.853	264.836	264.881	264.865	264.865	264.842	264.838	264.855	264.851	264.881	264.852	264.911	264.865	264.851	2016_7_19_16_58_55
FLQS3115GRWV____	-13.748	-13.755	-13.683	-13.648	-13.684	-13.685	-13.648	-13.683	-13.611	-13.649	-13.649	-13.712	-13.684	-13.648	-13.614	-13.613	-13.544	-13.683	-13.649	-13.684	-13.579	-13.613	-13.613	-13.648	-13.714	-13.613	-13.649	-13.579	-13.650	-13.474	-13.614	-13.649	-140.923	-140.926	-140.953	-140.912	-140.927	-140.928	-140.912	-140.892	-140.981	-140.856	-140.856	-140.954	-140.927	-140.892	-140.857	-140.912	-140.857	-140.892	-140.892	-140.859	-140.894	-140.852	-140.852	-140.892	-140.915	-140.912	-140.883	-140.894	-140.856	-140.887	-140.861	-140.883	264.091	264.088	264.118	264.131	264.117	264.117	264.131	264.116	264.149	264.128	264.128	264.107	264.117	264.130	264.143	264.145	264.170	264.116	264.130	264.114	264.158	264.143	264.143	264.130	264.104	264.145	264.130	264.158	264.128	264.200	264.142	264.130	2016_7_19_16_58_55
FLQS310RGRWV____	-13.514	-13.550	-13.480	-13.444	-13.479	-13.480	-13.444	-13.479	-13.405	-13.444	-13.444	-13.479	-13.479	-13.443	-13.408	-13.408	-13.340	-13.479	-13.444	-13.479	-13.402	-13.408	-13.408	-13.443	-13.479	-13.408	-13.444	-13.402	-13.445	-13.269	-13.408	-13.444	-140.737	-140.739	-140.739	-140.704	-140.741	-140.740	-140.704	-140.704	-140.761	-140.668	-140.668	-140.765	-140.741	-140.705	-140.670	-140.705	-140.671	-140.704	-140.730	-140.672	-140.731	-140.667	-140.667	-140.705	-140.704	-140.705	-140.671	-140.731	-140.704	-140.703	-140.675	-140.671	264.261	264.247	264.275	264.288	264.276	264.275	264.288	264.274	264.306	264.287	264.287	264.277	264.276	264.289	264.301	264.303	264.329	264.274	264.289	264.273	264.306	264.301	264.301	264.289	264.274	264.303	264.287	264.306	264.288	264.359	264.302	264.287	2016_7_19_16_58_56
FLQS3106GRWV____	-13.759	-13.767	-13.726	-13.661	-13.697	-13.697	-13.661	-13.696	-13.593	-13.690	-13.690	-13.725	-13.697	-13.662	-13.626	-13.654	-13.586	-13.696	-13.662	-13.697	-13.620	-13.626	-13.626	-13.662	-13.725	-13.654	-13.662	-13.620	-13.691	-13.516	-13.626	-13.662	-140.762	-140.765	-140.793	-140.701	-140.764	-140.767	-140.701	-140.727	-140.734	-140.693	-140.693	-140.765	-140.764	-140.699	-140.696	-140.727	-140.695	-140.727	-140.728	-140.693	-140.729	-140.660	-140.660	-140.699	-140.700	-140.727	-140.692	-140.729	-140.730	-140.729	-140.674	-140.692	264.080	264.077	264.095	264.117	264.105	264.105	264.117	264.104	264.146	264.105	264.105	264.094	264.105	264.117	264.131	264.121	264.147	264.104	264.118	264.103	264.135	264.130	264.130	264.117	264.092	264.121	264.117	264.135	264.107	264.177	264.130	264.117	2016_7_19_16_58_56
FLQS30ZQGRWV____	-13.634	-13.643	-13.600	-13.565	-13.600	-13.634	-13.565	-13.599	-13.496	-13.566	-13.566	-13.599	-13.600	-13.565	-13.530	-13.530	-13.462	-13.599	-13.565	-13.600	-13.496	-13.530	-13.530	-13.565	-13.601	-13.530	-13.565	-13.496	-13.567	-13.390	-13.531	-13.565	-140.809	-140.787	-140.783	-140.750	-140.787	-140.815	-140.750	-140.773	-140.807	-140.712	-140.712	-140.784	-140.787	-140.751	-140.716	-140.751	-140.715	-140.773	-140.751	-140.781	-140.749	-140.711	-140.711	-140.751	-140.750	-140.751	-140.717	-140.749	-140.749	-140.749	-140.722	-140.717	264.806	264.802	264.819	264.832	264.819	264.807	264.832	264.819	264.862	264.830	264.830	264.820	264.819	264.832	264.845	264.846	264.872	264.819	264.832	264.819	264.860	264.845	264.845	264.832	264.818	264.846	264.831	264.860	264.831	264.903	264.845	264.831	2016_7_19_16_58_56
FLQS30YUGRWV____	-13.816	-13.882	-13.812	-13.808	-13.812	-13.813	-13.808	-13.811	-13.707	-13.777	-13.777	-13.812	-13.812	-13.776	-13.712	-13.741	-13.673	-13.811	-13.777	-13.812	-13.737	-13.740	-13.740	-13.776	-13.843	-13.741	-13.777	-13.737	-13.777	-13.602	-13.741	-13.777	-140.725	-140.755	-140.728	-140.720	-140.756	-140.758	-140.720	-140.721	-140.724	-140.657	-140.657	-140.759	-140.756	-140.692	-140.686	-140.718	-140.658	-140.721	-140.692	-140.687	-140.723	-140.656	-140.656	-140.692	-140.721	-140.718	-140.660	-140.723	-140.722	-140.692	-140.689	-140.660	264.730	264.704	264.732	264.733	264.733	264.732	264.733	264.732	264.774	264.743	264.743	264.733	264.733	264.745	264.770	264.760	264.785	264.732	264.744	264.730	264.762	264.758	264.758	264.745	264.719	264.760	264.743	264.762	264.745	264.815	264.759	264.743	2016_7_19_16_58_56
FLQS30X6GRWY____	-13.609	-13.617	-13.545	-13.510	-13.574	-13.546	-13.510	-13.573	-13.470	-13.511	-13.511	-13.545	-13.574	-13.538	-13.476	-13.475	-13.407	-13.573	-13.539	-13.545	-13.468	-13.475	-13.475	-13.538	-13.546	-13.475	-13.510	-13.468	-13.511	-13.366	-13.476	-13.510	-141.006	-140.983	-140.984	-140.917	-141.010	-141.011	-140.917	-140.975	-141.008	-140.912	-140.912	-140.985	-141.010	-140.975	-140.913	-140.947	-140.914	-140.975	-140.977	-140.915	-140.975	-140.888	-140.888	-140.975	-140.948	-140.947	-140.915	-140.975	-140.948	-140.947	-140.892	-140.915	264.150	264.146	264.175	264.187	264.164	264.176	264.187	264.164	264.206	264.186	264.186	264.175	264.164	264.178	264.200	264.202	264.228	264.164	264.177	264.172	264.206	264.200	264.200	264.178	264.173	264.202	264.186	264.206	264.187	264.246	264.200	264.186	2016_7_19_16_58_56
FLQS30X6GRWV____	-13.502	-13.510	-13.468	-13.433	-13.468	-13.469	-13.433	-13.467	-13.397	-13.432	-13.432	-13.468	-13.468	-13.431	-13.398	-13.397	-13.328	-13.467	-13.433	-13.439	-13.362	-13.397	-13.397	-13.431	-13.468	-13.397	-13.432	-13.362	-13.434	-13.257	-13.368	-13.432	-140.789	-140.765	-140.732	-140.728	-140.764	-140.765	-140.728	-140.727	-140.788	-140.690	-140.690	-140.762	-140.764	-140.755	-140.693	-140.697	-140.661	-140.727	-140.728	-140.691	-140.728	-140.662	-140.662	-140.755	-140.727	-140.697	-140.692	-140.728	-140.729	-140.726	-140.696	-140.692	264.800	264.796	264.812	264.826	264.813	264.813	264.826	264.812	264.843	264.825	264.825	264.813	264.813	264.828	264.839	264.839	264.866	264.812	264.826	264.822	264.854	264.838	264.838	264.828	264.812	264.839	264.825	264.854	264.826	264.897	264.851	264.825	2016_7_19_16_58_56
FLQS30WFGRWV____	-13.769	-13.777	-13.706	-13.698	-13.735	-13.770	-13.698	-13.767	-13.630	-13.699	-13.699	-13.733	-13.735	-13.699	-13.635	-13.663	-13.595	-13.767	-13.699	-13.706	-13.629	-13.663	-13.663	-13.699	-13.734	-13.663	-13.670	-13.629	-13.701	-13.524	-13.635	-13.670	-140.853	-140.856	-140.878	-140.843	-140.857	-140.884	-140.843	-140.844	-140.851	-140.784	-140.784	-140.882	-140.857	-140.822	-140.782	-140.843	-140.787	-140.844	-140.822	-140.789	-140.822	-140.783	-140.783	-140.822	-140.844	-140.843	-140.810	-140.822	-140.819	-140.818	-140.788	-140.810	264.754	264.751	264.780	264.782	264.768	264.755	264.782	264.754	264.810	264.779	264.779	264.770	264.768	264.781	264.805	264.796	264.821	264.754	264.781	264.777	264.809	264.794	264.794	264.781	264.768	264.796	264.792	264.809	264.780	264.851	264.805	264.792	2016_7_19_16_58_56
FLQS30VBGRWV____	-13.550	-13.558	-13.487	-13.480	-13.516	-13.488	-13.480	-13.516	-13.411	-13.480	-13.480	-13.517	-13.516	-13.480	-13.445	-13.446	-13.376	-13.516	-13.482	-13.486	-13.411	-13.445	-13.445	-13.480	-13.516	-13.446	-13.452	-13.411	-13.482	-13.306	-13.416	-13.452	-140.802	-140.779	-140.772	-140.740	-140.804	-140.780	-140.740	-140.768	-140.776	-140.703	-140.703	-140.774	-140.804	-140.767	-140.736	-140.743	-140.706	-140.768	-140.770	-140.673	-140.740	-140.702	-140.702	-140.767	-140.740	-140.743	-140.706	-140.740	-140.741	-140.741	-140.713	-140.706	264.840	264.836	264.864	264.866	264.854	264.864	264.866	264.853	264.895	264.865	264.865	264.852	264.854	264.867	264.880	264.880	264.907	264.853	264.866	264.861	264.894	264.879	264.879	264.867	264.852	264.880	264.876	264.894	264.865	264.936	264.891	264.876	2016_7_19_16_58_57
FLQS30UFGRWV____	-13.655	-13.691	-13.621	-13.584	-13.620	-13.621	-13.584	-13.618	-13.516	-13.585	-13.585	-13.620	-13.620	-13.612	-13.549	-13.549	-13.480	-13.618	-13.613	-13.620	-13.543	-13.549	-13.549	-13.612	-13.619	-13.549	-13.585	-13.543	-13.586	-13.410	-13.550	-13.585	-140.730	-140.732	-140.731	-140.697	-140.760	-140.733	-140.697	-140.753	-140.730	-140.659	-140.659	-140.759	-140.760	-140.753	-140.693	-140.696	-140.662	-140.753	-140.726	-140.664	-140.724	-140.659	-140.659	-140.753	-140.697	-140.696	-140.662	-140.724	-140.725	-140.696	-140.694	-140.662	264.795	264.781	264.809	264.822	264.810	264.809	264.822	264.811	264.851	264.820	264.820	264.810	264.810	264.813	264.836	264.836	264.863	264.811	264.812	264.807	264.840	264.835	264.835	264.813	264.808	264.836	264.821	264.840	264.823	264.892	264.836	264.821	2016_7_19_16_58_57
FLQS30TYGRWV____	-13.696	-13.704	-13.634	-13.599	-13.661	-13.663	-13.599	-13.661	-13.555	-13.626	-13.626	-13.661	-13.661	-13.624	-13.563	-13.590	-13.522	-13.661	-13.627	-13.634	-13.556	-13.589	-13.589	-13.624	-13.633	-13.590	-13.625	-13.556	-13.626	-13.450	-13.591	-13.625	-140.780	-140.749	-140.747	-140.712	-140.783	-140.785	-140.712	-140.748	-140.778	-140.653	-140.653	-140.751	-140.783	-140.744	-140.655	-140.714	-140.654	-140.748	-140.749	-140.657	-140.714	-140.654	-140.654	-140.744	-140.713	-140.714	-140.681	-140.714	-140.688	-140.714	-140.660	-140.681	264.780	264.776	264.804	264.817	264.795	264.794	264.817	264.793	264.837	264.804	264.804	264.793	264.795	264.808	264.829	264.821	264.846	264.793	264.807	264.801	264.834	264.819	264.819	264.808	264.803	264.821	264.805	264.834	264.805	264.877	264.818	264.805	2016_7_19_16_58_57
FLQS30T7GRWV____	-13.725	-13.692	-13.652	-13.585	-13.651	-13.622	-13.585	-13.651	-13.547	-13.616	-13.616	-13.620	-13.651	-13.616	-13.551	-13.550	-13.514	-13.651	-13.616	-13.651	-13.545	-13.550	-13.550	-13.616	-13.620	-13.550	-13.616	-13.545	-13.587	-13.441	-13.551	-13.616	-140.800	-140.775	-140.772	-140.707	-140.774	-140.775	-140.707	-140.738	-140.736	-140.701	-140.701	-140.773	-140.774	-140.739	-140.706	-140.706	-140.669	-140.738	-140.740	-140.703	-140.740	-140.676	-140.676	-140.739	-140.707	-140.706	-140.703	-140.740	-140.738	-140.736	-140.710	-140.703	264.770	264.782	264.798	264.822	264.798	264.810	264.822	264.797	264.839	264.810	264.810	264.811	264.798	264.811	264.836	264.836	264.850	264.797	264.811	264.796	264.840	264.835	264.835	264.811	264.808	264.836	264.810	264.840	264.823	264.881	264.836	264.810	2016_7_19_16_58_57
FLQS30S7GRWV____	-13.555	-13.563	-13.492	-13.486	-13.520	-13.521	-13.486	-13.520	-13.417	-13.485	-13.485	-13.519	-13.520	-13.485	-13.421	-13.450	-13.382	-13.520	-13.486	-13.521	-13.416	-13.450	-13.450	-13.485	-13.521	-13.450	-13.485	-13.416	-13.487	-13.311	-13.421	-13.485	-140.650	-140.675	-140.652	-140.641	-140.652	-140.655	-140.641	-140.643	-140.649	-140.609	-140.609	-140.652	-140.652	-140.617	-140.584	-140.641	-140.609	-140.643	-140.645	-140.609	-140.618	-140.578	-140.578	-140.617	-140.641	-140.641	-140.609	-140.618	-140.641	-140.616	-140.589	-140.609	264.832	264.830	264.858	264.860	264.846	264.846	264.860	264.846	264.888	264.859	264.859	264.847	264.846	264.859	264.884	264.874	264.901	264.846	264.860	264.844	264.887	264.872	264.872	264.859	264.846	264.874	264.859	264.887	264.860	264.930	264.884	264.859	2016_7_19_16_58_57
FLQS30RRGRWV____	-13.623	-13.629	-13.561	-13.553	-13.588	-13.561	-13.553	-13.588	-13.483	-13.525	-13.525	-13.588	-13.588	-13.552	-13.490	-13.489	-13.449	-13.588	-13.554	-13.560	-13.483	-13.489	-13.489	-13.552	-13.588	-13.489	-13.525	-13.483	-13.554	-13.378	-13.518	-13.525	-140.732	-140.791	-140.733	-140.728	-140.794	-140.765	-140.728	-140.757	-140.791	-140.662	-140.662	-140.764	-140.794	-140.697	-140.697	-140.699	-140.664	-140.757	-140.759	-140.667	-140.726	-140.661	-140.661	-140.697	-140.728	-140.699	-140.691	-140.726	-140.729	-140.698	-140.700	-140.691	264.808	264.808	264.833	264.836	264.824	264.834	264.836	264.823	264.867	264.845	264.845	264.823	264.824	264.835	264.860	264.861	264.875	264.823	264.837	264.831	264.864	264.859	264.859	264.835	264.822	264.861	264.846	264.864	264.836	264.905	264.849	264.846	2016_7_19_16_58_57
FLQS30R2GRWV____	-13.973	-13.980	-13.908	-13.902	-13.938	-13.909	-13.902	-13.936	-13.835	-13.872	-13.872	-13.935	-13.938	-13.901	-13.837	-13.866	-13.768	-13.936	-13.902	-13.907	-13.831	-13.865	-13.865	-13.901	-13.937	-13.866	-13.872	-13.831	-13.903	-13.726	-13.867	-13.872	-140.859	-140.862	-140.884	-140.850	-140.916	-140.863	-140.850	-140.880	-140.860	-140.788	-140.788	-140.887	-140.916	-140.879	-140.816	-140.852	-140.792	-140.880	-140.882	-140.816	-140.851	-140.787	-140.787	-140.879	-140.850	-140.852	-140.816	-140.851	-140.850	-140.853	-140.820	-140.816	264.672	264.669	264.699	264.700	264.688	264.698	264.700	264.687	264.728	264.710	264.710	264.688	264.688	264.702	264.725	264.715	264.752	264.687	264.701	264.697	264.729	264.713	264.713	264.702	264.686	264.715	264.711	264.729	264.700	264.771	264.713	264.711	2016_7_19_16_58_57
FLQS30QXGRWV____	-13.563	-13.598	-13.526	-13.493	-13.558	-13.529	-13.493	-13.527	-13.424	-13.493	-13.493	-13.526	-13.558	-13.494	-13.458	-13.457	-13.389	-13.527	-13.492	-13.527	-13.453	-13.457	-13.457	-13.494	-13.528	-13.457	-13.491	-13.453	-13.494	-13.317	-13.458	-13.491	-140.699	-140.761	-140.728	-140.663	-140.702	-140.674	-140.663	-140.635	-140.667	-140.627	-140.627	-140.699	-140.702	-140.634	-140.655	-140.665	-140.630	-140.635	-140.666	-140.632	-140.664	-140.601	-140.601	-140.634	-140.663	-140.665	-140.659	-140.664	-140.662	-140.664	-140.658	-140.659	264.212	264.200	264.228	264.239	264.214	264.225	264.239	264.224	264.267	264.237	264.237	264.227	264.214	264.238	264.253	264.254	264.280	264.224	264.239	264.224	264.255	264.251	264.251	264.238	264.225	264.254	264.240	264.255	264.239	264.310	264.253	264.240	2016_7_19_16_58_57
FLQS30QPGRWV____	-13.881	-13.888	-13.816	-13.781	-13.846	-13.818	-13.781	-13.815	-13.712	-13.811	-13.811	-13.816	-13.846	-13.810	-13.717	-13.746	-13.678	-13.815	-13.780	-13.816	-13.740	-13.745	-13.745	-13.810	-13.816	-13.746	-13.781	-13.740	-13.782	-13.606	-13.746	-13.781	-140.713	-140.716	-140.711	-140.680	-140.741	-140.717	-140.680	-140.703	-140.737	-140.668	-140.668	-140.713	-140.741	-140.704	-140.668	-140.682	-140.605	-140.703	-140.706	-140.705	-140.702	-140.639	-140.639	-140.704	-140.733	-140.682	-140.701	-140.702	-140.680	-140.703	-140.651	-140.701	264.029	264.026	264.055	264.068	264.044	264.055	264.068	264.055	264.098	264.056	264.056	264.055	264.044	264.057	264.094	264.082	264.107	264.055	264.069	264.055	264.086	264.081	264.081	264.057	264.056	264.082	264.069	264.086	264.068	264.140	264.081	264.069	2016_7_19_16_58_58
FLQS30QMGRWV____	-13.669	-13.707	-13.664	-13.628	-13.663	-13.665	-13.628	-13.663	-13.560	-13.629	-13.629	-13.664	-13.663	-13.629	-13.564	-13.593	-13.526	-13.663	-13.628	-13.636	-13.559	-13.592	-13.592	-13.629	-13.664	-13.593	-13.600	-13.559	-13.630	-13.455	-13.594	-13.600	-140.729	-140.732	-140.788	-140.747	-140.758	-140.733	-140.747	-140.725	-140.754	-140.660	-140.660	-140.789	-140.758	-140.697	-140.663	-140.696	-140.663	-140.725	-140.725	-140.689	-140.698	-140.661	-140.661	-140.697	-140.749	-140.696	-140.664	-140.698	-140.697	-140.695	-140.668	-140.664	264.115	264.100	264.120	264.132	264.119	264.117	264.132	264.118	264.160	264.129	264.129	264.119	264.119	264.130	264.155	264.144	264.171	264.118	264.131	264.127	264.158	264.144	264.144	264.130	264.118	264.144	264.140	264.158	264.130	264.200	264.143	264.140	2016_7_19_16_58_58
FLQS30Q9GRWY____	-13.619	-13.628	-13.585	-13.521	-13.585	-13.558	-13.521	-13.556	-13.481	-13.550	-13.550	-13.584	-13.585	-13.549	-13.486	-13.486	-13.446	-13.556	-13.522	-13.557	-13.480	-13.485	-13.485	-13.549	-13.585	-13.486	-13.522	-13.480	-13.551	-13.375	-13.486	-13.522	-140.831	-140.807	-140.864	-140.821	-140.834	-140.836	-140.821	-140.771	-140.831	-140.763	-140.763	-140.837	-140.834	-140.800	-140.763	-140.770	-140.765	-140.771	-140.799	-140.763	-140.799	-140.711	-140.711	-140.800	-140.825	-140.770	-140.791	-140.799	-140.798	-140.796	-140.767	-140.791	264.813	264.809	264.828	264.853	264.827	264.838	264.853	264.836	264.869	264.839	264.839	264.828	264.827	264.840	264.864	264.865	264.881	264.836	264.851	264.836	264.868	264.863	264.863	264.840	264.827	264.865	264.851	264.868	264.840	264.911	264.864	264.851	2016_7_19_16_58_58
FLQS30Q9GRWV____	-13.512	-13.520	-13.479	-13.442	-13.478	-13.450	-13.442	-13.449	-13.373	-13.442	-13.442	-13.480	-13.478	-13.473	-13.407	-13.407	-13.338	-13.449	-13.444	-13.478	-13.403	-13.406	-13.406	-13.473	-13.478	-13.407	-13.443	-13.403	-13.443	-13.268	-13.407	-13.443	-140.699	-140.671	-140.699	-140.665	-140.700	-140.702	-140.665	-140.632	-140.697	-140.629	-140.629	-140.700	-140.700	-140.666	-140.660	-140.663	-140.632	-140.632	-140.665	-140.630	-140.665	-140.601	-140.601	-140.666	-140.665	-140.663	-140.630	-140.665	-140.667	-140.664	-140.663	-140.630	264.264	264.260	264.277	264.291	264.278	264.289	264.291	264.287	264.320	264.289	264.289	264.277	264.278	264.278	264.305	264.305	264.332	264.287	264.290	264.275	264.306	264.303	264.303	264.278	264.276	264.305	264.289	264.306	264.291	264.361	264.305	264.289	2016_7_19_16_58_58
FLQS30Q3GRWV____	-13.530	-13.536	-13.466	-13.429	-13.465	-13.467	-13.429	-13.496	-13.361	-13.429	-13.429	-13.466	-13.465	-13.430	-13.395	-13.395	-13.326	-13.496	-13.431	-13.464	-13.390	-13.393	-13.393	-13.430	-13.465	-13.395	-13.429	-13.390	-13.431	-13.255	-13.396	-13.429	-140.745	-140.746	-140.715	-140.710	-140.717	-140.721	-140.710	-140.712	-140.743	-140.675	-140.675	-140.716	-140.717	-140.679	-140.706	-140.709	-140.645	-140.712	-140.681	-140.677	-140.680	-140.619	-140.619	-140.679	-140.710	-140.709	-140.676	-140.680	-140.712	-140.709	-140.656	-140.676	264.172	264.170	264.197	264.211	264.197	264.196	264.211	264.184	264.240	264.210	264.210	264.196	264.197	264.210	264.225	264.225	264.250	264.184	264.210	264.196	264.226	264.222	264.222	264.210	264.197	264.225	264.210	264.226	264.211	264.282	264.223	264.210	2016_7_19_16_58_58
FLQS30Q2GRWV____	-13.668	-13.733	-13.664	-13.599	-13.634	-13.635	-13.599	-13.634	-13.559	-13.627	-13.627	-13.662	-13.634	-13.629	-13.563	-13.591	-13.523	-13.634	-13.628	-13.634	-13.559	-13.592	-13.592	-13.629	-13.695	-13.591	-13.627	-13.559	-13.628	-13.454	-13.563	-13.627	-140.650	-140.654	-140.711	-140.638	-140.654	-140.654	-140.638	-140.617	-140.650	-140.609	-140.609	-140.679	-140.654	-140.619	-140.584	-140.642	-140.611	-140.617	-140.645	-140.585	-140.619	-140.557	-140.557	-140.619	-140.642	-140.642	-140.611	-140.619	-140.641	-140.640	-140.588	-140.611	264.786	264.760	264.791	264.814	264.800	264.800	264.814	264.799	264.831	264.801	264.801	264.790	264.800	264.801	264.826	264.817	264.844	264.799	264.803	264.798	264.830	264.814	264.814	264.801	264.775	264.817	264.802	264.830	264.803	264.873	264.827	264.802	2016_7_19_16_58_58
FLQS30PHGRWY____	-13.627	-13.635	-13.593	-13.558	-13.592	-13.566	-13.558	-13.593	-13.489	-13.558	-13.558	-13.592	-13.592	-13.558	-13.523	-13.522	-13.455	-13.593	-13.558	-13.565	-13.488	-13.522	-13.522	-13.558	-13.592	-13.522	-13.558	-13.488	-13.559	-13.384	-13.523	-13.558	-140.661	-140.664	-140.664	-140.651	-140.664	-140.665	-140.651	-140.688	-140.661	-140.592	-140.592	-140.663	-140.664	-140.629	-140.621	-140.628	-140.594	-140.688	-140.629	-140.595	-140.628	-140.589	-140.589	-140.629	-140.628	-140.628	-140.593	-140.628	-140.653	-140.627	-140.621	-140.593	264.245	264.242	264.259	264.273	264.259	264.270	264.273	264.260	264.301	264.270	264.270	264.259	264.259	264.272	264.285	264.286	264.312	264.260	264.272	264.268	264.300	264.285	264.285	264.272	264.258	264.286	264.270	264.300	264.272	264.342	264.285	264.270	2016_7_19_16_58_58
FLQS30NWGRWV____	-13.732	-13.768	-13.698	-13.663	-13.726	-13.698	-13.663	-13.697	-13.622	-13.689	-13.689	-13.727	-13.726	-13.661	-13.627	-13.654	-13.557	-13.697	-13.663	-13.697	-13.619	-13.626	-13.626	-13.661	-13.726	-13.654	-13.663	-13.619	-13.663	-13.515	-13.627	-13.663	-140.703	-140.703	-140.731	-140.668	-140.702	-140.704	-140.668	-140.667	-140.700	-140.631	-140.631	-140.703	-140.702	-140.631	-140.634	-140.665	-140.597	-140.667	-140.666	-140.631	-140.668	-140.628	-140.628	-140.631	-140.634	-140.665	-140.632	-140.668	-140.672	-140.667	-140.636	-140.632	264.763	264.748	264.778	264.789	264.765	264.777	264.789	264.775	264.807	264.777	264.777	264.765	264.765	264.789	264.803	264.793	264.829	264.775	264.789	264.774	264.807	264.803	264.803	264.789	264.762	264.793	264.788	264.807	264.790	264.849	264.803	264.788	2016_7_19_16_58_58
FLQS30MRGRWY____	-13.747	-13.723	-13.683	-13.647	-13.684	-13.684	-13.647	-13.683	-13.579	-13.648	-13.648	-13.714	-13.684	-13.677	-13.581	-13.612	-13.544	-13.683	-13.648	-13.683	-13.607	-13.612	-13.612	-13.677	-13.682	-13.612	-13.648	-13.607	-13.649	-13.474	-13.612	-13.648	-140.769	-140.772	-140.799	-140.760	-140.772	-140.774	-140.760	-140.737	-140.768	-140.700	-140.700	-140.801	-140.772	-140.738	-140.701	-140.735	-140.671	-140.737	-140.739	-140.702	-140.739	-140.698	-140.698	-140.738	-140.760	-140.735	-140.704	-140.739	-140.708	-140.735	-140.678	-140.704	264.085	264.095	264.112	264.125	264.111	264.111	264.125	264.110	264.153	264.123	264.123	264.100	264.111	264.112	264.150	264.138	264.163	264.110	264.124	264.109	264.141	264.137	264.137	264.112	264.111	264.138	264.123	264.141	264.123	264.194	264.136	264.123	2016_7_19_16_58_59
FLQS30MKGRWV____	-13.765	-13.837	-13.766	-13.695	-13.731	-13.769	-13.695	-13.731	-13.626	-13.696	-13.696	-13.732	-13.731	-13.695	-13.661	-13.660	-13.592	-13.731	-13.695	-13.701	-13.625	-13.660	-13.660	-13.695	-13.731	-13.660	-13.666	-13.625	-13.696	-13.521	-13.630	-13.666	-140.728	-140.754	-140.729	-140.747	-140.732	-140.758	-140.747	-140.719	-140.751	-140.659	-140.659	-140.732	-140.732	-140.696	-140.664	-140.695	-140.661	-140.719	-140.697	-140.664	-140.696	-140.656	-140.656	-140.696	-140.696	-140.695	-140.663	-140.696	-140.696	-140.693	-140.671	-140.663	264.173	264.145	264.173	264.202	264.187	264.173	264.202	264.187	264.230	264.198	264.198	264.187	264.187	264.200	264.213	264.214	264.240	264.187	264.200	264.196	264.228	264.213	264.213	264.200	264.186	264.214	264.210	264.228	264.200	264.270	264.225	264.210	2016_7_19_16_58_59
FLQS30MJGRWV____	-13.616	-13.622	-13.551	-13.545	-13.550	-13.552	-13.545	-13.551	-13.477	-13.515	-13.515	-13.581	-13.550	-13.514	-13.480	-13.509	-13.411	-13.551	-13.517	-13.551	-13.475	-13.479	-13.479	-13.514	-13.551	-13.509	-13.516	-13.475	-13.517	-13.369	-13.481	-13.516	-140.727	-140.705	-140.676	-140.670	-140.729	-140.706	-140.670	-140.672	-140.729	-140.603	-140.603	-140.706	-140.729	-140.695	-140.637	-140.670	-140.604	-140.672	-140.697	-140.609	-140.672	-140.610	-140.610	-140.695	-140.671	-140.670	-140.638	-140.672	-140.671	-140.667	-140.642	-140.638	264.137	264.133	264.161	264.163	264.163	264.162	264.163	264.161	264.193	264.172	264.172	264.150	264.163	264.176	264.188	264.177	264.214	264.161	264.175	264.158	264.191	264.187	264.187	264.176	264.161	264.177	264.173	264.191	264.174	264.234	264.188	264.173	2016_7_19_16_58_59
FLQS30MEGRWV____	-13.860	-13.895	-13.860	-13.788	-13.825	-13.825	-13.788	-13.825	-13.721	-13.822	-13.822	-13.862	-13.825	-13.821	-13.755	-13.755	-13.686	-13.825	-13.791	-13.826	-13.751	-13.755	-13.755	-13.821	-13.823	-13.755	-13.791	-13.751	-13.789	-13.616	-13.754	-13.791	-140.879	-140.915	-140.943	-140.904	-140.916	-140.915	-140.904	-140.878	-140.913	-140.843	-140.843	-140.944	-140.916	-140.880	-140.842	-140.846	-140.810	-140.878	-140.879	-140.845	-140.880	-140.815	-140.815	-140.880	-140.904	-140.846	-140.845	-140.880	-140.906	-140.878	-140.819	-140.845	264.044	264.032	264.047	264.074	264.060	264.060	264.074	264.058	264.102	264.058	264.058	264.046	264.060	264.060	264.085	264.085	264.111	264.058	264.072	264.057	264.088	264.084	264.084	264.060	264.060	264.085	264.071	264.088	264.074	264.142	264.084	264.071	2016_7_19_16_58_59
FLQS30LFGRWY____	-13.627	-13.634	-13.564	-13.528	-13.592	-13.565	-13.528	-13.563	-13.486	-13.528	-13.528	-13.591	-13.592	-13.555	-13.493	-13.522	-13.424	-13.563	-13.556	-13.563	-13.487	-13.492	-13.492	-13.555	-13.592	-13.522	-13.528	-13.487	-13.558	-13.382	-13.522	-13.528	-140.733	-140.767	-140.734	-140.729	-140.736	-140.738	-140.729	-140.728	-140.790	-140.663	-140.663	-140.764	-140.736	-140.757	-140.698	-140.730	-140.665	-140.728	-140.759	-140.669	-140.730	-140.666	-140.666	-140.757	-140.729	-140.730	-140.694	-140.730	-140.730	-140.699	-140.701	-140.694	264.807	264.805	264.832	264.846	264.821	264.832	264.846	264.832	264.865	264.844	264.844	264.822	264.821	264.836	264.859	264.849	264.886	264.832	264.836	264.830	264.863	264.858	264.858	264.836	264.820	264.849	264.845	264.863	264.834	264.904	264.848	264.845	2016_7_19_16_58_59
FLQS30KNGRWV____	-13.579	-13.615	-13.574	-13.507	-13.544	-13.545	-13.507	-13.544	-13.469	-13.509	-13.509	-13.545	-13.544	-13.537	-13.473	-13.473	-13.406	-13.544	-13.510	-13.544	-13.439	-13.473	-13.473	-13.537	-13.542	-13.473	-13.510	-13.439	-13.510	-13.334	-13.474	-13.510	-140.716	-140.721	-140.781	-140.737	-140.720	-140.721	-140.737	-140.707	-140.742	-140.647	-140.647	-140.716	-140.720	-140.711	-140.650	-140.685	-140.610	-140.707	-140.708	-140.651	-140.684	-140.621	-140.621	-140.711	-140.737	-140.685	-140.650	-140.684	-140.683	-140.683	-140.653	-140.650	264.151	264.137	264.155	264.181	264.165	264.165	264.181	264.165	264.196	264.176	264.176	264.165	264.165	264.168	264.191	264.192	264.217	264.165	264.179	264.162	264.206	264.190	264.190	264.168	264.167	264.192	264.177	264.206	264.177	264.249	264.191	264.177	2016_7_19_16_58_59
FLQS30K5GRWY____	-13.424	-13.433	-13.421	-13.354	-13.389	-13.425	-13.354	-13.389	-13.286	-13.354	-13.354	-13.390	-13.389	-13.354	-13.289	-13.320	-13.251	-13.389	-13.355	-13.389	-13.284	-13.318	-13.318	-13.354	-13.389	-13.320	-13.354	-13.284	-13.355	-13.179	-13.290	-13.354	-140.926	-140.899	-140.900	-140.864	-140.898	-140.933	-140.864	-140.832	-140.895	-140.828	-140.828	-140.900	-140.898	-140.833	-140.830	-140.863	-140.798	-140.832	-140.864	-140.828	-140.865	-140.797	-140.797	-140.833	-140.864	-140.863	-140.828	-140.865	-140.866	-140.862	-140.833	-140.828	264.896	264.891	264.896	264.921	264.909	264.896	264.921	264.906	264.950	264.920	264.920	264.909	264.909	264.920	264.947	264.935	264.961	264.906	264.921	264.906	264.950	264.934	264.934	264.920	264.907	264.935	264.920	264.950	264.921	264.992	264.946	264.920	2016_7_19_16_58_59
FLQS30K3GRWY____	-13.606	-13.642	-13.601	-13.566	-13.602	-13.573	-13.566	-13.599	-13.497	-13.565	-13.565	-13.600	-13.602	-13.565	-13.501	-13.531	-13.462	-13.599	-13.566	-13.600	-13.495	-13.529	-13.529	-13.565	-13.601	-13.531	-13.565	-13.495	-13.567	-13.391	-13.501	-13.565	-140.746	-140.792	-140.786	-140.755	-140.790	-140.793	-140.755	-140.780	-140.814	-140.776	-140.776	-140.817	-140.790	-140.783	-140.747	-140.755	-140.720	-140.780	-140.780	-140.746	-140.779	-140.716	-140.716	-140.783	-140.754	-140.755	-140.778	-140.779	-140.755	-140.754	-140.750	-140.778	264.816	264.803	264.819	264.832	264.819	264.831	264.832	264.819	264.862	264.833	264.833	264.820	264.819	264.833	264.858	264.846	264.873	264.819	264.833	264.818	264.862	264.845	264.845	264.833	264.818	264.846	264.833	264.862	264.832	264.902	264.858	264.833	2016_7_19_16_58_59
FLQS30K1GRWY____	-13.651	-13.687	-13.616	-13.581	-13.616	-13.617	-13.581	-13.616	-13.512	-13.611	-13.611	-13.616	-13.616	-13.610	-13.546	-13.546	-13.477	-13.616	-13.611	-13.616	-13.540	-13.546	-13.546	-13.610	-13.617	-13.546	-13.581	-13.540	-13.583	-13.406	-13.547	-13.581	-140.805	-140.838	-140.808	-140.773	-140.837	-140.838	-140.773	-140.800	-140.860	-140.767	-140.767	-140.836	-140.837	-140.830	-140.768	-140.772	-140.738	-140.800	-140.802	-140.740	-140.802	-140.736	-140.736	-140.830	-140.773	-140.772	-140.766	-140.802	-140.804	-140.801	-140.772	-140.766	264.125	264.112	264.139	264.152	264.141	264.140	264.152	264.140	264.184	264.140	264.140	264.141	264.141	264.143	264.166	264.167	264.193	264.140	264.142	264.137	264.170	264.165	264.165	264.143	264.138	264.167	264.152	264.170	264.153	264.224	264.166	264.152	2016_7_19_16_59_00
FLQS30JCGRWV____	-13.987	-14.023	-13.985	-13.918	-13.953	-13.953	-13.918	-13.952	-13.848	-13.917	-13.917	-13.953	-13.953	-13.918	-13.883	-13.882	-13.813	-13.952	-13.919	-13.953	-13.847	-13.881	-13.881	-13.918	-13.953	-13.882	-13.918	-13.847	-13.918	-13.743	-13.883	-13.918	-140.725	-140.725	-140.697	-140.661	-140.728	-140.730	-140.661	-140.692	-140.697	-140.625	-140.625	-140.697	-140.728	-140.627	-140.630	-140.662	-140.629	-140.692	-140.663	-140.627	-140.662	-140.595	-140.595	-140.627	-140.662	-140.662	-140.628	-140.662	-140.663	-140.662	-140.631	-140.628	263.987	263.972	263.986	264.012	264.001	264.001	264.012	264.000	264.042	264.011	264.011	263.999	264.001	264.011	264.025	264.027	264.053	264.000	264.012	263.997	264.041	264.024	264.024	264.011	263.998	264.027	264.011	264.041	264.012	264.083	264.025	264.011	2016_7_19_16_59_00
FLQS30J0GRWV____	-13.804	-13.869	-13.798	-13.734	-13.769	-13.800	-13.734	-13.797	-13.696	-13.734	-13.734	-13.798	-13.769	-13.733	-13.698	-13.698	-13.661	-13.797	-13.763	-13.799	-13.693	-13.698	-13.698	-13.733	-13.769	-13.698	-13.734	-13.693	-13.765	-13.590	-13.698	-13.734	-140.780	-140.783	-140.811	-140.748	-140.785	-140.785	-140.748	-140.773	-140.780	-140.712	-140.712	-140.812	-140.785	-140.750	-140.714	-140.749	-140.679	-140.773	-140.751	-140.716	-140.750	-140.710	-140.710	-140.750	-140.748	-140.749	-140.715	-140.750	-140.746	-140.747	-140.719	-140.715	264.063	264.037	264.066	264.090	264.077	264.065	264.090	264.065	264.107	264.088	264.088	264.067	264.077	264.090	264.103	264.104	264.117	264.065	264.078	264.062	264.107	264.103	264.103	264.090	264.076	264.104	264.088	264.107	264.077	264.148	264.103	264.088	2016_7_19_16_59_00
FLQS30HZGRWY____	-13.637	-13.643	-13.574	-13.567	-13.602	-13.603	-13.567	-13.602	-13.498	-13.567	-13.567	-13.603	-13.602	-13.567	-13.531	-13.532	-13.463	-13.602	-13.568	-13.573	-13.497	-13.531	-13.531	-13.567	-13.602	-13.532	-13.538	-13.497	-13.567	-13.392	-13.531	-13.538	-140.648	-140.651	-140.612	-140.614	-140.705	-140.708	-140.614	-140.671	-140.671	-140.577	-140.577	-140.674	-140.705	-140.615	-140.579	-140.615	-140.581	-140.671	-140.672	-140.582	-140.615	-140.576	-140.576	-140.615	-140.614	-140.615	-140.582	-140.615	-140.637	-140.614	-140.584	-140.582	264.125	264.123	264.149	264.152	264.141	264.141	264.152	264.140	264.182	264.150	264.150	264.140	264.141	264.152	264.165	264.166	264.193	264.140	264.154	264.148	264.180	264.165	264.165	264.152	264.138	264.166	264.162	264.180	264.153	264.223	264.165	264.162	2016_7_19_16_59_00
FLQS30H6GRWV____	-13.665	-13.702	-13.657	-13.595	-13.631	-13.632	-13.595	-13.656	-13.553	-13.622	-13.622	-13.630	-13.631	-13.621	-13.560	-13.559	-13.519	-13.656	-13.621	-13.631	-13.553	-13.559	-13.559	-13.621	-13.628	-13.559	-13.593	-13.553	-13.623	-13.420	-13.560	-13.593	-140.724	-140.727	-140.782	-140.690	-140.726	-140.728	-140.690	-140.715	-140.750	-140.711	-140.711	-140.724	-140.726	-140.716	-140.656	-140.691	-140.656	-140.715	-140.717	-140.657	-140.688	-140.627	-140.627	-140.716	-140.746	-140.691	-140.714	-140.688	-140.689	-140.689	-140.661	-140.714	264.156	264.141	264.161	264.182	264.169	264.169	264.182	264.159	264.202	264.172	264.172	264.169	264.169	264.173	264.195	264.197	264.212	264.159	264.173	264.167	264.199	264.195	264.195	264.173	264.171	264.197	264.184	264.199	264.171	264.253	264.196	264.184	2016_7_19_16_59_00
FLQS30GQGRWV____	-12.641	-12.678	-12.611	-12.572	-12.607	-12.608	-12.572	-12.608	-12.470	-12.572	-12.572	-12.613	-12.607	-12.572	-12.504	-12.536	-12.468	-12.608	-12.574	-12.608	-12.502	-12.537	-12.537	-12.572	-12.606	-12.536	-12.574	-12.502	-12.573	-12.398	-12.503	-12.574	-130.902	-130.905	-130.937	-130.868	-130.907	-130.881	-130.868	-130.869	-130.900	-130.833	-130.833	-130.905	-130.907	-130.870	-130.832	-130.869	-130.837	-130.869	-130.870	-130.836	-130.842	-130.808	-130.808	-130.870	-130.869	-130.869	-130.835	-130.842	-130.868	-130.867	-130.813	-130.835	264.363	264.347	264.378	264.392	264.378	264.377	264.392	264.376	264.438	264.390	264.390	264.376	264.378	264.392	264.420	264.407	264.436	264.376	264.391	264.375	264.421	264.405	264.405	264.392	264.377	264.407	264.390	264.421	264.391	264.467	264.419	264.390	2016_7_19_16_59_00
FLQS30GCGRWY____	-13.560	-13.596	-13.526	-13.462	-13.525	-13.498	-13.462	-13.525	-13.421	-13.490	-13.490	-13.526	-13.525	-13.489	-13.455	-13.454	-13.386	-13.525	-13.491	-13.497	-13.420	-13.454	-13.454	-13.489	-13.525	-13.454	-13.491	-13.420	-13.491	-13.315	-13.426	-13.491	-140.720	-140.749	-140.720	-140.687	-140.723	-140.724	-140.687	-140.712	-140.718	-140.649	-140.649	-140.721	-140.723	-140.713	-140.679	-140.685	-140.650	-140.712	-140.714	-140.653	-140.686	-140.623	-140.623	-140.713	-140.687	-140.685	-140.677	-140.686	-140.688	-140.684	-140.658	-140.677	264.159	264.145	264.173	264.197	264.173	264.184	264.197	264.173	264.215	264.184	264.184	264.173	264.173	264.187	264.200	264.200	264.226	264.173	264.187	264.181	264.214	264.198	264.198	264.187	264.172	264.200	264.185	264.214	264.185	264.256	264.210	264.185	2016_7_19_16_59_01
FLQS30G5GRWY____	-13.756	-13.762	-13.692	-13.686	-13.720	-13.692	-13.686	-13.760	-13.616	-13.686	-13.686	-13.722	-13.720	-13.685	-13.622	-13.622	-13.553	-13.760	-13.657	-13.692	-13.615	-13.621	-13.621	-13.685	-13.721	-13.622	-13.657	-13.615	-13.657	-13.511	-13.621	-13.657	-140.835	-140.838	-140.808	-140.801	-140.837	-140.840	-140.801	-140.800	-140.835	-140.768	-140.768	-140.840	-140.837	-140.770	-140.768	-140.801	-140.737	-140.800	-140.771	-140.741	-140.802	-140.737	-140.737	-140.770	-140.802	-140.801	-140.740	-140.802	-140.774	-140.801	-140.771	-140.740	264.084	264.082	264.109	264.111	264.099	264.110	264.111	264.081	264.141	264.110	264.110	264.098	264.099	264.110	264.136	264.137	264.162	264.081	264.122	264.106	264.140	264.135	264.135	264.110	264.097	264.137	264.121	264.140	264.122	264.182	264.136	264.121	2016_7_19_16_59_01
FLQS30E9GRWY____	-13.647	-13.684	-13.612	-13.577	-13.612	-13.614	-13.577	-13.611	-13.508	-13.577	-13.577	-13.611	-13.612	-13.606	-13.542	-13.542	-13.503	-13.611	-13.576	-13.612	-13.537	-13.541	-13.541	-13.606	-13.612	-13.542	-13.607	-13.537	-13.578	-13.401	-13.542	-13.607	-140.778	-140.781	-140.746	-140.744	-140.781	-140.783	-140.744	-140.745	-140.777	-140.732	-140.732	-140.780	-140.781	-140.746	-140.713	-140.766	-140.713	-140.745	-140.748	-140.713	-140.746	-140.707	-140.707	-140.746	-140.744	-140.766	-140.737	-140.746	-140.743	-140.744	-140.737	-140.737	264.126	264.111	264.139	264.153	264.140	264.140	264.153	264.139	264.182	264.153	264.153	264.140	264.140	264.141	264.166	264.168	264.182	264.139	264.153	264.138	264.169	264.166	264.166	264.141	264.139	264.168	264.140	264.169	264.152	264.224	264.167	264.140	2016_7_19_16_59_01
FLQS30DZGRWV	-13.708	-13.742	-13.671	-13.636	-13.673	-13.674	-13.636	-13.671	-13.569	-13.639	-13.639	-13.672	-13.673	-13.637	-13.602	-13.601	-13.534	-13.671	-13.638	-13.671	-13.569	-13.602	-13.602	-13.637	-13.672	-13.601	-13.638	-13.569	-13.638	-13.493	-13.603	-13.638	-140.806	-140.840	-140.868	-140.830	-140.840	-140.842	-140.830	-140.805	-140.840	-140.735	-140.735	-140.841	-140.840	-140.773	-140.774	-140.830	-140.738	-140.805	-140.806	-140.772	-140.771	-140.741	-140.741	-140.773	-140.830	-140.830	-140.740	-140.771	-140.775	-140.806	-140.750	-140.740	264.777	264.764	264.794	264.806	264.792	264.792	264.806	264.792	264.834	264.802	264.802	264.792	264.792	264.804	264.818	264.821	264.844	264.792	264.805	264.790	264.831	264.817	264.817	264.804	264.792	264.821	264.802	264.831	264.803	264.863	264.817	264.802	2016_7_19_16_59_01
FLQS30D5GRWQ____	-13.576	-13.612	-13.541	-13.504	-13.540	-13.542	-13.504	-13.540	-13.436	-13.505	-13.505	-13.541	-13.540	-13.505	-13.471	-13.470	-13.432	-13.540	-13.506	-13.540	-13.434	-13.469	-13.469	-13.505	-13.539	-13.470	-13.505	-13.434	-13.536	-13.330	-13.471	-13.505	-140.762	-140.765	-140.732	-140.754	-140.763	-140.767	-140.754	-140.726	-140.761	-140.691	-140.691	-140.763	-140.763	-140.728	-140.695	-140.728	-140.694	-140.726	-140.728	-140.692	-140.728	-140.662	-140.662	-140.728	-140.755	-140.728	-140.691	-140.728	-140.728	-140.726	-140.673	-140.691	264.154	264.140	264.167	264.183	264.168	264.168	264.183	264.167	264.210	264.180	264.180	264.168	264.168	264.181	264.194	264.196	264.210	264.167	264.181	264.166	264.210	264.193	264.193	264.181	264.169	264.196	264.180	264.210	264.169	264.252	264.193	264.180	2016_7_19_16_59_01
FLQS30CMGRWQ____	-13.599	-13.634	-13.593	-13.528	-13.564	-13.564	-13.528	-13.563	-13.458	-13.557	-13.557	-13.563	-13.564	-13.557	-13.493	-13.493	-13.453	-13.563	-13.529	-13.563	-13.487	-13.493	-13.493	-13.557	-13.563	-13.493	-13.558	-13.487	-13.529	-13.353	-13.494	-13.558	-140.767	-140.769	-140.803	-140.708	-140.771	-140.744	-140.708	-140.735	-140.766	-140.702	-140.702	-140.775	-140.771	-140.706	-140.675	-140.706	-140.704	-140.735	-140.735	-140.700	-140.738	-140.671	-140.671	-140.706	-140.765	-140.706	-140.702	-140.738	-140.709	-140.705	-140.681	-140.702	264.248	264.233	264.251	264.274	264.262	264.261	264.274	264.261	264.304	264.262	264.262	264.262	264.262	264.262	264.287	264.288	264.304	264.261	264.275	264.259	264.292	264.287	264.287	264.262	264.262	264.288	264.262	264.292	264.274	264.344	264.287	264.262	2016_7_19_16_59_01
FLQS30BWGRWY____	-13.717	-13.754	-13.683	-13.647	-13.682	-13.683	-13.647	-13.682	-13.577	-13.647	-13.647	-13.682	-13.682	-13.646	-13.612	-13.611	-13.542	-13.682	-13.648	-13.754	-13.607	-13.611	-13.611	-13.646	-13.681	-13.611	-13.646	-13.607	-13.648	-13.501	-13.612	-13.646	-140.821	-140.796	-140.792	-140.760	-140.796	-140.798	-140.760	-140.784	-140.819	-140.721	-140.721	-140.793	-140.796	-140.783	-140.752	-140.815	-140.722	-140.784	-140.757	-140.752	-140.758	-140.718	-140.718	-140.783	-140.816	-140.815	-140.783	-140.758	-140.760	-140.786	-140.754	-140.783	264.773	264.758	264.786	264.799	264.787	264.786	264.799	264.786	264.830	264.798	264.798	264.786	264.787	264.801	264.813	264.816	264.840	264.786	264.799	264.756	264.815	264.812	264.812	264.801	264.788	264.816	264.801	264.815	264.799	264.859	264.813	264.801	2016_7_19_16_59_01
FLQS30BJGRWV____	-13.694	-13.730	-13.628	-13.624	-13.660	-13.660	-13.624	-13.659	-13.555	-13.624	-13.624	-13.629	-13.660	-13.624	-13.559	-13.588	-13.521	-13.659	-13.624	-13.659	-13.554	-13.588	-13.588	-13.624	-13.659	-13.588	-13.625	-13.554	-13.625	-13.419	-13.589	-13.625	-140.704	-140.706	-140.673	-140.670	-140.705	-140.707	-140.670	-140.669	-140.703	-140.634	-140.634	-140.707	-140.705	-140.634	-140.639	-140.670	-140.602	-140.669	-140.670	-140.635	-140.670	-140.605	-140.605	-140.634	-140.639	-140.670	-140.634	-140.670	-140.672	-140.670	-140.642	-140.634	264.104	264.090	264.129	264.131	264.118	264.118	264.131	264.117	264.160	264.130	264.130	264.131	264.118	264.130	264.156	264.145	264.170	264.117	264.131	264.115	264.159	264.143	264.143	264.130	264.116	264.145	264.129	264.159	264.131	264.214	264.144	264.129	2016_7_19_16_59_01
FLQS30AEGRWV____	-13.631	-13.640	-13.569	-13.561	-13.596	-13.598	-13.561	-13.569	-13.491	-13.560	-13.560	-13.595	-13.596	-13.560	-13.526	-13.525	-13.457	-13.569	-13.560	-13.569	-13.491	-13.524	-13.524	-13.560	-13.596	-13.525	-13.534	-13.491	-13.562	-13.385	-13.526	-13.534	-140.707	-140.711	-140.707	-140.699	-140.674	-140.776	-140.699	-140.636	-140.706	-140.637	-140.637	-140.709	-140.674	-140.674	-140.665	-140.673	-140.640	-140.636	-140.674	-140.639	-140.674	-140.609	-140.609	-140.674	-140.673	-140.673	-140.638	-140.674	-140.674	-140.672	-140.644	-140.638	264.804	264.800	264.829	264.832	264.817	264.820	264.832	264.826	264.860	264.829	264.829	264.818	264.817	264.831	264.844	264.845	264.872	264.826	264.831	264.826	264.859	264.843	264.843	264.831	264.816	264.845	264.840	264.859	264.830	264.902	264.844	264.840	2016_7_19_16_59_02
FLQS309TGRWY____	-13.623	-13.630	-13.560	-13.553	-13.588	-13.560	-13.553	-13.559	-13.455	-13.553	-13.553	-13.590	-13.588	-13.552	-13.489	-13.517	-13.449	-13.559	-13.554	-13.560	-13.482	-13.488	-13.488	-13.552	-13.588	-13.517	-13.525	-13.482	-13.525	-13.378	-13.518	-13.525	-140.764	-140.767	-140.735	-140.757	-140.767	-140.768	-140.757	-140.729	-140.763	-140.722	-140.722	-140.767	-140.767	-140.730	-140.697	-140.700	-140.696	-140.729	-140.731	-140.695	-140.728	-140.667	-140.667	-140.730	-140.757	-140.700	-140.695	-140.728	-140.702	-140.729	-140.701	-140.695	264.135	264.132	264.159	264.163	264.149	264.161	264.163	264.159	264.203	264.162	264.162	264.149	264.149	264.162	264.187	264.175	264.203	264.159	264.162	264.158	264.190	264.186	264.186	264.162	264.149	264.175	264.172	264.190	264.172	264.233	264.175	264.172	2016_7_19_16_59_02
FLQS309QGRWV____	-13.517	-13.554	-13.484	-13.475	-13.483	-13.484	-13.475	-13.510	-13.378	-13.475	-13.475	-13.510	-13.483	-13.474	-13.411	-13.440	-13.343	-13.510	-13.475	-13.483	-13.405	-13.411	-13.411	-13.474	-13.511	-13.440	-13.449	-13.405	-13.448	-13.272	-13.411	-13.449	-140.718	-140.719	-140.718	-140.685	-140.722	-140.720	-140.685	-140.685	-140.741	-140.709	-140.709	-140.720	-140.722	-140.712	-140.650	-140.685	-140.652	-140.685	-140.712	-140.652	-140.686	-140.624	-140.624	-140.712	-140.684	-140.685	-140.651	-140.686	-140.684	-140.683	-140.654	-140.651	264.176	264.161	264.189	264.192	264.190	264.189	264.192	264.178	264.233	264.193	264.193	264.179	264.190	264.193	264.216	264.206	264.244	264.178	264.193	264.187	264.220	264.215	264.215	264.193	264.177	264.206	264.201	264.220	264.203	264.274	264.216	264.201	2016_7_19_16_59_02
FLQS309NGRWM____	-13.842	-13.877	-13.806	-13.771	-13.779	-13.808	-13.771	-13.806	-13.702	-13.802	-13.802	-13.807	-13.779	-13.770	-13.709	-13.735	-13.667	-13.806	-13.772	-13.806	-13.701	-13.735	-13.735	-13.770	-13.779	-13.735	-13.771	-13.701	-13.772	-13.597	-13.708	-13.771	-140.782	-140.783	-140.755	-140.719	-140.756	-140.788	-140.719	-140.750	-140.726	-140.685	-140.685	-140.757	-140.756	-140.749	-140.659	-140.695	-140.659	-140.750	-140.751	-140.688	-140.719	-140.656	-140.656	-140.749	-140.719	-140.695	-140.687	-140.719	-140.718	-140.692	-140.664	-140.687	264.722	264.707	264.735	264.748	264.746	264.736	264.748	264.735	264.776	264.734	264.734	264.735	264.746	264.749	264.771	264.761	264.787	264.735	264.749	264.732	264.776	264.760	264.760	264.749	264.745	264.761	264.746	264.776	264.747	264.817	264.771	264.746	2016_7_19_16_59_02
FLQS308YGRWQ____	-13.539	-13.547	-13.505	-13.470	-13.476	-13.477	-13.470	-13.475	-13.372	-13.470	-13.470	-13.476	-13.476	-13.469	-13.406	-13.434	-13.337	-13.475	-13.441	-13.475	-13.399	-13.405	-13.405	-13.469	-13.506	-13.434	-13.440	-13.399	-13.442	-13.266	-13.406	-13.440	-140.760	-140.764	-140.794	-140.727	-140.763	-140.764	-140.727	-140.727	-140.759	-140.694	-140.694	-140.763	-140.763	-140.730	-140.694	-140.728	-140.664	-140.727	-140.728	-140.693	-140.728	-140.644	-140.644	-140.730	-140.755	-140.728	-140.693	-140.728	-140.699	-140.725	-140.698	-140.693	264.169	264.166	264.184	264.196	264.195	264.194	264.196	264.193	264.236	264.194	264.194	264.195	264.195	264.196	264.220	264.210	264.247	264.193	264.207	264.192	264.224	264.218	264.218	264.196	264.182	264.210	264.206	264.224	264.206	264.278	264.220	264.206	2016_7_19_16_59_02
FLQS3084GRWM____	-13.554	-13.562	-13.491	-13.454	-13.520	-13.492	-13.454	-13.490	-13.415	-13.484	-13.484	-13.517	-13.520	-13.484	-13.419	-13.448	-13.380	-13.490	-13.483	-13.490	-13.414	-13.448	-13.448	-13.484	-13.519	-13.448	-13.483	-13.414	-13.485	-13.308	-13.420	-13.483	-140.870	-140.873	-140.874	-140.840	-140.932	-140.876	-140.840	-140.865	-140.899	-140.833	-140.833	-140.905	-140.932	-140.838	-140.837	-140.838	-140.804	-140.865	-140.867	-140.831	-140.838	-140.806	-140.806	-140.838	-140.839	-140.838	-140.833	-140.838	-140.869	-140.837	-140.840	-140.833	264.841	264.838	264.867	264.880	264.857	264.866	264.880	264.867	264.898	264.868	264.868	264.857	264.857	264.868	264.894	264.883	264.909	264.867	264.869	264.865	264.896	264.881	264.881	264.868	264.854	264.883	264.868	264.896	264.869	264.939	264.894	264.868	2016_7_19_16_59_02
FLQS307KGRWV____	-13.614	-13.624	-13.553	-13.517	-13.582	-13.584	-13.517	-13.581	-13.477	-13.518	-13.518	-13.581	-13.582	-13.518	-13.483	-13.509	-13.414	-13.581	-13.518	-13.553	-13.474	-13.483	-13.483	-13.518	-13.580	-13.509	-13.518	-13.474	-13.519	-13.372	-13.483	-13.518	-140.634	-140.638	-140.636	-140.601	-140.702	-140.704	-140.601	-140.669	-140.634	-140.567	-140.567	-140.638	-140.702	-140.604	-140.566	-140.627	-140.570	-140.669	-140.604	-140.571	-140.628	-140.565	-140.565	-140.604	-140.627	-140.627	-140.570	-140.628	-140.600	-140.601	-140.572	-140.570	264.134	264.130	264.158	264.171	264.149	264.149	264.171	264.148	264.189	264.170	264.170	264.147	264.149	264.171	264.184	264.176	264.212	264.148	264.171	264.156	264.190	264.184	264.184	264.171	264.147	264.176	264.170	264.190	264.171	264.230	264.184	264.170	2016_7_19_16_59_02
FLQS3072GRWV____	-13.490	-13.497	-13.427	-13.420	-13.426	-13.427	-13.420	-13.426	-13.323	-13.420	-13.420	-13.456	-13.426	-13.420	-13.356	-13.385	-13.287	-13.426	-13.392	-13.427	-13.350	-13.385	-13.385	-13.420	-13.455	-13.385	-13.392	-13.350	-13.393	-13.245	-13.357	-13.392	-140.782	-140.787	-140.784	-140.773	-140.786	-140.787	-140.773	-140.750	-140.782	-140.739	-140.739	-140.813	-140.786	-140.749	-140.716	-140.772	-140.715	-140.750	-140.750	-140.717	-140.750	-140.710	-140.710	-140.749	-140.775	-140.772	-140.740	-140.750	-140.751	-140.746	-140.722	-140.740	264.839	264.836	264.864	264.866	264.864	264.864	264.866	264.863	264.906	264.865	264.865	264.853	264.864	264.866	264.890	264.881	264.918	264.863	264.877	264.862	264.894	264.878	264.878	264.866	264.852	264.881	264.877	264.894	264.877	264.936	264.890	264.877	2016_7_19_16_59_02
FLQS305NGRWM____	-13.619	-13.628	-13.558	-13.522	-13.585	-13.559	-13.522	-13.557	-13.480	-13.522	-13.522	-13.558	-13.585	-13.522	-13.487	-13.487	-13.418	-13.557	-13.523	-13.558	-13.479	-13.513	-13.513	-13.522	-13.557	-13.487	-13.523	-13.479	-13.523	-13.374	-13.487	-13.523	-140.748	-140.753	-140.724	-140.690	-140.751	-140.727	-140.690	-140.717	-140.746	-140.654	-140.654	-140.725	-140.751	-140.689	-140.655	-140.689	-140.655	-140.717	-140.688	-140.659	-140.689	-140.651	-140.651	-140.689	-140.689	-140.689	-140.657	-140.689	-140.691	-140.687	-140.660	-140.657	264.136	264.133	264.160	264.173	264.150	264.160	264.173	264.160	264.192	264.172	264.172	264.160	264.150	264.173	264.186	264.187	264.214	264.160	264.172	264.157	264.190	264.175	264.175	264.173	264.159	264.187	264.171	264.190	264.173	264.233	264.186	264.171	2016_7_19_16_59_03
FLQS305DGRWM____	-13.764	-13.773	-13.702	-13.693	-13.729	-13.703	-13.693	-13.701	-13.625	-13.666	-13.666	-13.726	-13.729	-13.693	-13.660	-13.630	-13.591	-13.701	-13.667	-13.702	-13.625	-13.658	-13.658	-13.693	-13.730	-13.630	-13.667	-13.625	-13.695	-13.519	-13.631	-13.667	-140.787	-140.791	-140.814	-140.779	-140.791	-140.792	-140.779	-140.755	-140.786	-140.717	-140.717	-140.819	-140.791	-140.810	-140.720	-140.778	-140.721	-140.755	-140.755	-140.723	-140.756	-140.721	-140.721	-140.810	-140.777	-140.778	-140.746	-140.756	-140.779	-140.752	-140.726	-140.746	264.079	264.076	264.105	264.107	264.093	264.104	264.107	264.103	264.135	264.116	264.116	264.096	264.093	264.109	264.118	264.133	264.146	264.103	264.117	264.102	264.134	264.119	264.119	264.109	264.093	264.133	264.117	264.134	264.107	264.177	264.130	264.117	2016_7_19_16_59_03
FLQS3057GRWM____	-13.626	-13.662	-13.632	-13.555	-13.591	-13.594	-13.555	-13.589	-13.487	-13.554	-13.554	-13.589	-13.591	-13.554	-13.520	-13.519	-13.452	-13.589	-13.554	-13.589	-13.486	-13.518	-13.518	-13.554	-13.591	-13.519	-13.554	-13.486	-13.557	-13.381	-13.521	-13.554	-140.702	-140.759	-140.732	-140.692	-140.673	-140.767	-140.692	-140.636	-140.700	-140.634	-140.634	-140.704	-140.673	-140.671	-140.659	-140.693	-140.636	-140.636	-140.671	-140.635	-140.669	-140.632	-140.632	-140.671	-140.668	-140.693	-140.660	-140.669	-140.667	-140.666	-140.639	-140.660	264.805	264.793	264.804	264.834	264.819	264.821	264.834	264.818	264.862	264.832	264.832	264.821	264.819	264.834	264.847	264.848	264.873	264.818	264.833	264.818	264.861	264.846	264.846	264.834	264.818	264.848	264.833	264.861	264.832	264.903	264.845	264.833	2016_7_19_16_59_03
FLQS3052GRWY____	-13.761	-13.769	-13.698	-13.662	-13.696	-13.698	-13.662	-13.698	-13.621	-13.690	-13.690	-13.726	-13.696	-13.690	-13.627	-13.655	-13.557	-13.698	-13.663	-13.698	-13.620	-13.625	-13.625	-13.690	-13.697	-13.655	-13.663	-13.620	-13.662	-13.516	-13.626	-13.663	-140.930	-140.904	-140.902	-140.840	-140.931	-140.934	-140.840	-140.838	-140.929	-140.831	-140.831	-140.903	-140.931	-140.894	-140.838	-140.868	-140.805	-140.838	-140.868	-140.832	-140.893	-140.804	-140.804	-140.894	-140.840	-140.868	-140.833	-140.893	-140.869	-140.868	-140.840	-140.833	264.760	264.756	264.784	264.797	264.786	264.786	264.797	264.782	264.816	264.785	264.785	264.773	264.786	264.787	264.811	264.800	264.837	264.782	264.797	264.782	264.815	264.810	264.810	264.787	264.782	264.800	264.796	264.815	264.797	264.856	264.811	264.796	2016_7_19_16_59_03
FLQS304WGRWM____	-13.549	-13.553	-13.481	-13.479	-13.514	-13.517	-13.479	-13.513	-13.451	-13.479	-13.479	-13.513	-13.514	-13.477	-13.411	-13.443	-13.377	-13.513	-13.479	-13.481	-13.410	-13.443	-13.443	-13.477	-13.514	-13.443	-13.446	-13.410	-13.481	-13.304	-13.412	-13.446	-141.073	-141.022	-141.025	-141.015	-141.079	-141.079	-141.015	-141.046	-141.076	-140.985	-140.985	-141.056	-141.079	-141.046	-140.977	-141.015	-140.952	-141.046	-141.047	-140.986	-140.990	-140.958	-140.958	-141.046	-141.015	-141.015	-140.986	-140.990	-141.015	-141.013	-140.983	-140.986	264.851	264.847	264.876	264.877	264.865	264.864	264.877	264.864	264.891	264.876	264.876	264.865	264.865	264.879	264.903	264.891	264.916	264.864	264.878	264.875	264.904	264.889	264.889	264.879	264.863	264.891	264.889	264.904	264.876	264.947	264.903	264.889	2016_7_19_16_59_03
FLQS3047GRWM____	-13.661	-13.696	-13.655	-13.590	-13.625	-13.627	-13.590	-13.626	-13.551	-13.620	-13.620	-13.627	-13.625	-13.619	-13.555	-13.555	-13.516	-13.626	-13.592	-13.626	-13.550	-13.555	-13.555	-13.619	-13.625	-13.555	-13.620	-13.550	-13.621	-13.415	-13.555	-13.620	-140.668	-140.700	-140.731	-140.687	-140.702	-140.701	-140.687	-140.665	-140.697	-140.631	-140.631	-140.729	-140.702	-140.668	-140.629	-140.687	-140.635	-140.665	-140.667	-140.633	-140.669	-140.577	-140.577	-140.668	-140.688	-140.687	-140.633	-140.669	-140.665	-140.663	-140.634	-140.633	264.790	264.777	264.795	264.820	264.806	264.805	264.820	264.804	264.836	264.805	264.805	264.806	264.806	264.807	264.831	264.834	264.847	264.804	264.818	264.803	264.835	264.830	264.830	264.807	264.805	264.834	264.805	264.835	264.806	264.889	264.831	264.805	2016_7_19_16_59_03
FLQS303BGRWM____	-13.660	-13.696	-13.626	-13.590	-13.626	-13.627	-13.590	-13.625	-13.520	-13.589	-13.589	-13.624	-13.626	-13.618	-13.555	-13.554	-13.515	-13.625	-13.618	-13.625	-13.548	-13.553	-13.553	-13.618	-13.625	-13.554	-13.590	-13.548	-13.590	-13.414	-13.555	-13.590	-140.797	-140.830	-140.802	-140.765	-140.801	-140.830	-140.765	-140.763	-140.795	-140.729	-140.729	-140.834	-140.801	-140.762	-140.763	-140.793	-140.729	-140.763	-140.795	-140.760	-140.763	-140.728	-140.728	-140.762	-140.765	-140.793	-140.760	-140.763	-140.768	-140.762	-140.766	-140.760	264.121	264.108	264.136	264.148	264.136	264.136	264.148	264.134	264.178	264.147	264.147	264.137	264.136	264.137	264.163	264.164	264.178	264.134	264.138	264.134	264.165	264.162	264.162	264.137	264.134	264.164	264.148	264.165	264.149	264.220	264.163	264.148	2016_7_19_16_59_03
FLQS3024GRWM____	-13.766	-13.775	-13.732	-13.697	-13.732	-13.705	-13.697	-13.766	-13.627	-13.697	-13.697	-13.731	-13.732	-13.697	-13.633	-13.661	-13.592	-13.766	-13.697	-13.704	-13.627	-13.661	-13.661	-13.697	-13.732	-13.661	-13.696	-13.627	-13.698	-13.521	-13.633	-13.696	-140.912	-140.916	-140.941	-140.905	-140.916	-140.918	-140.905	-140.906	-140.911	-140.841	-140.841	-140.942	-140.916	-140.879	-140.846	-140.905	-140.843	-140.906	-140.880	-140.846	-140.878	-140.844	-140.844	-140.879	-140.905	-140.905	-140.872	-140.878	-140.906	-140.878	-140.851	-140.872	264.083	264.080	264.098	264.111	264.097	264.108	264.111	264.083	264.139	264.108	264.108	264.099	264.097	264.110	264.134	264.125	264.151	264.083	264.110	264.106	264.138	264.123	264.123	264.110	264.097	264.125	264.110	264.138	264.111	264.181	264.134	264.110	2016_7_19_16_59_03
FLQS301GGRWM____	-13.437	-13.474	-13.403	-13.367	-13.402	-13.403	-13.367	-13.431	-13.297	-13.367	-13.367	-13.403	-13.402	-13.396	-13.332	-13.332	-13.265	-13.431	-13.397	-13.403	-13.326	-13.331	-13.331	-13.396	-13.402	-13.332	-13.368	-13.326	-13.368	-13.222	-13.332	-13.368	-140.999	-140.973	-140.974	-140.911	-141.001	-141.004	-140.911	-140.938	-140.999	-140.903	-140.903	-140.974	-141.001	-140.967	-140.879	-140.909	-140.822	-140.938	-140.940	-140.903	-140.966	-140.874	-140.874	-140.967	-140.911	-140.909	-140.903	-140.966	-140.939	-140.938	-140.885	-140.903	264.219	264.203	264.232	264.244	264.233	264.233	264.244	264.219	264.275	264.244	264.244	264.232	264.233	264.234	264.257	264.258	264.282	264.219	264.233	264.229	264.263	264.257	264.257	264.234	264.230	264.258	264.243	264.263	264.245	264.304	264.257	264.243	2016_7_19_16_59_04
FLQS301EGRWQ____	-13.766	-13.775	-13.767	-13.697	-13.733	-13.705	-13.697	-13.704	-13.626	-13.669	-13.669	-13.732	-13.733	-13.696	-13.662	-13.662	-13.594	-13.704	-13.697	-13.704	-13.628	-13.662	-13.662	-13.696	-13.732	-13.662	-13.698	-13.628	-13.698	-13.522	-13.634	-13.698	-140.698	-140.702	-140.698	-140.664	-140.702	-140.703	-140.664	-140.664	-140.724	-140.594	-140.594	-140.699	-140.702	-140.691	-140.631	-140.666	-140.597	-140.664	-140.666	-140.630	-140.633	-140.602	-140.602	-140.691	-140.664	-140.666	-140.630	-140.633	-140.664	-140.664	-140.635	-140.630	264.075	264.072	264.075	264.101	264.089	264.100	264.101	264.099	264.132	264.110	264.110	264.088	264.089	264.103	264.114	264.116	264.140	264.099	264.101	264.097	264.128	264.113	264.113	264.103	264.087	264.116	264.100	264.128	264.101	264.172	264.126	264.100	2016_7_19_16_59_04
FLQS300VGRWQ____	-13.770	-13.775	-13.736	-13.700	-13.735	-13.771	-13.700	-13.735	-13.631	-13.701	-13.701	-13.736	-13.735	-13.699	-13.635	-13.665	-13.566	-13.735	-13.702	-13.735	-13.631	-13.664	-13.664	-13.699	-13.735	-13.665	-13.700	-13.631	-13.700	-13.527	-13.635	-13.700	-140.772	-140.739	-140.744	-140.706	-140.716	-140.746	-140.706	-140.707	-140.711	-140.640	-140.640	-140.746	-140.716	-140.737	-140.637	-140.706	-140.672	-140.707	-140.741	-140.673	-140.679	-140.641	-140.641	-140.737	-140.706	-140.706	-140.674	-140.679	-140.706	-140.679	-140.641	-140.674	264.750	264.747	264.763	264.776	264.762	264.749	264.776	264.762	264.804	264.773	264.773	264.763	264.762	264.777	264.799	264.790	264.829	264.762	264.777	264.760	264.803	264.788	264.788	264.777	264.762	264.790	264.775	264.803	264.776	264.845	264.800	264.775	2016_7_19_16_59_04
FLQS300RGRWY____	-13.417	-13.425	-13.355	-13.319	-13.382	-13.355	-13.319	-13.416	-13.279	-13.319	-13.319	-13.384	-13.382	-13.320	-13.283	-13.312	-13.243	-13.416	-13.348	-13.354	-13.277	-13.311	-13.311	-13.320	-13.382	-13.312	-13.319	-13.277	-13.348	-13.172	-13.283	-13.319	-140.755	-140.730	-140.730	-140.721	-140.730	-140.732	-140.721	-140.722	-140.726	-140.685	-140.685	-140.760	-140.730	-140.694	-140.665	-140.722	-140.689	-140.722	-140.725	-140.688	-140.721	-140.660	-140.660	-140.694	-140.722	-140.722	-140.688	-140.721	-140.721	-140.721	-140.670	-140.688	264.218	264.214	264.242	264.256	264.231	264.242	264.256	264.217	264.273	264.255	264.255	264.232	264.231	264.255	264.269	264.259	264.286	264.217	264.244	264.241	264.273	264.257	264.257	264.255	264.231	264.259	264.255	264.273	264.244	264.315	264.269	264.255	2016_7_19_16_59_04
FLQS300LGRWQ____	-13.667	-13.703	-13.661	-13.626	-13.632	-13.663	-13.626	-13.660	-13.557	-13.627	-13.627	-13.632	-13.632	-13.627	-13.562	-13.591	-13.521	-13.660	-13.625	-13.632	-13.557	-13.590	-13.590	-13.627	-13.632	-13.591	-13.625	-13.557	-13.628	-13.451	-13.592	-13.625	-140.654	-140.658	-140.718	-140.673	-140.682	-140.660	-140.673	-140.653	-140.681	-140.589	-140.589	-140.688	-140.682	-140.624	-140.608	-140.622	-140.618	-140.653	-140.654	-140.617	-140.625	-140.588	-140.588	-140.624	-140.622	-140.622	-140.619	-140.625	-140.622	-140.647	-140.590	-140.619	264.787	264.773	264.792	264.805	264.802	264.789	264.805	264.790	264.832	264.801	264.801	264.802	264.802	264.802	264.828	264.816	264.845	264.790	264.804	264.800	264.830	264.816	264.816	264.802	264.800	264.816	264.803	264.830	264.802	264.874	264.815	264.803	2016_7_19_16_59_04
FLQS300LGRWM____	-13.614	-13.622	-13.552	-13.544	-13.579	-13.552	-13.544	-13.579	-13.475	-13.545	-13.545	-13.580	-13.579	-13.545	-13.482	-13.509	-13.441	-13.579	-13.544	-13.552	-13.475	-13.510	-13.510	-13.545	-13.580	-13.509	-13.545	-13.475	-13.546	-13.370	-13.511	-13.545	-140.685	-140.726	-140.722	-140.691	-140.728	-140.728	-140.691	-140.714	-140.747	-140.651	-140.651	-140.723	-140.728	-140.691	-140.654	-140.692	-140.655	-140.714	-140.691	-140.656	-140.691	-140.628	-140.628	-140.691	-140.690	-140.692	-140.715	-140.691	-140.691	-140.688	-140.681	-140.715	264.221	264.220	264.248	264.250	264.237	264.248	264.250	264.237	264.280	264.248	264.248	264.237	264.237	264.250	264.274	264.264	264.290	264.237	264.250	264.246	264.278	264.262	264.262	264.250	264.236	264.264	264.250	264.278	264.249	264.320	264.263	264.250	2016_7_19_16_59_04
FLQS3009GRWQ____	-13.647	-13.683	-13.613	-13.578	-13.613	-13.613	-13.578	-13.644	-13.508	-13.578	-13.578	-13.614	-13.613	-13.608	-13.542	-13.542	-13.504	-13.644	-13.578	-13.613	-13.508	-13.542	-13.542	-13.608	-13.613	-13.542	-13.609	-13.508	-13.578	-13.402	-13.542	-13.609	-140.793	-140.822	-140.793	-140.760	-140.797	-140.823	-140.760	-140.786	-140.819	-140.721	-140.721	-140.822	-140.797	-140.788	-140.751	-140.761	-140.754	-140.786	-140.785	-140.750	-140.759	-140.719	-140.719	-140.788	-140.760	-140.761	-140.752	-140.759	-140.760	-140.760	-140.755	-140.752	264.801	264.787	264.814	264.827	264.815	264.815	264.827	264.802	264.858	264.826	264.826	264.815	264.815	264.816	264.841	264.842	264.857	264.802	264.828	264.813	264.856	264.840	264.840	264.816	264.813	264.842	264.814	264.856	264.827	264.898	264.841	264.814	2016_7_19_16_59_04
FLQS2F0LGRX5____	-13.723	-13.695	-13.624	-13.587	-13.623	-13.624	-13.587	-13.651	-13.548	-13.617	-13.617	-13.624	-13.623	-13.619	-13.553	-13.552	-13.513	-13.651	-13.616	-13.623	-13.548	-13.552	-13.552	-13.619	-13.623	-13.552	-13.617	-13.548	-13.589	-13.414	-13.553	-13.617	-140.765	-140.739	-140.738	-140.703	-140.740	-140.769	-140.703	-140.733	-140.793	-140.698	-140.698	-140.769	-140.740	-140.702	-140.696	-140.703	-140.701	-140.733	-140.735	-140.672	-140.734	-140.668	-140.668	-140.702	-140.704	-140.703	-140.699	-140.734	-140.732	-140.732	-140.700	-140.699	264.769	264.779	264.808	264.821	264.808	264.809	264.821	264.797	264.841	264.809	264.809	264.809	264.808	264.809	264.835	264.835	264.851	264.797	264.811	264.806	264.838	264.834	264.834	264.809	264.807	264.835	264.809	264.838	264.822	264.892	264.835	264.809	2016_7_19_16_59_04
FLQS2EQUGRX5____	-13.587	-13.623	-13.553	-13.517	-13.553	-13.553	-13.517	-13.552	-13.478	-13.517	-13.517	-13.580	-13.553	-13.517	-13.482	-13.511	-13.413	-13.552	-13.518	-13.552	-13.475	-13.481	-13.481	-13.517	-13.582	-13.511	-13.517	-13.475	-13.518	-13.371	-13.482	-13.517	-140.726	-140.729	-140.728	-140.693	-140.730	-140.731	-140.693	-140.693	-140.724	-140.656	-140.656	-140.756	-140.730	-140.694	-140.657	-140.744	-140.659	-140.693	-140.719	-140.661	-140.722	-140.655	-140.655	-140.694	-140.692	-140.744	-140.660	-140.722	-140.694	-140.717	-140.663	-140.660	264.148	264.134	264.162	264.175	264.162	264.162	264.175	264.161	264.192	264.174	264.174	264.152	264.162	264.175	264.188	264.180	264.216	264.161	264.176	264.160	264.193	264.188	264.188	264.175	264.149	264.180	264.174	264.193	264.175	264.235	264.188	264.174	2016_7_19_16_59_05
FLQS2DERGRX5____	-13.658	-13.695	-13.623	-13.588	-13.623	-13.625	-13.588	-13.622	-13.549	-13.618	-13.618	-13.623	-13.623	-13.617	-13.553	-13.552	-13.515	-13.622	-13.617	-13.623	-13.547	-13.552	-13.552	-13.617	-13.654	-13.552	-13.588	-13.547	-13.589	-13.412	-13.554	-13.588	-140.728	-140.757	-140.730	-140.696	-140.731	-140.758	-140.696	-140.721	-140.726	-140.658	-140.658	-140.729	-140.731	-140.722	-140.688	-140.694	-140.660	-140.721	-140.723	-140.687	-140.723	-140.655	-140.655	-140.722	-140.751	-140.694	-140.687	-140.723	-140.696	-140.691	-140.691	-140.687	264.120	264.106	264.134	264.147	264.134	264.134	264.147	264.134	264.164	264.133	264.133	264.134	264.134	264.136	264.160	264.161	264.175	264.134	264.136	264.132	264.164	264.160	264.160	264.136	264.122	264.161	264.146	264.164	264.146	264.217	264.160	264.146	2016_7_19_16_59_05
FLQS2CKUGRX5	-13.595	-13.630	-13.586	-13.524	-13.560	-13.561	-13.524	-13.559	-13.482	-13.524	-13.524	-13.558	-13.560	-13.523	-13.489	-13.489	-13.448	-13.559	-13.524	-13.559	-13.454	-13.489	-13.489	-13.523	-13.559	-13.489	-13.524	-13.454	-13.524	-13.349	-13.489	-13.524	-140.792	-140.794	-140.817	-140.760	-140.796	-140.794	-140.760	-140.761	-140.793	-140.747	-140.747	-140.797	-140.796	-140.762	-140.726	-140.779	-140.748	-140.761	-140.762	-140.727	-140.761	-140.717	-140.717	-140.762	-140.760	-140.779	-140.746	-140.761	-140.759	-140.759	-140.730	-140.746	264.148	264.133	264.152	264.175	264.162	264.162	264.175	264.161	264.193	264.174	264.174	264.163	264.162	264.175	264.188	264.190	264.205	264.161	264.175	264.159	264.203	264.187	264.187	264.175	264.161	264.190	264.174	264.203	264.175	264.246	264.188	264.174	2016_7_19_16_59_05
FLQS2C9EGRX5____	-13.634	-13.642	-13.600	-13.564	-13.600	-13.573	-13.564	-13.600	-13.496	-13.564	-13.564	-13.600	-13.600	-13.563	-13.501	-13.529	-13.461	-13.600	-13.565	-13.600	-13.495	-13.528	-13.528	-13.563	-13.600	-13.529	-13.565	-13.495	-13.566	-13.389	-13.530	-13.565	-140.830	-140.832	-140.860	-140.820	-140.832	-140.833	-140.820	-140.796	-140.829	-140.762	-140.762	-140.830	-140.832	-140.800	-140.760	-140.820	-140.763	-140.796	-140.799	-140.763	-140.797	-140.760	-140.760	-140.800	-140.821	-140.820	-140.762	-140.797	-140.769	-140.795	-140.741	-140.762	264.807	264.804	264.822	264.835	264.821	264.832	264.835	264.820	264.863	264.833	264.833	264.821	264.821	264.835	264.858	264.849	264.875	264.820	264.834	264.818	264.862	264.847	264.847	264.835	264.821	264.849	264.833	264.862	264.832	264.905	264.846	264.833	2016_7_19_16_59_05
FLQS2C6NGRX5____	-13.535	-13.543	-13.473	-13.466	-13.473	-13.473	-13.466	-13.472	-13.367	-13.466	-13.466	-13.472	-13.473	-13.466	-13.401	-13.402	-13.333	-13.472	-13.438	-13.472	-13.396	-13.402	-13.402	-13.466	-13.500	-13.402	-13.437	-13.396	-13.438	-13.262	-13.402	-13.437	-140.766	-140.768	-140.734	-140.732	-140.768	-140.768	-140.732	-140.730	-140.793	-140.696	-140.696	-140.766	-140.768	-140.760	-140.698	-140.701	-140.666	-140.730	-140.731	-140.695	-140.732	-140.666	-140.666	-140.760	-140.731	-140.701	-140.695	-140.732	-140.733	-140.731	-140.701	-140.695	264.845	264.842	264.868	264.871	264.870	264.870	264.871	264.869	264.914	264.870	264.870	264.870	264.870	264.873	264.896	264.896	264.922	264.869	264.883	264.867	264.900	264.895	264.895	264.873	264.857	264.896	264.881	264.900	264.883	264.954	264.896	264.881	2016_7_19_16_59_05
FLQS2BJ4GRX5____	-13.556	-13.564	-13.522	-13.487	-13.521	-13.494	-13.487	-13.521	-13.419	-13.485	-13.485	-13.523	-13.521	-13.485	-13.453	-13.452	-13.383	-13.521	-13.488	-13.493	-13.417	-13.451	-13.451	-13.485	-13.522	-13.452	-13.486	-13.417	-13.457	-13.311	-13.422	-13.486	-140.781	-140.755	-140.729	-140.717	-140.755	-140.755	-140.717	-140.719	-140.725	-140.682	-140.682	-140.729	-140.755	-140.747	-140.684	-140.693	-140.659	-140.719	-140.694	-140.684	-140.695	-140.654	-140.654	-140.747	-140.718	-140.693	-140.684	-140.695	-140.718	-140.718	-140.687	-140.684	264.837	264.833	264.849	264.862	264.850	264.861	264.862	264.849	264.890	264.862	264.862	264.848	264.850	264.864	264.875	264.876	264.902	264.849	264.861	264.859	264.890	264.874	264.874	264.864	264.848	264.876	264.861	264.890	264.874	264.933	264.887	264.861	2016_7_19_16_59_05
FLQS224TGRWM____	-13.623	-13.631	-13.561	-13.524	-13.588	-13.561	-13.524	-13.589	-13.483	-13.525	-13.525	-13.589	-13.588	-13.552	-13.489	-13.517	-13.420	-13.589	-13.526	-13.560	-13.482	-13.488	-13.488	-13.552	-13.559	-13.517	-13.525	-13.482	-13.553	-13.378	-13.489	-13.525	-140.724	-140.727	-140.725	-140.691	-140.753	-140.729	-140.691	-140.749	-140.751	-140.655	-140.655	-140.752	-140.753	-140.691	-140.682	-140.691	-140.656	-140.749	-140.715	-140.659	-140.717	-140.649	-140.649	-140.691	-140.692	-140.691	-140.681	-140.717	-140.716	-140.691	-140.660	-140.681	264.808	264.805	264.833	264.846	264.823	264.833	264.846	264.823	264.865	264.845	264.845	264.823	264.823	264.835	264.860	264.849	264.887	264.823	264.846	264.831	264.864	264.859	264.859	264.835	264.832	264.849	264.845	264.864	264.836	264.905	264.859	264.845	2016_7_19_16_59_05
FLQS224LGRWM____	-13.554	-13.562	-13.519	-13.484	-13.520	-13.521	-13.484	-13.517	-13.451	-13.485	-13.485	-13.517	-13.520	-13.483	-13.450	-13.449	-13.381	-13.517	-13.484	-13.490	-13.414	-13.448	-13.448	-13.483	-13.520	-13.449	-13.455	-13.414	-13.456	-13.309	-13.421	-13.455	-140.862	-140.839	-140.808	-140.801	-140.840	-140.841	-140.801	-140.802	-140.864	-140.764	-140.764	-140.836	-140.840	-140.830	-140.768	-140.803	-140.769	-140.802	-140.804	-140.742	-140.802	-140.743	-140.743	-140.830	-140.802	-140.803	-140.768	-140.802	-140.801	-140.802	-140.773	-140.768	264.167	264.163	264.179	264.193	264.180	264.179	264.193	264.179	264.208	264.191	264.191	264.181	264.180	264.194	264.205	264.207	264.233	264.179	264.193	264.188	264.221	264.205	264.205	264.194	264.178	264.207	264.203	264.221	264.204	264.263	264.217	264.203	2016_7_19_16_59_05
FLQS200ZGRX8____	-13.873	-13.878	-13.807	-13.773	-13.839	-13.810	-13.773	-13.806	-13.704	-13.772	-13.772	-13.808	-13.839	-13.771	-13.737	-13.738	-13.669	-13.806	-13.772	-13.807	-13.703	-13.736	-13.736	-13.771	-13.808	-13.738	-13.771	-13.703	-13.774	-13.598	-13.737	-13.771	-140.746	-140.748	-140.719	-140.739	-140.749	-140.725	-140.739	-140.711	-140.744	-140.706	-140.706	-140.721	-140.749	-140.712	-140.678	-140.686	-140.651	-140.711	-140.713	-140.677	-140.686	-140.648	-140.648	-140.712	-140.739	-140.686	-140.677	-140.686	-140.686	-140.686	-140.682	-140.677	264.034	264.032	264.059	264.074	264.048	264.058	264.074	264.059	264.102	264.073	264.073	264.059	264.048	264.073	264.086	264.086	264.112	264.059	264.073	264.058	264.100	264.085	264.085	264.073	264.060	264.086	264.072	264.100	264.071	264.142	264.086	264.072	2016_7_19_16_59_06
FLNS2037GRWV____	-13.806	-13.842	-13.771	-13.736	-13.771	-13.772	-13.736	-13.771	-13.665	-13.735	-13.735	-13.770	-13.771	-13.735	-13.700	-13.700	-13.630	-13.771	-13.736	-13.771	-13.665	-13.699	-13.699	-13.735	-13.771	-13.700	-13.736	-13.665	-13.736	-13.560	-13.701	-13.736	-140.849	-140.851	-140.849	-140.816	-140.850	-140.852	-140.816	-140.816	-140.851	-140.779	-140.779	-140.849	-140.850	-140.816	-140.781	-140.817	-140.781	-140.816	-140.817	-140.782	-140.815	-140.749	-140.749	-140.816	-140.815	-140.817	-140.781	-140.815	-140.815	-140.816	-140.781	-140.781	264.065	264.050	264.079	264.092	264.079	264.079	264.092	264.078	264.121	264.091	264.091	264.079	264.079	264.092	264.105	264.106	264.133	264.078	264.092	264.076	264.120	264.104	264.104	264.092	264.078	264.106	264.090	264.120	264.092	264.163	264.104	264.090	2016_7_19_16_59_06
