SN	Distance_X_LOGO_Camera_RU1	Distance_X_LOGO_Camera_RU2	Distance_X_LOGO_3	Distance_X_LOGO_4	Distance_X_LOGO_5	Distance_X_LOGO_6	Distance_X_LOGO_7	Distance_X_LOGO_8	Distance_X_LOGO_9	Distance_X_LOGO_10	Distance_X_LOGO_11	Distance_X_LOGO_12	Distance_X_LOGO_13	Distance_X_LOGO_14	Distance_X_LOGO_15	Distance_X_LOGO_16	Distance_X_LOGO_17	Distance_X_LOGO_18	Distance_X_LOGO_19	Distance_X_LOGO_20	Distance_X_LOGO_21	Distance_X_LOGO_22	Distance_X_LOGO_23	Distance_X_LOGO_24	Distance_X_LOGO_25	Distance_X_LOGO_26	Distance_X_LOGO_27	Distance_X_LOGO_28	Distance_X_LOGO_29	Distance_X_LOGO_30	Distance_X_LOGO_31	Distance_X_LOGO_32	Distance_Y_LOGO_Camera_RU1	Distance_Y_LOGO_Camera_RU2	Distance_Y_LOGO_3	Distance_Y_LOGO_4	Distance_Y_LOGO_5	Distance_Y_LOGO_6	Distance_Y_LOGO_7	Distance_Y_LOGO_8	Distance_Y_LOGO_9	Distance_Y_LOGO_10	Distance_Y_LOGO_11	Distance_Y_LOGO_12	Distance_Y_LOGO_13	Distance_Y_LOGO_14	Distance_Y_LOGO_15	Distance_Y_LOGO_16	Distance_Y_LOGO_17	Distance_Y_LOGO_18	Distance_Y_LOGO_19	Distance_Y_LOGO_20	Distance_Y_LOGO_21	Distance_Y_LOGO_22	Distance_Y_LOGO_23	Distance_Y_LOGO_24	Distance_Y_LOGO_25	Distance_Y_LOGO_26	Distance_Y_LOGO_27	Distance_Y_LOGO_28	Distance_Y_LOGO_29	Distance_Y_LOGO_30	Distance_Y_LOGO_31	Distance_Y_LOGO_32	Angle_Camera_RU1	Angle_Camera_RU2	Angle_3	Angle_4	Angle_5	Angle_6	Angle_7	Angle_8	Angle_9	Angle_10	Angle_11	Angle_12	Angle_13	Angle_14	Angle_15	Angle_16	Angle_17	Angle_18	Angle_19	Angle_20	Angle_21	Angle_22	Angle_23	Angle_24	Angle_25	Angle_26	Angle_27	Angle_28	Angle_29	Angle_30	Angle_31	Angle_32	Average_X	Average_Y	Average_Angle	Date_time
FLQS30KVGRWV____	-0.260	-0.255	-0.261	-0.260	-0.262	-0.260	-0.260	-0.260	-0.262	-0.261	-0.258	-0.260	-0.249	-0.260	-0.262	-0.262	-0.246	-0.263	-0.228	-0.262	-0.262	-0.260	-0.259	-0.262	-0.258	-0.261	-0.263	-0.260	-0.260	-0.260	-0.258	-0.261	-0.076	-0.118	-0.079	-0.078	-0.078	-0.076	-0.077	-0.077	-0.078	-0.077	-0.078	-0.076	-0.111	-0.076	-0.078	-0.077	-0.114	-0.076	-0.079	-0.078	-0.077	-0.078	-0.077	-0.077	-0.078	-0.078	-0.077	-0.077	-0.076	-0.078	-0.078	-0.078	0.061	0.065	0.062	0.061	0.062	0.061	0.061	0.061	0.061	0.061	0.060	0.061	0.062	0.061	0.061	0.061	0.062	0.062	0.050	0.062	0.061	0.061	0.060	0.062	0.060	0.061	0.062	0.061	0.061	0.060	0.060	0.061	-0.259	-0.081	0.061	2016_7_19_17_07_59
FLQS30KBGRWV____	-0.027	-0.035	-0.062	-0.031	-0.031	-0.027	-0.032	-0.038	-0.028	-0.029	-0.026	-0.031	-0.064	-0.064	-0.030	-0.028	-0.061	-0.027	-0.027	-0.032	-0.030	-0.030	-0.031	-0.030	-0.029	-0.031	-0.029	-0.031	-0.030	-0.030	-0.030	-0.030	0.002	0.042	0.007	0.002	0.002	0.002	0.001	0.036	0.005	0.003	0.003	0.002	0.007	0.007	0.003	0.001	0.007	0.002	0.003	0.002	0.002	0.003	0.003	0.003	0.002	0.002	0.002	0.002	0.002	0.002	0.003	0.002	-0.037	-0.040	-0.025	-0.035	-0.036	-0.036	-0.035	-0.038	-0.036	-0.036	-0.036	-0.035	-0.025	-0.025	-0.036	-0.036	-0.025	-0.037	-0.036	-0.035	-0.036	-0.036	-0.036	-0.036	-0.036	-0.036	-0.035	-0.035	-0.035	-0.035	-0.036	-0.035	-0.034	0.005	-0.035	2016_7_19_17_07_59
FLQS30CWGRWV____	0.108	-0.006	-0.006	0.028	-0.007	-0.008	-0.007	0.019	-0.007	-0.007	-0.006	0.027	0.028	-0.008	-0.004	-0.009	0.004	-0.011	-0.008	0.024	0.028	-0.008	0.025	-0.011	-0.006	-0.009	0.029	-0.007	-0.007	-0.010	-0.008	-0.005	0.060	0.049	0.047	0.042	0.047	0.046	0.047	0.079	0.047	0.047	0.045	0.042	0.045	0.049	0.047	0.048	0.007	0.046	0.050	0.042	0.043	0.046	0.042	0.047	0.046	0.047	0.043	0.046	0.048	0.045	0.046	0.047	0.102	0.142	0.142	0.132	0.142	0.144	0.142	0.130	0.142	0.143	0.142	0.132	0.132	0.143	0.142	0.143	0.145	0.144	0.142	0.133	0.132	0.143	0.133	0.144	0.142	0.143	0.131	0.143	0.143	0.143	0.143	0.142	0.005	0.046	0.139	2016_7_19_17_07_59
FLQS30C7GRWV____	-0.157	-0.156	-0.185	-0.157	-0.158	-0.157	-0.157	-0.163	-0.159	-0.158	-0.188	-0.159	-0.181	-0.180	-0.157	-0.144	-0.181	-0.156	-0.147	-0.158	-0.157	-0.190	-0.156	-0.160	-0.157	-0.190	-0.156	-0.157	-0.157	-0.191	-0.187	-0.157	-0.023	-0.023	-0.022	-0.023	-0.023	-0.023	-0.024	0.010	-0.024	-0.024	-0.024	-0.023	-0.054	-0.054	-0.024	-0.060	-0.054	-0.023	-0.057	-0.025	-0.024	-0.022	-0.022	-0.023	-0.024	-0.023	-0.024	-0.024	-0.024	-0.023	-0.023	-0.024	0.064	0.064	0.073	0.064	0.064	0.064	0.064	0.060	0.064	0.064	0.075	0.064	0.076	0.076	0.064	0.065	0.077	0.064	0.066	0.064	0.063	0.074	0.063	0.065	0.064	0.075	0.064	0.064	0.064	0.075	0.074	0.064	-0.165	-0.027	0.067	2016_7_19_17_08_00
FLQS29JFGRX5____	0.063	0.066	0.065	0.066	0.074	0.064	0.073	0.074	0.105	0.105	0.072	0.065	0.100	0.098	0.074	0.065	0.066	0.065	0.066	0.073	0.071	0.074	0.104	0.093	0.074	0.105	0.071	0.073	0.074	0.074	0.103	0.074	0.046	0.049	0.047	0.048	0.012	0.047	0.013	0.011	0.010	0.010	0.014	0.048	0.045	0.043	0.014	0.047	0.048	0.046	0.048	0.012	0.013	0.011	0.009	0.044	0.013	0.011	0.013	0.010	0.011	0.012	0.010	0.012	0.225	0.224	0.224	0.224	0.226	0.224	0.226	0.226	0.217	0.216	0.227	0.224	0.213	0.214	0.225	0.225	0.224	0.225	0.224	0.227	0.228	0.227	0.217	0.215	0.226	0.216	0.227	0.227	0.226	0.226	0.216	0.226	0.078	0.026	0.223	2016_7_19_17_08_00
FLQS22XEGRX2____	0.043	0.045	0.007	0.042	0.042	0.043	0.042	0.043	0.044	0.042	0.042	0.043	0.052	0.042	0.043	0.043	0.037	0.044	0.042	0.042	0.042	0.043	0.042	0.044	0.043	0.042	0.043	0.042	0.042	0.043	0.042	0.042	-0.002	-0.041	-0.001	-0.002	-0.002	-0.001	-0.003	-0.002	-0.002	-0.002	-0.003	-0.001	-0.040	-0.002	-0.002	-0.003	-0.000	-0.002	-0.002	-0.002	-0.003	-0.003	-0.001	-0.002	-0.003	-0.001	-0.003	-0.002	-0.003	-0.002	-0.002	-0.002	-0.018	-0.012	-0.005	-0.017	-0.017	-0.017	-0.017	-0.018	-0.017	-0.017	-0.017	-0.018	-0.015	-0.018	-0.018	-0.017	-0.016	-0.018	-0.018	-0.017	-0.017	-0.017	-0.018	-0.018	-0.017	-0.017	-0.017	-0.017	-0.017	-0.018	-0.017	-0.017	0.042	-0.004	-0.017	2016_7_19_17_08_00
FLQS22TQGRX2____	0.053	0.014	0.013	0.015	0.019	0.012	0.021	0.022	0.053	0.022	0.020	0.014	0.014	0.013	0.023	0.022	0.013	0.045	0.014	0.021	0.020	0.015	0.022	0.021	0.021	0.013	0.021	0.020	0.022	0.013	0.018	0.013	0.003	0.047	0.046	0.047	0.008	0.045	0.011	0.011	0.009	0.009	0.014	0.046	0.044	0.045	0.011	0.008	0.044	0.042	0.044	0.009	0.010	0.045	0.008	0.010	0.009	0.044	0.010	0.009	0.008	0.046	0.011	0.045	0.241	0.248	0.248	0.247	0.252	0.249	0.250	0.250	0.241	0.250	0.251	0.248	0.249	0.249	0.250	0.250	0.248	0.239	0.248	0.250	0.251	0.248	0.251	0.251	0.251	0.249	0.251	0.252	0.250	0.248	0.251	0.248	0.021	0.025	0.249	2016_7_19_17_08_00
FLQS21YXGRX2____	0.049	0.056	0.059	0.057	0.057	0.056	0.057	0.047	0.061	0.046	0.058	0.059	0.014	0.014	0.058	0.013	0.065	0.015	0.046	0.057	0.050	0.047	0.049	0.017	0.050	0.057	0.050	0.059	0.047	0.057	0.050	0.058	-0.003	-0.040	-0.039	-0.039	-0.040	-0.039	-0.040	-0.006	-0.037	-0.001	-0.039	-0.038	0.000	-0.001	-0.039	-0.000	-0.042	-0.000	-0.006	-0.041	-0.006	-0.005	-0.004	-0.003	-0.007	-0.040	-0.006	-0.039	-0.003	-0.040	-0.006	-0.040	-0.236	-0.232	-0.234	-0.233	-0.233	-0.233	-0.233	-0.235	-0.235	-0.235	-0.234	-0.234	-0.225	-0.225	-0.233	-0.224	-0.236	-0.225	-0.234	-0.233	-0.236	-0.235	-0.236	-0.225	-0.236	-0.233	-0.236	-0.234	-0.235	-0.233	-0.236	-0.233	0.048	-0.022	-0.233	2016_7_19_17_08_00
FLQS2AVTGRX5____	0.018	0.051	0.053	0.050	0.051	0.053	0.051	0.052	0.020	0.052	0.051	0.051	-0.024	0.010	0.052	0.010	0.012	0.012	0.019	0.050	0.046	0.018	0.050	0.051	0.051	0.051	0.047	0.051	0.052	0.052	0.018	0.051	0.011	0.008	0.010	0.008	0.008	0.010	0.010	0.009	0.012	0.009	0.009	0.009	0.049	0.048	0.009	0.048	0.050	0.046	0.010	0.009	0.009	0.011	0.009	0.008	0.009	0.009	0.010	0.008	0.008	0.009	0.012	0.009	-0.078	-0.089	-0.090	-0.088	-0.089	-0.089	-0.090	-0.089	-0.080	-0.089	-0.089	-0.089	-0.070	-0.081	-0.089	-0.081	-0.082	-0.081	-0.079	-0.089	-0.088	-0.078	-0.089	-0.089	-0.089	-0.089	-0.088	-0.089	-0.089	-0.090	-0.078	-0.089	0.038	0.015	-0.086	2016_7_19_17_08_00
FLQS3087GRWV____	-0.436	-0.475	-0.506	-0.442	-0.473	-0.473	-0.441	-0.465	-0.474	-0.476	-0.448	-0.469	-0.485	-0.471	-0.472	-0.439	-0.519	-0.471	-0.508	-0.441	-0.445	-0.441	-0.443	-0.473	-0.441	-0.471	-0.473	-0.440	-0.470	-0.440	-0.441	-0.441	-0.074	-0.070	-0.068	-0.073	-0.069	-0.069	-0.072	-0.101	-0.068	-0.068	-0.070	-0.068	-0.033	-0.070	-0.069	-0.073	-0.029	-0.068	-0.066	-0.072	-0.073	-0.072	-0.074	-0.069	-0.071	-0.070	-0.069	-0.070	-0.069	-0.071	-0.074	-0.071	0.273	0.285	0.295	0.275	0.284	0.284	0.274	0.286	0.284	0.285	0.276	0.283	0.283	0.284	0.284	0.273	0.294	0.283	0.296	0.274	0.275	0.274	0.275	0.285	0.274	0.284	0.284	0.273	0.283	0.273	0.275	0.274	-0.463	-0.069	0.281	2016_7_19_17_08_00
FLQS2044GRWY____	-0.001	-0.002	-0.004	-0.037	-0.003	-0.004	-0.002	-0.036	-0.004	-0.003	-0.003	-0.002	-0.039	-0.001	-0.005	-0.001	-0.039	-0.037	-0.002	-0.002	-0.005	-0.003	-0.037	-0.037	-0.038	-0.000	-0.006	-0.001	-0.003	-0.005	-0.003	-0.006	-0.001	-0.001	-0.001	0.003	-0.002	0.000	-0.001	0.004	-0.002	-0.001	-0.001	0.000	0.002	-0.000	-0.001	-0.001	0.003	0.003	-0.001	-0.001	-0.001	-0.001	0.003	0.002	0.003	-0.001	-0.002	-0.001	-0.000	-0.001	-0.000	-0.001	-0.046	-0.045	-0.045	-0.035	-0.045	-0.045	-0.046	-0.035	-0.045	-0.046	-0.045	-0.046	-0.034	-0.046	-0.045	-0.046	-0.034	-0.035	-0.046	-0.046	-0.044	-0.045	-0.035	-0.034	-0.034	-0.047	-0.045	-0.046	-0.046	-0.045	-0.046	-0.045	-0.012	0.000	-0.043	2016_7_19_17_08_00
FLQS312SGRWV____	-0.052	-0.017	-0.019	-0.019	-0.051	-0.017	-0.018	-0.016	-0.018	-0.017	-0.019	-0.019	-0.042	-0.017	-0.021	-0.054	-0.040	-0.010	-0.004	-0.051	-0.017	-0.019	-0.050	-0.049	-0.019	-0.018	-0.051	-0.017	-0.019	-0.019	-0.019	-0.019	-0.002	-0.007	-0.009	-0.008	-0.004	-0.008	-0.009	-0.008	-0.009	-0.009	-0.009	-0.009	-0.040	-0.007	-0.009	-0.004	-0.041	-0.042	-0.042	-0.004	-0.007	-0.009	-0.006	-0.005	-0.008	-0.009	-0.005	-0.007	-0.008	-0.008	-0.010	-0.009	-0.006	-0.018	-0.016	-0.016	-0.007	-0.017	-0.016	-0.018	-0.017	-0.017	-0.016	-0.017	-0.004	-0.017	-0.015	-0.005	-0.004	-0.014	-0.016	-0.007	-0.017	-0.016	-0.006	-0.007	-0.016	-0.016	-0.006	-0.017	-0.016	-0.017	-0.016	-0.016	-0.026	-0.012	-0.013	2016_7_19_17_08_01
FLQS31J6GRWY____	0.137	0.141	0.134	0.168	0.168	0.136	0.168	0.169	0.136	0.136	0.135	0.168	0.137	0.137	0.136	0.136	0.135	0.136	0.137	0.168	0.138	0.138	0.136	0.136	0.167	0.137	0.137	0.169	0.135	0.168	0.138	0.136	0.074	0.030	0.071	0.069	0.070	0.072	0.071	0.071	0.072	0.072	0.071	0.069	0.073	0.074	0.073	0.074	0.072	0.073	0.073	0.070	0.072	0.074	0.073	0.072	0.070	0.074	0.072	0.070	0.073	0.071	0.074	0.073	-0.151	-0.146	-0.150	-0.161	-0.161	-0.150	-0.161	-0.161	-0.150	-0.150	-0.150	-0.161	-0.151	-0.151	-0.150	-0.151	-0.150	-0.151	-0.151	-0.161	-0.151	-0.151	-0.150	-0.151	-0.161	-0.151	-0.151	-0.162	-0.151	-0.161	-0.152	-0.150	0.145	0.071	-0.153	2016_7_19_17_07_49
FLQS31FWGRWY____	0.016	0.016	0.015	0.018	0.018	0.016	0.010	0.016	0.018	0.016	0.048	0.016	0.015	0.016	0.009	0.015	0.014	0.016	0.012	0.010	0.017	0.015	0.015	0.016	0.015	0.009	0.049	0.016	0.016	0.007	0.015	0.017	0.005	0.006	0.005	0.006	0.005	0.004	0.038	0.004	0.005	0.004	0.004	0.004	0.004	0.005	0.040	0.004	0.004	0.005	0.004	0.042	0.005	0.004	0.004	0.005	0.004	0.040	0.004	0.004	0.004	0.040	0.004	0.004	0.004	0.004	0.005	0.004	0.004	0.005	0.002	0.005	0.005	0.004	-0.006	0.004	0.006	0.004	0.001	0.005	0.005	0.004	0.005	0.001	0.004	0.005	0.005	0.004	0.005	0.002	-0.006	0.004	0.004	0.002	0.004	0.004	0.017	0.010	0.003	2016_7_19_17_07_49
FLQS31CRGRWY____	0.019	0.024	0.018	0.049	0.017	0.018	0.053	0.052	0.025	0.020	0.051	0.018	0.046	0.019	0.050	0.048	0.017	0.018	0.019	0.051	0.019	0.017	0.019	0.019	0.051	0.053	0.018	0.017	0.017	0.050	0.052	0.051	0.057	0.021	0.058	0.053	0.057	0.057	0.056	0.055	0.023	0.057	0.056	0.056	0.091	0.056	0.055	0.052	0.057	0.056	0.057	0.055	0.057	0.058	0.057	0.057	0.056	0.057	0.057	0.057	0.057	0.055	0.056	0.056	0.196	0.199	0.196	0.187	0.196	0.196	0.185	0.185	0.198	0.195	0.186	0.196	0.181	0.195	0.185	0.186	0.196	0.197	0.196	0.185	0.196	0.197	0.196	0.196	0.185	0.184	0.196	0.196	0.197	0.185	0.185	0.186	0.032	0.055	0.192	2016_7_19_17_07_49
FLQS319LGRWY____	0.282	0.285	0.316	0.286	0.284	0.284	0.287	0.285	0.284	0.282	0.283	0.286	0.269	0.318	0.287	0.283	0.282	0.281	0.282	0.286	0.284	0.286	0.286	0.283	0.287	0.285	0.286	0.286	0.286	0.287	0.285	0.286	0.089	0.089	0.087	0.090	0.089	0.089	0.089	0.089	0.090	0.089	0.090	0.090	0.125	0.086	0.088	0.090	0.091	0.090	0.090	0.090	0.090	0.089	0.089	0.089	0.089	0.089	0.091	0.090	0.090	0.090	0.089	0.089	-0.313	-0.314	-0.324	-0.314	-0.314	-0.314	-0.314	-0.314	-0.314	-0.313	-0.313	-0.315	-0.314	-0.325	-0.315	-0.313	-0.313	-0.313	-0.313	-0.314	-0.313	-0.314	-0.314	-0.314	-0.314	-0.314	-0.315	-0.315	-0.315	-0.314	-0.314	-0.315	0.286	0.090	-0.315	2016_7_19_17_07_49
FLQS319HGRWY____	-0.072	-0.065	-0.103	-0.071	-0.070	-0.065	-0.070	-0.070	-0.071	-0.072	-0.070	-0.066	-0.073	-0.072	-0.072	-0.072	-0.058	-0.072	-0.041	-0.070	-0.069	-0.071	-0.070	-0.073	-0.071	-0.071	-0.069	-0.069	-0.072	-0.074	-0.070	-0.070	0.039	0.001	0.005	0.038	0.039	0.000	0.036	0.037	0.038	0.039	0.036	0.001	0.040	0.039	0.037	0.040	0.001	0.039	0.037	0.037	0.039	0.036	0.038	0.039	0.037	0.038	0.038	0.038	0.040	0.037	0.037	0.038	0.151	0.154	0.166	0.151	0.150	0.154	0.151	0.150	0.151	0.151	0.151	0.154	0.151	0.151	0.151	0.151	0.152	0.151	0.141	0.151	0.150	0.151	0.151	0.151	0.151	0.150	0.151	0.150	0.151	0.152	0.151	0.150	-0.070	0.032	0.151	2016_7_19_17_07_49
FLQS317CGRWY____	-0.150	-0.153	-0.153	-0.151	-0.183	-0.182	-0.181	-0.150	-0.150	-0.149	-0.149	-0.182	-0.149	-0.152	-0.151	-0.150	-0.160	-0.151	-0.222	-0.152	-0.182	-0.182	-0.152	-0.149	-0.151	-0.151	-0.182	-0.151	-0.183	-0.150	-0.150	-0.150	-0.059	-0.058	-0.057	-0.058	-0.053	-0.054	-0.054	-0.058	-0.055	-0.056	-0.056	-0.053	-0.058	-0.058	-0.056	-0.058	-0.022	-0.058	-0.071	-0.058	-0.055	-0.055	-0.057	-0.057	-0.055	-0.057	-0.054	-0.056	-0.053	-0.057	-0.055	-0.056	0.016	0.016	0.016	0.016	0.026	0.026	0.025	0.016	0.015	0.015	0.015	0.026	0.016	0.016	0.016	0.016	0.013	0.016	0.041	0.016	0.026	0.025	0.016	0.015	0.015	0.016	0.026	0.016	0.026	0.016	0.016	0.015	-0.161	-0.055	0.019	2016_7_19_17_07_49
FLQS3160GRWY____	0.146	0.145	0.148	0.180	0.182	0.181	0.148	0.148	0.177	0.179	0.179	0.182	0.150	0.146	0.181	0.146	0.145	0.147	0.145	0.147	0.180	0.182	0.182	0.146	0.182	0.148	0.181	0.147	0.181	0.145	0.147	0.146	0.121	0.119	0.079	0.116	0.118	0.118	0.119	0.118	0.118	0.119	0.117	0.118	0.081	0.120	0.118	0.120	0.119	0.120	0.119	0.120	0.154	0.118	0.117	0.118	0.118	0.119	0.118	0.119	0.118	0.119	0.119	0.119	0.143	0.144	0.148	0.132	0.131	0.132	0.143	0.142	0.133	0.132	0.133	0.132	0.147	0.142	0.132	0.143	0.144	0.143	0.143	0.143	0.127	0.131	0.131	0.144	0.132	0.143	0.132	0.143	0.132	0.144	0.143	0.143	0.162	0.117	0.138	2016_7_19_17_07_49
FLQS3126GRWV____	0.455	0.482	0.450	0.458	0.457	0.478	0.479	0.472	0.488	0.447	0.485	0.487	0.455	0.455	0.459	0.490	0.456	0.455	0.444	0.480	0.486	0.479	0.453	0.457	0.479	0.479	0.486	0.486	0.488	0.479	0.456	0.479	0.164	0.197	0.198	0.165	0.165	0.195	0.194	0.225	0.162	0.196	0.162	0.161	0.162	0.165	0.167	0.161	0.163	0.165	0.158	0.197	0.160	0.196	0.162	0.163	0.196	0.195	0.161	0.160	0.161	0.196	0.164	0.194	-0.280	-0.294	-0.282	-0.281	-0.281	-0.292	-0.292	-0.294	-0.290	-0.281	-0.289	-0.290	-0.280	-0.280	-0.282	-0.290	-0.280	-0.280	-0.275	-0.293	-0.290	-0.292	-0.279	-0.280	-0.292	-0.292	-0.290	-0.289	-0.290	-0.293	-0.280	-0.292	0.470	0.176	-0.286	2016_7_19_17_07_50
FLQS3115GRWV____	0.051	0.019	0.048	0.047	0.048	0.050	0.046	0.046	0.047	0.049	0.049	0.047	0.019	0.048	0.048	0.017	0.019	0.051	0.052	0.048	0.018	0.017	0.046	0.049	0.046	0.046	0.046	0.049	0.018	0.048	0.047	0.047	0.005	0.009	0.007	0.006	0.006	0.008	0.007	0.008	0.008	0.008	0.008	0.007	0.011	0.005	0.007	0.009	0.011	0.006	0.007	0.007	0.009	0.008	0.007	0.008	0.006	0.006	0.007	0.008	0.010	0.007	0.007	0.006	-0.043	-0.033	-0.042	-0.042	-0.042	-0.043	-0.041	-0.042	-0.042	-0.043	-0.043	-0.042	-0.033	-0.042	-0.042	-0.033	-0.034	-0.043	-0.043	-0.042	-0.033	-0.032	-0.042	-0.043	-0.042	-0.041	-0.041	-0.043	-0.033	-0.043	-0.042	-0.041	0.041	0.007	-0.040	2016_7_19_17_07_50
FLQS310RGRWV____	0.022	0.019	0.059	0.022	0.053	0.019	0.022	0.054	0.019	0.020	0.022	0.021	0.029	0.063	0.021	0.021	0.030	0.029	0.021	0.023	0.024	0.021	0.022	0.052	0.022	0.022	0.024	0.025	0.020	0.022	0.022	0.055	0.114	0.151	0.071	0.114	0.109	0.113	0.111	0.108	0.111	0.112	0.111	0.113	0.075	0.072	0.110	0.115	0.075	0.077	0.112	0.113	0.112	0.112	0.113	0.109	0.111	0.110	0.111	0.113	0.114	0.112	0.111	0.109	0.133	0.129	0.127	0.133	0.124	0.134	0.134	0.123	0.135	0.134	0.133	0.133	0.136	0.126	0.134	0.133	0.136	0.136	0.134	0.133	0.133	0.133	0.133	0.124	0.133	0.134	0.133	0.132	0.134	0.133	0.133	0.123	0.029	0.107	0.132	2016_7_19_17_07_50
FLQS3106GRWV____	-0.098	-0.138	-0.134	-0.141	-0.132	-0.135	-0.126	-0.126	-0.132	-0.132	-0.141	-0.133	-0.135	-0.098	-0.134	-0.134	-0.099	-0.097	-0.099	-0.133	-0.132	-0.134	-0.133	-0.133	-0.133	-0.134	-0.133	-0.131	-0.132	-0.133	-0.103	-0.134	0.000	0.042	0.004	0.040	0.006	0.004	-0.029	-0.030	0.004	0.004	0.036	0.005	0.005	0.001	0.003	0.004	0.002	0.001	0.001	0.005	0.005	0.001	0.005	0.005	0.004	0.004	0.005	0.006	0.002	0.005	-0.000	0.005	-0.010	-0.002	0.002	-0.001	0.001	0.003	0.004	0.005	0.001	0.001	0.000	0.002	0.003	-0.009	0.003	0.003	-0.009	-0.010	-0.009	0.002	0.002	0.003	0.002	0.002	0.002	0.002	0.002	0.001	0.001	0.002	-0.007	0.002	-0.127	0.005	-0.000	2016_7_19_17_07_50
FLQS30ZQGRWV____	-0.073	-0.070	-0.070	-0.071	-0.072	-0.071	-0.071	-0.069	-0.073	-0.072	-0.071	-0.073	-0.074	-0.072	-0.071	-0.073	-0.044	-0.073	-0.063	-0.071	-0.072	-0.072	-0.072	-0.071	-0.071	-0.071	-0.073	-0.070	-0.072	-0.072	-0.072	-0.070	-0.006	-0.006	-0.006	-0.005	-0.004	-0.005	-0.006	-0.005	-0.006	-0.005	-0.005	-0.006	-0.006	-0.006	-0.006	-0.006	-0.007	-0.006	-0.042	-0.008	-0.008	-0.006	-0.006	-0.007	-0.007	-0.006	-0.008	-0.006	-0.005	-0.007	-0.006	-0.007	0.074	0.072	0.073	0.073	0.073	0.073	0.072	0.072	0.073	0.073	0.073	0.074	0.074	0.073	0.073	0.074	0.064	0.074	0.076	0.074	0.074	0.073	0.073	0.073	0.073	0.073	0.074	0.073	0.074	0.074	0.073	0.073	-0.070	-0.007	0.073	2016_7_19_17_07_50
FLQS30YUGRWV____	0.046	0.044	0.046	0.047	0.046	0.048	0.047	0.056	0.047	0.048	0.046	0.046	0.044	0.047	0.049	0.046	0.044	0.046	0.010	0.046	0.045	0.047	0.048	0.046	0.047	0.048	0.046	0.045	0.047	0.047	0.046	0.047	0.049	0.090	0.050	0.050	0.050	0.050	0.050	0.014	0.050	0.049	0.048	0.050	0.049	0.049	0.051	0.050	0.049	0.049	0.053	0.049	0.049	0.050	0.050	0.049	0.049	0.050	0.050	0.048	0.050	0.050	0.050	0.051	0.217	0.213	0.217	0.217	0.217	0.217	0.217	0.220	0.217	0.217	0.218	0.218	0.218	0.218	0.217	0.218	0.218	0.217	0.229	0.217	0.218	0.217	0.217	0.217	0.217	0.217	0.218	0.218	0.217	0.217	0.218	0.217	0.046	0.050	0.218	2016_7_19_17_07_50
FLQS30X6GRWY____	0.059	0.056	0.026	0.017	0.048	0.024	0.056	0.025	0.057	0.057	0.053	0.016	0.060	0.057	0.026	0.059	0.059	0.058	0.059	0.057	0.056	0.025	0.054	0.056	0.025	0.024	0.057	0.049	0.016	0.024	0.062	0.057	0.008	0.007	0.012	0.046	0.043	0.010	0.008	0.011	0.010	0.009	0.009	0.047	0.009	0.007	0.011	0.008	0.009	0.008	0.009	0.008	0.009	0.011	0.008	0.009	0.011	0.012	0.009	0.045	0.048	0.011	-0.025	0.007	-0.134	-0.134	-0.124	-0.126	-0.136	-0.123	-0.133	-0.124	-0.134	-0.134	-0.132	-0.126	-0.135	-0.134	-0.124	-0.135	-0.135	-0.134	-0.135	-0.134	-0.134	-0.123	-0.133	-0.133	-0.124	-0.124	-0.134	-0.136	-0.126	-0.123	-0.131	-0.134	0.045	0.014	-0.131	2016_7_19_17_07_50
FLQS30X6GRWV____	0.213	0.180	0.147	0.214	0.181	0.213	0.181	0.219	0.212	0.212	0.214	0.214	0.211	0.213	0.214	0.214	0.211	0.215	0.182	0.179	0.183	0.213	0.181	0.212	0.180	0.180	0.184	0.181	0.180	0.180	0.212	0.214	0.081	0.083	0.084	0.080	0.084	0.080	0.083	0.045	0.082	0.081	0.079	0.081	0.080	0.081	0.080	0.081	0.081	0.080	0.083	0.081	0.083	0.080	0.084	0.081	0.081	0.083	0.084	0.082	0.085	0.082	0.081	0.080	-0.346	-0.335	-0.323	-0.345	-0.335	-0.345	-0.335	-0.342	-0.345	-0.345	-0.345	-0.346	-0.345	-0.346	-0.345	-0.346	-0.344	-0.345	-0.335	-0.334	-0.336	-0.345	-0.335	-0.345	-0.334	-0.335	-0.336	-0.335	-0.334	-0.334	-0.346	-0.345	0.198	0.080	-0.340	2016_7_19_17_07_50
FLQS30WFGRWV____	0.025	0.031	-0.000	-0.003	-0.003	-0.004	-0.008	0.023	-0.000	-0.001	0.001	-0.003	0.034	0.027	-0.002	-0.014	0.022	0.030	0.002	-0.002	-0.002	-0.001	-0.008	0.022	-0.001	-0.001	-0.002	-0.002	-0.002	-0.001	-0.008	-0.003	0.033	-0.004	0.002	0.001	0.001	0.001	0.035	0.032	0.001	0.001	0.000	0.002	-0.003	0.036	0.001	0.039	0.034	0.035	0.058	0.001	0.002	0.002	0.038	0.033	0.001	0.002	0.002	0.002	0.002	0.002	0.038	0.002	0.065	0.068	0.078	0.079	0.079	0.079	0.075	0.065	0.079	0.079	0.078	0.079	0.067	0.064	0.079	0.077	0.066	0.063	0.069	0.079	0.079	0.078	0.076	0.066	0.078	0.078	0.079	0.079	0.079	0.079	0.076	0.079	0.005	0.014	0.075	2016_7_19_17_07_51
FLQS30VBGRWV____	0.061	0.057	0.027	0.057	0.027	0.057	0.058	0.058	0.060	0.061	0.057	0.058	0.015	0.061	0.057	0.061	0.013	0.026	0.048	0.059	0.056	0.056	0.057	0.027	0.059	0.058	0.056	0.057	0.058	0.058	0.056	0.059	0.010	0.011	0.014	0.010	0.014	0.010	0.012	0.012	0.012	0.010	0.013	0.010	0.052	0.011	0.011	0.011	0.053	0.014	0.048	0.012	0.012	0.011	0.011	0.013	0.013	0.011	0.012	0.013	0.010	0.013	0.011	0.013	-0.086	-0.085	-0.075	-0.084	-0.075	-0.085	-0.085	-0.085	-0.086	-0.086	-0.086	-0.085	-0.077	-0.087	-0.085	-0.086	-0.076	-0.075	-0.088	-0.085	-0.085	-0.085	-0.084	-0.075	-0.086	-0.086	-0.085	-0.086	-0.086	-0.086	-0.085	-0.086	0.051	0.015	-0.084	2016_7_19_17_07_51
FLQS30UFGRWV____	0.108	0.082	0.084	0.081	0.081	0.114	0.116	0.083	0.084	0.116	0.077	0.081	0.077	0.110	0.114	0.070	0.070	0.072	0.083	0.114	0.108	0.114	0.075	0.073	0.114	0.116	0.107	0.082	0.104	0.082	0.076	0.081	0.042	0.009	0.009	0.008	0.009	0.004	0.005	0.010	0.010	0.006	0.039	0.009	0.008	0.041	0.006	0.046	0.047	0.045	0.010	0.006	0.040	0.007	0.045	0.045	0.007	0.006	0.040	0.009	0.042	0.010	0.044	0.010	-0.009	0.005	0.005	0.006	0.005	-0.005	-0.006	0.004	0.005	-0.006	0.003	0.006	0.006	-0.009	-0.005	0.004	0.004	0.003	0.004	-0.006	-0.008	-0.006	0.002	0.002	-0.005	-0.005	-0.008	0.004	-0.007	0.005	0.002	0.005	0.092	0.021	-0.000	2016_7_19_17_07_51
FLQS30TYGRWV____	0.011	0.051	0.018	0.052	0.053	0.051	0.043	0.042	0.013	0.012	0.050	0.054	0.010	0.012	0.054	0.047	0.010	0.011	0.010	0.042	0.046	0.051	0.045	0.012	0.021	0.052	0.045	0.043	0.043	0.019	0.014	0.054	0.054	0.010	0.017	0.012	0.014	0.013	0.050	0.051	0.052	0.054	0.016	0.013	0.054	0.054	0.015	0.051	0.054	0.053	0.053	0.049	0.049	0.013	0.051	0.053	0.018	0.014	0.048	0.050	0.053	0.016	0.051	0.014	-0.016	-0.023	-0.014	-0.024	-0.024	-0.024	-0.026	-0.026	-0.017	-0.017	-0.023	-0.025	-0.016	-0.017	-0.025	-0.028	-0.016	-0.016	-0.016	-0.026	-0.027	-0.023	-0.027	-0.017	-0.014	-0.024	-0.027	-0.026	-0.027	-0.013	-0.017	-0.024	0.034	0.037	-0.021	2016_7_19_17_07_51
FLQS30T7GRWV____	0.164	0.192	0.193	0.157	0.156	0.191	0.193	0.156	0.192	0.159	0.197	0.162	0.191	0.160	0.159	0.199	0.191	0.198	0.155	0.158	0.160	0.158	0.156	0.162	0.194	0.194	0.163	0.156	0.193	0.158	0.157	0.158	0.020	0.057	0.058	0.061	0.059	0.056	0.057	0.061	0.059	0.060	0.025	0.020	0.058	0.022	0.060	0.020	0.058	0.021	0.060	0.060	0.060	0.059	0.060	0.022	0.059	0.059	0.024	0.059	0.058	0.060	0.060	0.060	0.019	0.004	0.004	0.016	0.016	0.004	0.004	0.016	0.004	0.015	0.007	0.020	0.004	0.020	0.015	0.008	0.005	0.008	0.016	0.016	0.015	0.016	0.016	0.020	0.003	0.004	0.019	0.016	0.004	0.015	0.016	0.015	0.173	0.050	0.012	2016_7_19_17_07_51
FLQS30S7GRWV____	0.055	0.057	0.061	0.031	0.062	0.030	0.030	0.031	0.033	0.063	0.024	0.032	0.054	0.022	0.030	0.056	0.053	0.056	0.075	0.031	0.034	0.030	0.061	0.052	0.062	0.030	0.033	0.062	0.062	0.029	0.062	0.062	0.098	0.098	0.063	0.066	0.062	0.067	0.066	0.066	0.067	0.064	0.098	0.067	0.100	0.104	0.066	0.101	0.100	0.098	0.128	0.065	0.067	0.065	0.063	0.098	0.063	0.065	0.067	0.063	0.062	0.065	0.063	0.064	0.130	0.129	0.134	0.144	0.133	0.143	0.144	0.143	0.142	0.133	0.141	0.143	0.130	0.141	0.143	0.130	0.131	0.130	0.120	0.143	0.142	0.144	0.133	0.131	0.134	0.143	0.142	0.134	0.134	0.144	0.133	0.133	0.046	0.077	0.137	2016_7_19_17_07_51
FLQS30RRGRWV____	0.076	0.073	0.071	0.075	0.075	0.075	0.075	0.074	0.074	0.074	0.073	0.075	0.077	0.040	0.076	0.078	0.076	0.079	0.010	0.073	0.077	0.073	0.075	0.073	0.073	0.075	0.076	0.074	0.076	0.074	0.075	0.074	0.061	0.061	0.061	0.061	0.062	0.062	0.061	0.061	0.062	0.063	0.062	0.063	0.062	0.065	0.061	0.062	0.062	0.063	0.061	0.061	0.062	0.061	0.063	0.062	0.061	0.061	0.062	0.062	0.061	0.063	0.062	0.061	0.085	0.086	0.086	0.086	0.084	0.086	0.085	0.086	0.085	0.085	0.086	0.085	0.084	0.097	0.085	0.083	0.085	0.083	0.106	0.086	0.085	0.085	0.085	0.085	0.085	0.085	0.085	0.085	0.084	0.086	0.085	0.086	0.072	0.062	0.086	2016_7_19_17_07_51
FLQS30R2GRWV____	-0.113	-0.089	-0.121	-0.121	-0.124	-0.091	-0.121	-0.122	-0.121	-0.108	-0.121	-0.123	-0.079	-0.080	-0.090	-0.079	-0.082	-0.081	-0.080	-0.091	-0.092	-0.120	-0.091	-0.123	-0.092	-0.122	-0.092	-0.122	-0.081	-0.091	-0.122	-0.091	-0.050	-0.018	-0.015	-0.014	-0.013	-0.018	-0.013	-0.013	-0.015	-0.051	-0.016	-0.014	-0.053	-0.053	-0.017	-0.053	-0.052	-0.052	-0.052	-0.017	-0.017	-0.013	-0.018	-0.013	-0.018	-0.014	-0.017	-0.014	-0.052	-0.018	-0.014	-0.018	0.079	0.067	0.076	0.077	0.077	0.067	0.077	0.076	0.076	0.078	0.077	0.077	0.068	0.068	0.067	0.069	0.069	0.069	0.069	0.067	0.068	0.076	0.067	0.077	0.067	0.077	0.067	0.077	0.069	0.066	0.077	0.067	-0.102	-0.026	0.072	2016_7_19_17_07_51
FLQS30QXGRWV____	0.050	0.057	0.058	0.026	0.058	0.057	0.058	0.026	0.060	0.059	0.057	0.058	0.016	0.017	0.058	0.052	0.015	0.018	0.050	0.057	0.056	0.057	0.057	0.028	0.028	0.058	0.057	0.058	0.059	0.058	0.058	0.058	0.045	0.009	0.011	0.013	0.010	0.010	0.011	0.014	0.011	0.012	0.012	0.011	0.051	0.049	0.012	0.046	0.050	0.048	0.044	0.011	0.011	0.011	0.010	0.013	0.013	0.012	0.011	0.010	0.010	0.010	0.011	0.011	-0.030	-0.028	-0.029	-0.018	-0.029	-0.029	-0.028	-0.019	-0.029	-0.029	-0.029	-0.029	-0.020	-0.021	-0.029	-0.032	-0.020	-0.021	-0.031	-0.029	-0.028	-0.028	-0.029	-0.019	-0.019	-0.029	-0.028	-0.028	-0.029	-0.029	-0.029	-0.029	0.048	0.019	-0.027	2016_7_19_17_07_51
FLQS30QPGRWV____	0.121	0.082	0.081	0.119	0.080	0.110	0.111	0.112	0.110	0.111	0.121	0.118	0.077	0.088	0.078	0.120	0.078	0.087	0.088	0.111	0.112	0.112	0.117	0.090	0.112	0.112	0.082	0.116	0.091	0.111	0.113	0.081	0.025	0.066	0.064	0.026	0.065	0.062	0.061	0.061	0.060	0.060	0.029	0.025	0.063	0.029	0.065	0.024	0.064	0.029	0.027	0.063	0.061	0.064	0.026	0.028	0.063	0.062	0.028	0.024	0.026	0.062	0.062	0.065	-0.088	-0.080	-0.079	-0.087	-0.080	-0.089	-0.089	-0.089	-0.088	-0.089	-0.088	-0.087	-0.078	-0.077	-0.079	-0.087	-0.079	-0.077	-0.077	-0.090	-0.089	-0.091	-0.086	-0.078	-0.090	-0.090	-0.075	-0.086	-0.078	-0.089	-0.090	-0.080	0.102	0.048	-0.084	2016_7_19_17_07_52
FLQS30QMGRWV____	-0.028	-0.063	-0.062	-0.064	-0.061	-0.061	-0.061	-0.055	-0.028	-0.029	-0.031	-0.061	-0.036	-0.030	-0.065	-0.063	-0.037	-0.028	-0.025	-0.061	-0.062	-0.064	-0.063	-0.058	-0.061	-0.062	-0.062	-0.063	-0.063	-0.063	-0.033	-0.063	-0.005	0.000	0.002	-0.001	0.000	0.003	0.002	-0.029	0.000	-0.001	-0.001	0.002	0.033	-0.005	0.000	-0.000	0.035	-0.004	-0.002	0.000	0.002	0.001	0.000	-0.001	0.001	-0.000	0.002	0.001	0.000	0.000	-0.001	0.001	0.201	0.212	0.211	0.213	0.212	0.211	0.211	0.214	0.201	0.200	0.201	0.211	0.198	0.202	0.212	0.212	0.198	0.201	0.200	0.211	0.211	0.212	0.212	0.211	0.211	0.212	0.211	0.212	0.212	0.212	0.202	0.211	-0.052	0.001	0.208	2016_7_19_17_07_52
FLQS30Q9GRWY____	-0.059	-0.058	-0.026	-0.060	-0.049	-0.027	-0.020	-0.051	-0.018	-0.019	-0.049	-0.070	-0.058	-0.058	-0.059	-0.060	-0.058	-0.059	-0.056	-0.060	-0.051	-0.053	-0.021	-0.018	-0.051	-0.060	-0.050	-0.018	-0.049	-0.020	-0.059	-0.019	0.001	0.003	-0.002	0.001	-0.033	-0.001	-0.035	-0.033	-0.033	-0.034	-0.031	0.036	0.003	0.002	0.002	0.001	0.002	0.002	0.002	0.002	-0.032	-0.034	-0.036	-0.035	-0.032	0.001	-0.031	-0.034	-0.034	-0.036	-0.000	-0.035	-0.055	-0.056	-0.065	-0.054	-0.053	-0.065	-0.063	-0.053	-0.064	-0.063	-0.054	-0.056	-0.055	-0.055	-0.055	-0.055	-0.055	-0.055	-0.056	-0.055	-0.053	-0.052	-0.062	-0.064	-0.053	-0.055	-0.053	-0.064	-0.053	-0.062	-0.055	-0.063	-0.045	-0.015	-0.057	2016_7_19_17_07_52
FLQS30Q9GRWV____	-0.001	0.001	0.031	0.001	-0.000	0.001	0.000	-0.001	0.000	0.000	-0.000	0.001	-0.002	0.038	0.030	0.034	-0.000	-0.003	0.001	0.028	0.001	0.002	0.002	-0.002	0.001	0.002	0.001	-0.001	0.001	0.000	0.001	-0.002	0.014	0.014	0.011	0.013	0.013	0.016	0.013	0.014	0.014	0.013	0.013	0.014	0.013	0.010	0.010	0.009	0.013	0.013	0.014	0.011	0.013	0.014	0.015	0.014	0.014	0.014	0.014	0.013	0.013	0.013	0.015	0.013	-0.170	-0.170	-0.180	-0.170	-0.169	-0.170	-0.170	-0.170	-0.170	-0.170	-0.170	-0.170	-0.170	-0.182	-0.180	-0.180	-0.169	-0.169	-0.170	-0.179	-0.171	-0.171	-0.171	-0.169	-0.170	-0.170	-0.170	-0.170	-0.170	-0.170	-0.170	-0.169	0.005	0.013	-0.172	2016_7_19_17_07_52
FLQS30Q3GRWV____	0.172	0.173	0.141	0.169	0.170	0.168	0.140	0.173	0.170	0.170	0.138	0.170	0.138	0.171	0.169	0.171	0.138	0.140	0.172	0.140	0.171	0.170	0.172	0.138	0.169	0.140	0.170	0.139	0.168	0.138	0.169	0.171	-0.001	-0.042	0.002	-0.002	0.000	0.000	0.002	-0.035	-0.000	0.000	0.002	-0.001	0.003	-0.000	-0.001	-0.001	0.002	0.002	-0.002	0.002	-0.001	-0.001	-0.000	0.002	0.000	0.001	-0.001	0.002	-0.001	0.001	0.002	0.000	-0.173	-0.167	-0.162	-0.172	-0.172	-0.172	-0.161	-0.168	-0.171	-0.172	-0.161	-0.172	-0.162	-0.173	-0.172	-0.172	-0.162	-0.163	-0.173	-0.163	-0.172	-0.172	-0.173	-0.162	-0.172	-0.161	-0.172	-0.162	-0.171	-0.162	-0.172	-0.172	0.160	-0.002	-0.168	2016_7_19_17_07_52
FLQS30Q2GRWV____	0.115	0.076	0.070	0.078	0.078	0.069	0.047	0.079	0.078	0.078	0.080	0.046	0.078	0.078	0.109	0.113	0.078	0.078	0.077	0.079	0.076	0.109	0.077	0.078	0.077	0.078	0.076	0.076	0.081	0.109	0.078	0.078	0.063	0.064	0.100	0.067	0.067	0.102	0.071	0.067	0.067	0.066	0.067	0.071	0.066	0.067	0.064	0.063	0.067	0.067	0.066	0.068	0.068	0.065	0.067	0.067	0.067	0.066	0.067	0.066	0.065	0.065	0.067	0.068	0.064	0.077	0.074	0.076	0.076	0.074	0.086	0.075	0.076	0.076	0.075	0.086	0.076	0.076	0.066	0.064	0.075	0.076	0.076	0.076	0.076	0.066	0.076	0.075	0.076	0.076	0.076	0.077	0.075	0.066	0.076	0.076	0.081	0.069	0.075	2016_7_19_17_07_52
FLQS30PHGRWY____	-0.010	-0.010	-0.011	-0.010	-0.008	-0.009	-0.010	-0.010	-0.002	-0.012	-0.011	-0.043	-0.043	-0.009	-0.000	-0.009	-0.042	-0.010	-0.009	-0.010	-0.007	-0.010	-0.011	-0.043	-0.010	-0.010	-0.006	-0.003	-0.010	-0.011	-0.015	-0.011	0.002	0.002	0.002	0.003	0.004	0.003	0.003	0.003	-0.030	0.002	0.003	0.006	0.006	0.002	-0.030	0.003	0.006	0.002	0.002	0.002	-0.032	0.003	0.004	0.005	0.003	0.003	-0.032	-0.032	0.002	0.003	0.037	0.003	-0.056	-0.055	-0.055	-0.056	-0.057	-0.056	-0.056	-0.056	-0.054	-0.056	-0.056	-0.045	-0.045	-0.056	-0.055	-0.056	-0.046	-0.056	-0.057	-0.056	-0.052	-0.056	-0.055	-0.045	-0.056	-0.056	-0.052	-0.053	-0.056	-0.056	-0.060	-0.055	-0.013	-0.001	-0.054	2016_7_19_17_07_52
FLQS30NWGRWV____	-0.076	-0.079	-0.071	-0.078	-0.077	-0.109	-0.077	-0.077	-0.108	-0.075	-0.076	-0.110	-0.076	-0.078	-0.112	-0.077	-0.077	-0.077	-0.077	-0.110	-0.107	-0.112	-0.077	-0.078	-0.077	-0.112	-0.107	-0.077	-0.111	-0.077	-0.078	-0.077	-0.056	-0.018	-0.092	-0.055	-0.055	-0.053	-0.057	-0.056	-0.055	-0.056	-0.056	-0.053	-0.056	-0.055	-0.054	-0.055	-0.055	-0.056	-0.056	-0.055	-0.054	-0.055	-0.056	-0.056	-0.056	-0.055	-0.054	-0.055	-0.052	-0.056	-0.056	-0.055	-0.258	-0.262	-0.254	-0.257	-0.258	-0.247	-0.257	-0.257	-0.247	-0.258	-0.258	-0.246	-0.258	-0.257	-0.246	-0.257	-0.257	-0.258	-0.257	-0.246	-0.247	-0.246	-0.257	-0.257	-0.258	-0.246	-0.248	-0.258	-0.247	-0.257	-0.257	-0.257	-0.087	-0.055	-0.254	2016_7_19_17_07_52
FLQS30MRGRWY____	0.010	0.008	0.005	0.009	0.009	0.005	0.004	0.003	0.010	0.002	0.009	0.008	0.011	0.009	0.001	0.010	0.043	0.010	0.009	0.004	0.010	0.003	0.009	0.012	0.001	0.003	0.011	0.010	0.001	0.002	0.002	0.001	0.064	0.059	0.099	0.062	0.063	0.100	0.096	0.097	0.062	0.099	0.064	0.062	0.062	0.063	0.097	0.064	0.061	0.064	0.063	0.099	0.064	0.098	0.062	0.062	0.098	0.097	0.064	0.063	0.100	0.099	0.096	0.098	0.203	0.205	0.200	0.204	0.204	0.200	0.201	0.201	0.204	0.201	0.204	0.205	0.204	0.204	0.202	0.204	0.193	0.204	0.204	0.200	0.204	0.201	0.204	0.203	0.201	0.201	0.203	0.204	0.202	0.201	0.201	0.202	0.008	0.078	0.202	2016_7_19_17_07_52
FLQS30MKGRWV____	0.152	0.153	0.183	0.154	0.153	0.149	0.156	0.148	0.153	0.151	0.151	0.154	0.151	0.185	0.154	0.153	0.185	0.154	0.151	0.155	0.156	0.154	0.154	0.152	0.154	0.153	0.155	0.154	0.154	0.155	0.154	0.153	0.027	0.027	0.025	0.027	0.026	0.064	0.027	0.063	0.027	0.027	0.027	0.027	0.027	0.022	0.027	0.026	0.023	0.027	0.026	0.027	0.028	0.026	0.025	0.026	0.026	0.025	0.027	0.026	0.026	0.027	0.026	0.026	-0.294	-0.294	-0.303	-0.294	-0.294	-0.297	-0.295	-0.298	-0.293	-0.293	-0.293	-0.294	-0.293	-0.304	-0.294	-0.294	-0.304	-0.294	-0.293	-0.295	-0.295	-0.294	-0.293	-0.293	-0.294	-0.294	-0.295	-0.294	-0.294	-0.294	-0.294	-0.293	0.156	0.028	-0.295	2016_7_19_17_07_53
FLQS30MJGRWV____	0.115	0.115	0.116	0.115	0.113	0.122	0.114	0.109	0.113	0.113	0.083	0.114	0.125	0.082	0.117	0.115	0.123	0.116	0.082	0.114	0.113	0.117	0.115	0.112	0.115	0.115	0.114	0.115	0.115	0.115	0.117	0.115	0.115	0.115	0.114	0.114	0.113	0.078	0.114	0.147	0.113	0.114	0.114	0.113	0.078	0.118	0.114	0.114	0.078	0.114	0.119	0.114	0.114	0.113	0.115	0.115	0.114	0.114	0.114	0.114	0.113	0.113	0.114	0.113	0.039	0.040	0.040	0.040	0.040	0.043	0.040	0.037	0.040	0.040	0.050	0.040	0.041	0.050	0.040	0.040	0.042	0.039	0.050	0.040	0.040	0.039	0.039	0.041	0.040	0.039	0.040	0.039	0.040	0.040	0.039	0.040	0.112	0.112	0.041	2016_7_19_17_07_53
FLQS30MEGRWV____	0.265	0.257	0.261	0.260	0.262	0.260	0.262	0.262	0.262	0.263	0.252	0.262	0.217	0.217	0.263	0.265	0.216	0.218	0.218	0.262	0.262	0.261	0.261	0.262	0.263	0.262	0.234	0.262	0.262	0.262	0.262	0.263	-0.064	-0.024	-0.060	-0.061	-0.060	-0.061	-0.060	-0.061	-0.058	-0.060	-0.026	-0.062	-0.021	-0.023	-0.060	-0.062	-0.021	-0.022	-0.023	-0.061	-0.060	-0.061	-0.060	-0.061	-0.059	-0.061	-0.056	-0.059	-0.063	-0.060	-0.061	-0.060	0.054	0.051	0.055	0.055	0.055	0.055	0.054	0.054	0.054	0.054	0.053	0.055	0.064	0.064	0.054	0.053	0.064	0.063	0.064	0.055	0.054	0.054	0.054	0.054	0.054	0.055	0.063	0.054	0.055	0.054	0.054	0.054	0.254	-0.052	0.056	2016_7_19_17_07_53
FLQS30LFGRWY____	0.131	0.132	0.126	0.127	0.091	0.093	0.130	0.128	0.097	0.129	0.094	0.128	0.122	0.129	0.089	0.096	0.121	0.129	0.129	0.128	0.095	0.092	0.128	0.131	0.093	0.130	0.094	0.128	0.093	0.129	0.130	0.128	-0.002	-0.043	0.038	-0.002	-0.001	0.001	0.001	0.000	0.000	-0.000	0.003	-0.000	0.035	-0.003	-0.000	0.000	0.035	-0.002	-0.001	-0.001	-0.000	0.000	-0.002	-0.000	-0.001	0.001	0.000	-0.002	-0.000	-0.001	-0.000	-0.001	0.142	0.147	0.137	0.143	0.155	0.154	0.141	0.142	0.152	0.142	0.153	0.142	0.139	0.143	0.155	0.153	0.140	0.143	0.142	0.142	0.153	0.155	0.142	0.141	0.154	0.141	0.154	0.142	0.155	0.141	0.142	0.142	0.116	0.002	0.146	2016_7_19_17_07_53
FLQS30KNGRWV____	-0.064	-0.073	-0.075	-0.072	-0.066	-0.074	-0.066	-0.065	-0.065	-0.064	-0.066	-0.074	-0.063	-0.100	-0.074	-0.062	-0.064	-0.063	-0.036	-0.073	-0.066	-0.073	-0.065	-0.061	-0.099	-0.073	-0.065	-0.074	-0.066	-0.065	-0.066	-0.074	0.008	0.044	0.042	0.044	0.009	0.044	0.010	0.009	0.010	0.009	0.010	0.043	0.007	0.012	0.043	0.007	0.007	0.009	0.001	0.044	0.010	0.044	0.009	0.009	0.012	0.044	0.010	0.043	0.009	0.010	0.008	0.043	0.167	0.164	0.165	0.164	0.167	0.164	0.166	0.166	0.166	0.166	0.167	0.165	0.167	0.178	0.164	0.166	0.166	0.166	0.158	0.164	0.166	0.164	0.166	0.166	0.178	0.165	0.167	0.164	0.167	0.166	0.167	0.164	-0.069	0.021	0.166	2016_7_19_17_07_53
FLQS30K5GRWY____	-0.079	-0.074	-0.076	-0.070	-0.068	-0.068	-0.071	-0.070	-0.068	-0.069	-0.071	-0.068	-0.079	-0.079	-0.069	-0.070	-0.079	-0.079	-0.079	-0.070	-0.069	-0.070	-0.069	-0.068	-0.069	-0.070	-0.068	-0.069	-0.067	-0.070	-0.069	-0.069	-0.015	-0.010	-0.013	-0.047	-0.049	-0.048	-0.047	-0.047	-0.046	-0.046	-0.045	-0.047	-0.012	-0.014	-0.048	-0.048	-0.011	-0.014	-0.012	-0.048	-0.045	-0.048	-0.048	-0.047	-0.048	-0.047	-0.045	-0.046	-0.048	-0.048	-0.047	-0.048	0.028	0.026	0.027	0.029	0.029	0.030	0.030	0.030	0.029	0.030	0.030	0.029	0.028	0.028	0.030	0.030	0.028	0.027	0.028	0.029	0.029	0.029	0.030	0.029	0.030	0.030	0.029	0.029	0.029	0.030	0.030	0.030	-0.071	-0.039	0.029	2016_7_19_17_07_53
FLQS30K3GRWY____	0.053	0.010	0.007	0.041	0.042	0.042	0.010	0.039	0.040	0.046	0.046	0.039	0.012	0.015	0.038	0.013	0.014	0.013	0.047	0.048	0.047	0.047	0.047	0.047	0.041	0.008	0.047	0.047	0.048	0.017	0.015	0.049	0.008	0.051	0.047	0.046	0.047	0.047	0.046	0.045	0.044	0.008	0.010	0.046	0.011	0.010	0.043	0.011	0.011	0.012	0.007	0.009	0.008	0.008	0.009	0.009	0.047	0.046	0.008	0.009	0.006	0.010	0.010	0.009	0.047	0.056	0.057	0.045	0.045	0.046	0.056	0.046	0.046	0.050	0.049	0.047	0.060	0.060	0.047	0.060	0.060	0.061	0.049	0.049	0.050	0.049	0.049	0.049	0.045	0.056	0.049	0.050	0.049	0.059	0.060	0.048	0.034	0.023	0.052	2016_7_19_17_07_53
FLQS30K1GRWY____	-0.120	-0.119	-0.090	-0.119	-0.120	-0.094	-0.119	-0.126	-0.118	-0.118	-0.120	-0.119	-0.122	-0.121	-0.119	-0.123	-0.086	-0.088	-0.087	-0.088	-0.121	-0.119	-0.119	-0.118	-0.119	-0.120	-0.088	-0.119	-0.118	-0.121	-0.120	-0.120	-0.056	-0.058	-0.061	-0.056	-0.057	-0.025	-0.056	-0.021	-0.057	-0.058	-0.055	-0.058	-0.058	-0.058	-0.055	-0.057	-0.061	-0.061	-0.060	-0.059	-0.057	-0.057	-0.059	-0.057	-0.057	-0.057	-0.060	-0.056	-0.057	-0.057	-0.056	-0.058	0.084	0.083	0.074	0.083	0.084	0.070	0.083	0.081	0.083	0.083	0.083	0.083	0.085	0.084	0.083	0.084	0.072	0.073	0.073	0.073	0.084	0.083	0.084	0.083	0.083	0.084	0.073	0.083	0.083	0.083	0.084	0.084	-0.113	-0.055	0.081	2016_7_19_17_07_53
FLQS30JCGRWV____	0.002	0.000	0.002	0.001	0.001	0.000	0.000	0.002	-0.001	-0.001	-0.005	0.001	0.002	0.001	0.001	0.002	0.002	-0.006	-0.044	0.000	-0.001	0.001	-0.005	-0.011	0.001	0.002	-0.008	-0.007	0.002	0.000	0.001	-0.031	0.004	0.003	0.004	0.003	0.003	0.003	0.003	0.003	0.003	0.004	0.035	0.003	0.004	0.004	0.004	0.005	0.003	0.040	0.042	0.004	0.002	0.004	0.038	0.038	0.003	0.004	0.037	0.039	0.003	0.004	0.004	0.007	0.000	0.001	0.000	0.000	0.000	0.001	0.000	0.000	0.001	0.001	-0.002	0.001	0.000	0.000	-0.000	0.000	-0.000	-0.003	0.010	0.001	0.001	0.001	-0.003	-0.001	0.000	-0.000	-0.002	-0.002	-0.000	0.000	0.000	0.010	-0.003	0.011	0.000	2016_7_19_17_07_54
FLQS30J0GRWV____	0.112	0.111	0.120	0.113	0.110	0.118	0.123	0.121	0.110	0.110	0.112	0.112	0.077	0.081	0.112	0.112	0.093	0.079	0.111	0.120	0.113	0.115	0.115	0.109	0.122	0.122	0.113	0.114	0.113	0.114	0.115	0.113	0.105	0.105	0.069	0.105	0.104	0.069	0.071	0.069	0.104	0.105	0.102	0.106	0.110	0.108	0.103	0.106	0.071	0.109	0.105	0.069	0.104	0.104	0.107	0.105	0.069	0.070	0.104	0.105	0.106	0.104	0.105	0.104	0.172	0.172	0.174	0.172	0.173	0.175	0.173	0.175	0.173	0.173	0.173	0.172	0.183	0.182	0.172	0.171	0.183	0.182	0.172	0.174	0.172	0.171	0.171	0.173	0.174	0.174	0.172	0.171	0.172	0.172	0.171	0.172	0.110	0.096	0.174	2016_7_19_17_07_54
FLQS30HZGRWY____	-0.100	-0.065	-0.064	-0.066	-0.034	-0.065	-0.067	-0.073	-0.097	-0.067	-0.066	-0.067	-0.067	-0.067	-0.067	-0.068	-0.067	-0.065	-0.067	-0.065	-0.062	-0.066	-0.036	-0.066	-0.066	-0.096	-0.063	-0.065	-0.067	-0.097	-0.066	-0.064	-0.002	-0.007	-0.008	-0.007	-0.010	-0.007	-0.008	0.024	-0.004	-0.007	-0.009	-0.008	-0.005	-0.007	-0.007	-0.006	-0.007	-0.006	-0.005	-0.007	-0.007	-0.009	-0.009	-0.006	-0.007	-0.006	-0.008	-0.006	-0.007	-0.004	-0.008	-0.008	0.018	0.007	0.007	0.007	-0.004	0.008	0.008	0.005	0.018	0.008	0.008	0.008	0.008	0.007	0.007	0.008	0.007	0.007	0.008	0.008	0.006	0.008	-0.002	0.007	0.008	0.018	0.007	0.007	0.008	0.017	0.007	0.007	-0.068	-0.006	0.008	2016_7_19_17_07_54
FLQS30H6GRWV____	0.098	0.136	0.098	0.130	0.130	0.130	0.098	0.129	0.130	0.131	0.129	0.131	0.097	0.130	0.131	0.097	0.098	0.097	0.099	0.127	0.129	0.129	0.099	0.101	0.130	0.098	0.129	0.095	0.131	0.097	0.099	0.130	-0.038	-0.074	-0.037	-0.041	-0.040	-0.040	-0.038	-0.040	-0.040	-0.040	-0.039	-0.040	-0.038	-0.040	-0.039	-0.039	-0.038	-0.038	-0.037	-0.041	-0.040	-0.041	-0.038	-0.038	-0.040	-0.037	-0.040	-0.039	-0.041	-0.039	-0.038	-0.040	-0.335	-0.342	-0.335	-0.346	-0.345	-0.346	-0.335	-0.346	-0.346	-0.345	-0.345	-0.345	-0.335	-0.346	-0.346	-0.334	-0.335	-0.335	-0.336	-0.345	-0.345	-0.345	-0.336	-0.337	-0.346	-0.336	-0.345	-0.334	-0.345	-0.334	-0.335	-0.345	0.116	-0.040	-0.341	2016_7_19_17_07_54
FLQS30GQGRWV____	0.616	0.651	0.588	0.618	0.618	0.622	0.617	0.648	0.613	0.611	0.613	0.617	0.611	0.615	0.618	0.614	0.611	0.617	67.781	0.649	0.650	0.616	0.617	0.612	0.649	0.615	0.649	0.649	0.651	0.616	0.617	0.617	0.066	0.061	0.066	0.064	0.064	0.029	0.062	0.093	0.064	0.064	0.061	0.064	0.065	0.064	0.063	0.064	0.065	0.065	5.955	0.061	0.061	0.062	0.063	0.064	0.059	0.063	0.060	0.061	0.060	0.063	0.063	0.065	-0.265	-0.276	-0.256	-0.265	-0.265	-0.262	-0.265	-0.280	-0.264	-0.263	-0.264	-0.266	-0.264	-0.264	-0.265	-0.264	-0.263	-0.266	-25.585	-0.276	-0.276	-0.265	-0.265	-0.263	-0.275	-0.264	-0.276	-0.276	-0.276	-0.265	-0.265	-0.265	2.722	0.247	-1.058	2016_7_19_17_07_54
FLQS30GCGRWY____	-0.054	-0.017	-0.018	-0.054	-0.053	-0.049	-0.056	-0.053	-0.053	-0.053	-0.051	-0.053	-0.018	-0.018	-0.052	-0.020	-0.017	-0.021	-0.052	-0.053	-0.051	-0.054	-0.055	-0.020	-0.053	-0.054	-0.051	-0.018	-0.053	-0.054	-0.019	-0.053	0.002	0.002	0.001	0.003	0.003	-0.040	0.001	0.001	0.001	-0.000	0.002	0.001	-0.001	0.001	0.003	-0.001	0.001	-0.001	0.003	0.004	0.002	0.003	0.001	0.001	0.002	0.001	0.002	0.001	0.001	0.002	0.001	0.002	-0.013	-0.025	-0.025	-0.012	-0.013	-0.008	-0.012	-0.012	-0.012	-0.012	-0.014	-0.012	-0.024	-0.024	-0.013	-0.023	-0.024	-0.023	-0.014	-0.013	-0.014	-0.013	-0.013	-0.024	-0.013	-0.013	-0.013	-0.024	-0.013	-0.012	-0.024	-0.012	-0.042	0.000	-0.016	2016_7_19_17_07_54
FLQS30G5GRWY____	-0.023	-0.058	-0.032	-0.066	-0.065	-0.065	-0.064	-0.030	-0.034	-0.066	-0.065	-0.063	-0.020	-0.022	-0.063	-0.021	-0.021	-0.023	-0.055	-0.063	-0.062	-0.064	-0.063	-0.024	-0.061	-0.063	-0.055	-0.064	-0.053	-0.062	-0.025	-0.063	-0.004	-0.004	0.034	0.038	0.037	0.038	0.036	0.035	0.033	0.035	0.035	0.037	-0.002	-0.002	0.037	-0.001	-0.003	-0.002	0.002	0.037	0.037	0.037	0.037	-0.001	0.038	0.037	0.002	0.038	-0.001	0.038	-0.001	0.037	0.238	0.251	0.236	0.246	0.246	0.246	0.246	0.235	0.237	0.247	0.247	0.246	0.237	0.238	0.246	0.237	0.238	0.238	0.248	0.246	0.246	0.246	0.246	0.239	0.245	0.246	0.249	0.246	0.248	0.246	0.239	0.246	-0.049	0.022	0.244	2016_7_19_17_07_54
FLQS30E9GRWY____	0.069	0.035	0.070	0.070	0.070	0.035	0.033	0.068	0.068	0.069	0.069	0.068	0.066	0.070	0.070	0.071	0.046	0.071	0.107	0.070	0.069	0.068	0.068	0.036	0.069	0.070	0.069	0.070	0.069	0.070	0.069	0.071	0.061	0.067	0.062	0.061	0.061	0.064	0.065	0.060	0.061	0.061	0.060	0.060	0.060	0.063	0.062	0.062	0.026	0.062	0.057	0.060	0.060	0.060	0.060	0.065	0.061	0.061	0.061	0.061	0.061	0.060	0.061	0.061	-0.019	-0.009	-0.020	-0.019	-0.020	-0.009	-0.008	-0.019	-0.020	-0.020	-0.019	-0.019	-0.018	-0.020	-0.020	-0.020	-0.007	-0.020	-0.031	-0.019	-0.020	-0.019	-0.019	-0.009	-0.019	-0.020	-0.020	-0.019	-0.019	-0.019	-0.019	-0.020	0.065	0.060	-0.018	2016_7_19_17_07_55
FLQS30DZGRWV	0.078	0.038	0.035	0.072	0.074	0.068	0.072	0.046	0.073	0.073	0.074	0.044	0.030	0.076	0.044	0.075	0.064	0.077	0.042	0.073	0.069	0.073	0.073	0.072	0.072	0.074	0.071	0.073	0.074	0.072	0.073	0.071	0.027	0.069	0.065	0.028	0.028	0.064	0.030	0.031	0.028	0.027	0.032	0.031	0.067	0.026	0.033	0.026	0.064	0.027	0.030	0.028	0.028	0.029	0.028	0.028	0.028	0.030	0.028	0.028	0.026	0.027	0.029	0.028	-0.166	-0.159	-0.158	-0.165	-0.166	-0.169	-0.165	-0.157	-0.165	-0.165	-0.166	-0.156	-0.157	-0.166	-0.156	-0.166	-0.168	-0.166	-0.155	-0.165	-0.164	-0.165	-0.165	-0.165	-0.165	-0.166	-0.164	-0.165	-0.165	-0.165	-0.165	-0.164	0.065	0.034	-0.164	2016_7_19_17_07_55
FLQS30D5GRWQ____	0.082	0.071	0.072	0.071	0.069	0.070	0.072	0.080	0.069	0.078	0.071	0.070	0.072	0.082	0.072	0.083	0.082	0.082	0.080	0.073	0.078	0.073	0.079	0.081	0.073	0.071	0.078	0.079	0.079	0.071	0.079	0.072	-0.030	0.006	0.005	0.006	0.005	0.005	0.006	-0.027	0.006	-0.030	0.006	0.006	0.006	-0.031	0.005	-0.030	-0.031	-0.030	-0.030	0.007	-0.029	0.006	-0.029	-0.029	0.006	0.006	-0.029	-0.028	-0.029	0.007	-0.029	0.006	-0.213	-0.214	-0.214	-0.214	-0.214	-0.213	-0.214	-0.212	-0.213	-0.211	-0.214	-0.214	-0.215	-0.212	-0.214	-0.213	-0.213	-0.213	-0.212	-0.215	-0.211	-0.215	-0.212	-0.212	-0.214	-0.214	-0.211	-0.212	-0.212	-0.214	-0.211	-0.215	0.075	-0.011	-0.213	2016_7_19_17_07_55
FLQS30CMGRWQ____	0.015	-0.007	0.057	0.056	0.057	0.058	0.027	0.017	-0.015	0.016	0.056	0.058	0.015	0.017	0.025	0.016	0.015	0.015	0.018	0.016	-0.003	0.025	0.056	0.015	0.057	0.019	0.021	0.019	-0.016	0.015	0.019	0.058	-0.002	-0.035	-0.038	-0.041	-0.040	-0.039	-0.036	-0.003	0.002	-0.002	-0.037	-0.039	-0.001	-0.001	-0.037	-0.001	-0.001	-0.003	0.000	-0.004	-0.032	-0.038	-0.039	-0.002	-0.039	-0.003	-0.001	-0.002	0.002	-0.003	-0.003	-0.038	-0.210	-0.198	-0.219	-0.218	-0.218	-0.219	-0.209	-0.211	-0.201	-0.210	-0.218	-0.219	-0.211	-0.211	-0.209	-0.211	-0.210	-0.210	-0.211	-0.210	-0.200	-0.208	-0.218	-0.210	-0.219	-0.211	-0.212	-0.211	-0.200	-0.210	-0.212	-0.220	0.026	-0.017	-0.211	2016_7_19_17_07_55
FLQS30BWGRWY____	-0.068	-0.060	-0.030	-0.064	-0.058	-0.060	-0.055	-0.051	-0.055	-0.057	-0.064	-0.057	-0.063	-0.097	-0.057	-0.065	-0.030	-0.063	-0.064	-0.056	-0.064	-0.056	-0.062	-0.066	-0.063	-0.055	-0.064	-0.062	-0.057	-0.055	-0.057	-0.057	-0.007	-0.046	-0.047	-0.009	-0.044	-0.046	-0.042	-0.078	-0.042	-0.044	-0.010	-0.045	-0.007	-0.004	-0.044	-0.007	-0.010	-0.008	-0.008	-0.045	-0.009	-0.044	-0.007	-0.008	-0.009	-0.044	-0.008	-0.007	-0.045	-0.044	-0.044	-0.045	-0.039	-0.036	-0.046	-0.040	-0.037	-0.036	-0.038	-0.034	-0.038	-0.038	-0.040	-0.037	-0.040	-0.029	-0.036	-0.040	-0.051	-0.040	-0.040	-0.037	-0.040	-0.038	-0.041	-0.039	-0.040	-0.038	-0.040	-0.041	-0.038	-0.038	-0.037	-0.037	-0.059	-0.028	-0.039	2016_7_19_17_07_55
FLQS30BJGRWV____	0.054	0.053	0.053	0.055	0.056	0.020	0.055	0.055	0.053	0.054	0.053	0.056	0.023	0.058	0.049	0.024	0.022	0.021	0.022	0.056	0.056	0.053	0.056	0.055	0.054	0.056	0.056	0.056	0.026	0.055	0.055	0.055	0.014	0.013	0.014	0.013	0.013	0.015	0.013	0.013	0.013	0.013	0.014	0.014	0.016	0.013	0.049	0.015	0.016	0.018	0.016	0.014	0.013	0.015	0.014	0.013	0.014	0.014	0.014	0.013	0.018	0.014	0.014	0.013	-0.189	-0.189	-0.190	-0.189	-0.190	-0.179	-0.190	-0.190	-0.189	-0.190	-0.189	-0.190	-0.179	-0.191	-0.193	-0.179	-0.180	-0.179	-0.179	-0.190	-0.190	-0.189	-0.190	-0.190	-0.189	-0.190	-0.190	-0.190	-0.181	-0.190	-0.189	-0.189	0.048	0.015	-0.188	2016_7_19_17_07_55
FLQS30AEGRWV____	0.104	0.073	0.043	0.072	0.071	0.102	0.074	0.111	0.071	0.072	0.073	0.071	0.104	0.072	0.072	0.105	0.104	0.069	0.069	0.074	0.101	0.072	0.073	0.071	0.074	0.074	0.099	0.073	0.071	0.105	0.072	0.073	-0.012	-0.006	-0.005	-0.006	-0.006	-0.008	-0.007	-0.046	-0.008	-0.009	-0.009	-0.009	-0.010	-0.007	-0.009	-0.010	-0.010	-0.008	-0.008	-0.007	-0.010	-0.006	-0.008	-0.008	-0.007	-0.007	-0.010	-0.008	-0.008	-0.010	-0.007	-0.008	-0.079	-0.069	-0.060	-0.069	-0.069	-0.079	-0.070	-0.077	-0.069	-0.069	-0.070	-0.068	-0.080	-0.070	-0.069	-0.080	-0.080	-0.069	-0.068	-0.070	-0.078	-0.069	-0.069	-0.069	-0.070	-0.070	-0.078	-0.070	-0.069	-0.080	-0.069	-0.069	0.080	-0.009	-0.072	2016_7_19_17_07_55
FLQS309TGRWY____	-0.092	-0.061	-0.061	-0.070	-0.068	-0.062	-0.099	-0.035	-0.070	-0.071	-0.099	-0.061	-0.060	-0.107	-0.070	-0.107	-0.060	-0.070	-0.070	-0.068	-0.065	-0.069	-0.099	-0.071	-0.066	-0.102	-0.065	-0.033	-0.072	-0.100	-0.069	-0.100	0.009	0.003	0.005	0.039	0.041	0.004	0.043	0.035	0.041	0.042	0.039	0.004	0.006	0.047	0.038	0.046	0.005	0.042	0.043	0.039	0.042	0.038	0.044	0.041	0.039	0.041	0.041	0.037	0.041	0.043	0.039	0.043	0.082	0.072	0.072	0.071	0.070	0.073	0.079	0.059	0.071	0.070	0.080	0.072	0.072	0.081	0.070	0.082	0.072	0.069	0.069	0.069	0.068	0.069	0.079	0.070	0.069	0.080	0.068	0.058	0.070	0.080	0.070	0.080	-0.074	0.033	0.072	2016_7_19_17_07_55
FLQS309QGRWV____	0.004	-0.005	-0.009	-0.037	-0.030	-0.037	-0.000	0.001	-0.030	0.001	-0.030	-0.039	0.001	0.002	0.002	0.002	0.002	0.001	-0.031	0.002	-0.031	0.002	0.001	0.001	-0.032	-0.006	-0.030	0.002	0.001	0.002	-0.032	-0.032	-0.041	-0.005	-0.007	-0.001	-0.039	-0.004	-0.042	-0.043	-0.039	-0.042	-0.038	-0.004	-0.044	-0.043	-0.042	-0.043	-0.045	-0.042	-0.041	-0.041	-0.037	-0.042	-0.043	-0.041	-0.039	-0.006	-0.037	-0.042	-0.043	-0.042	-0.039	-0.040	-0.124	-0.126	-0.124	-0.116	-0.112	-0.116	-0.122	-0.122	-0.113	-0.122	-0.113	-0.115	-0.123	-0.123	-0.123	-0.123	-0.122	-0.123	-0.112	-0.123	-0.112	-0.123	-0.123	-0.122	-0.112	-0.125	-0.112	-0.123	-0.123	-0.123	-0.112	-0.112	-0.012	-0.034	-0.119	2016_7_19_17_07_55
FLQS309NGRWM____	-0.022	-0.016	-0.049	-0.014	-0.020	-0.015	-0.012	-0.012	-0.015	-0.025	-0.022	-0.020	-0.054	-0.053	-0.015	-0.023	-0.054	-0.022	-0.021	-0.012	-0.022	-0.015	-0.021	-0.020	-0.013	-0.014	-0.023	-0.013	-0.023	-0.014	-0.020	-0.015	-0.012	-0.050	-0.045	-0.049	-0.011	-0.048	-0.047	-0.048	-0.046	-0.012	-0.015	-0.012	-0.009	-0.010	-0.047	-0.013	-0.008	-0.013	-0.011	-0.048	-0.013	-0.048	-0.012	-0.013	-0.048	-0.048	-0.013	-0.047	-0.014	-0.048	-0.013	-0.047	0.006	0.009	0.019	0.009	0.005	0.008	0.007	0.008	0.008	0.007	0.006	0.005	0.016	0.016	0.008	0.006	0.016	0.006	0.005	0.008	0.005	0.009	0.005	0.005	0.008	0.009	0.006	0.007	0.007	0.008	0.005	0.009	-0.022	-0.029	0.008	2016_7_19_17_07_56
FLQS308YGRWQ____	0.002	0.007	0.009	0.002	0.004	-0.021	0.000	0.002	0.002	0.002	0.003	0.002	0.001	0.002	0.001	0.003	0.002	0.004	0.035	0.001	-0.029	0.001	0.000	0.002	0.001	-0.000	-0.028	0.002	0.003	-0.001	0.001	0.002	0.005	-0.034	-0.030	0.006	0.006	-0.029	0.005	0.004	0.005	0.005	0.004	0.005	0.005	0.006	0.005	0.006	0.006	0.005	0.002	0.006	0.008	0.006	0.005	0.005	0.006	0.005	0.008	0.005	0.006	0.006	0.005	0.006	-0.119	-0.115	-0.116	-0.119	-0.120	-0.106	-0.118	-0.119	-0.120	-0.119	-0.119	-0.120	-0.119	-0.120	-0.119	-0.120	-0.120	-0.120	-0.130	-0.119	-0.109	-0.119	-0.119	-0.119	-0.119	-0.118	-0.109	-0.120	-0.120	-0.118	-0.119	-0.119	0.001	0.002	-0.118	2016_7_19_17_07_56
FLQS3084GRWM____	-0.004	-0.000	-0.004	-0.003	-0.004	-0.003	-0.003	-0.004	-0.004	-0.005	-0.005	-0.005	0.005	-0.036	-0.003	-0.005	-0.039	-0.038	0.030	-0.004	-0.006	-0.004	-0.004	-0.005	-0.005	-0.035	-0.005	-0.003	-0.004	-0.006	-0.005	-0.005	0.044	0.002	0.043	0.044	0.043	0.044	0.043	0.042	0.042	0.043	0.043	0.043	0.005	0.049	0.044	0.044	0.047	0.048	0.040	0.044	0.044	0.044	0.043	0.044	0.044	0.046	0.043	0.044	0.044	0.044	0.043	0.043	0.251	0.256	0.251	0.251	0.252	0.251	0.252	0.252	0.252	0.252	0.251	0.252	0.254	0.262	0.251	0.252	0.263	0.262	0.241	0.251	0.252	0.251	0.251	0.251	0.252	0.262	0.251	0.251	0.251	0.252	0.251	0.252	-0.007	0.041	0.253	2016_7_19_17_07_56
FLQS307KGRWV____	0.104	0.074	0.073	0.074	0.074	0.111	0.072	0.096	0.072	0.072	0.072	0.072	0.104	0.070	0.072	0.106	0.070	0.071	0.037	0.070	0.072	0.073	0.072	0.103	0.073	0.071	0.073	0.071	0.074	0.073	0.072	0.073	0.056	0.063	0.061	0.062	0.061	0.021	0.059	0.089	0.060	0.061	0.058	0.062	0.059	0.061	0.060	0.058	0.060	0.061	0.063	0.060	0.060	0.061	0.060	0.059	0.060	0.061	0.060	0.060	0.063	0.061	0.060	0.060	-0.022	-0.013	-0.013	-0.012	-0.012	-0.019	-0.011	-0.025	-0.012	-0.011	-0.012	-0.012	-0.022	-0.011	-0.012	-0.023	-0.011	-0.012	-0.001	-0.012	-0.012	-0.013	-0.011	-0.022	-0.012	-0.012	-0.012	-0.011	-0.012	-0.012	-0.012	-0.013	0.077	0.060	-0.014	2016_7_19_17_07_56
FLQS3072GRWV____	0.219	0.247	0.191	0.221	0.220	0.218	0.248	0.218	0.250	0.219	0.217	0.221	0.217	0.184	0.220	0.253	0.218	0.217	0.219	0.250	0.220	0.219	0.219	0.248	0.220	0.218	0.220	0.251	0.219	0.189	0.220	0.251	0.083	0.077	0.085	0.083	0.083	0.081	0.079	0.081	0.080	0.082	0.082	0.081	0.082	0.085	0.082	0.077	0.081	0.080	0.081	0.079	0.082	0.081	0.081	0.080	0.081	0.081	0.082	0.080	0.082	0.084	0.082	0.080	-0.096	-0.104	-0.088	-0.096	-0.096	-0.096	-0.106	-0.096	-0.106	-0.096	-0.095	-0.097	-0.095	-0.085	-0.096	-0.107	-0.096	-0.095	-0.096	-0.106	-0.097	-0.096	-0.096	-0.105	-0.096	-0.096	-0.097	-0.107	-0.096	-0.086	-0.096	-0.107	0.224	0.081	-0.098	2016_7_19_17_07_56
FLQS305NGRWM____	-0.002	0.001	0.004	-0.005	-0.003	0.003	-0.002	-0.003	-0.005	-0.003	-0.004	-0.005	-0.038	-0.004	-0.004	-0.001	-0.038	-0.002	0.030	-0.003	-0.003	-0.005	-0.005	-0.006	-0.003	-0.033	-0.002	-0.004	-0.005	-0.002	-0.006	-0.004	-0.002	-0.043	-0.039	-0.002	-0.001	-0.040	-0.003	-0.002	-0.002	-0.002	-0.004	-0.002	0.002	-0.002	-0.003	-0.001	0.002	-0.001	-0.006	-0.003	-0.003	-0.002	-0.001	-0.003	-0.003	0.001	-0.003	-0.002	-0.000	-0.001	-0.002	-0.003	-0.092	-0.087	-0.088	-0.091	-0.092	-0.088	-0.091	-0.092	-0.091	-0.092	-0.091	-0.091	-0.080	-0.091	-0.090	-0.092	-0.080	-0.093	-0.102	-0.091	-0.091	-0.091	-0.091	-0.090	-0.091	-0.082	-0.092	-0.091	-0.091	-0.092	-0.090	-0.091	-0.005	-0.005	-0.090	2016_7_19_17_07_56
FLQS305DGRWM____	0.057	0.059	0.028	0.028	0.051	0.059	0.059	0.060	0.026	0.058	0.058	0.052	0.058	0.058	0.061	0.057	0.058	0.058	0.058	0.058	0.023	0.026	0.020	0.056	0.028	0.026	0.052	0.059	0.059	0.059	0.026	0.059	0.004	0.004	0.008	0.007	0.039	0.004	0.004	0.004	0.007	0.004	0.003	0.039	0.003	0.003	0.004	0.004	0.004	0.003	0.004	0.003	0.040	0.006	0.041	0.004	0.007	0.006	0.038	0.003	0.004	0.004	0.006	0.003	-0.053	-0.054	-0.044	-0.044	-0.057	-0.054	-0.054	-0.054	-0.043	-0.053	-0.053	-0.056	-0.054	-0.054	-0.054	-0.053	-0.054	-0.054	-0.054	-0.053	-0.047	-0.043	-0.046	-0.053	-0.043	-0.043	-0.057	-0.054	-0.054	-0.053	-0.044	-0.054	0.049	0.010	-0.051	2016_7_19_17_07_56
FLQS3057GRWM____	0.016	0.008	0.008	0.007	0.046	0.010	0.049	0.007	0.017	0.019	0.017	0.006	0.039	0.016	0.008	0.049	0.007	0.048	0.050	0.006	0.016	0.017	0.046	0.050	0.015	0.006	0.016	0.015	0.045	0.018	0.047	0.046	-0.034	0.004	0.002	0.002	-0.036	0.003	-0.034	0.002	-0.031	-0.032	-0.030	0.002	0.001	-0.034	0.003	-0.036	0.003	-0.036	-0.035	0.003	-0.030	-0.032	-0.034	-0.034	-0.033	0.002	-0.030	-0.032	-0.037	-0.033	-0.033	-0.035	-0.147	-0.150	-0.149	-0.149	-0.157	-0.149	-0.157	-0.150	-0.147	-0.147	-0.147	-0.149	-0.160	-0.147	-0.150	-0.158	-0.149	-0.157	-0.158	-0.149	-0.147	-0.147	-0.157	-0.158	-0.147	-0.149	-0.148	-0.146	-0.156	-0.148	-0.157	-0.157	0.024	-0.021	-0.151	2016_7_19_17_07_56
FLQS3052GRWY____	0.083	0.080	0.109	0.082	0.083	0.076	0.082	0.074	0.085	0.084	0.081	0.083	0.084	0.083	0.083	0.050	0.069	0.081	0.069	0.076	0.053	0.083	0.082	0.085	0.083	0.084	0.082	0.083	0.084	0.054	0.082	0.083	0.019	0.019	0.053	0.021	0.021	0.056	0.023	0.055	0.024	0.023	0.023	0.020	0.020	0.020	0.023	0.024	0.057	0.021	0.056	0.056	0.025	0.022	0.021	0.021	0.022	0.023	0.022	0.022	0.022	0.024	0.022	0.022	-0.002	-0.000	-0.015	-0.002	-0.001	-0.005	-0.001	-0.004	-0.003	-0.002	-0.001	-0.002	-0.002	-0.002	-0.002	0.009	-0.002	-0.001	-0.002	-0.004	0.008	-0.002	-0.002	-0.002	-0.002	-0.003	-0.001	-0.002	-0.002	0.007	-0.002	-0.002	0.079	0.028	-0.001	2016_7_19_17_07_57
FLQS304WGRWM____	0.541	0.504	0.541	0.541	0.541	0.512	0.539	0.538	0.543	0.542	0.540	0.509	0.542	0.541	0.539	0.541	0.500	0.539	0.508	0.511	0.512	0.538	0.510	0.541	0.541	0.541	0.512	0.540	0.542	0.541	0.539	0.541	0.019	0.062	0.022	0.019	0.019	0.023	0.021	0.020	0.023	0.022	0.022	0.023	0.020	0.020	0.020	0.020	0.058	0.019	0.023	0.022	0.024	0.019	0.021	0.020	0.022	0.020	0.024	0.020	0.019	0.021	0.020	0.021	-0.184	-0.178	-0.184	-0.183	-0.184	-0.174	-0.183	-0.184	-0.185	-0.185	-0.184	-0.174	-0.185	-0.184	-0.184	-0.184	-0.176	-0.183	-0.174	-0.174	-0.175	-0.183	-0.174	-0.184	-0.185	-0.184	-0.176	-0.184	-0.184	-0.184	-0.183	-0.184	0.532	0.023	-0.181	2016_7_19_17_07_57
FLQS3047GRWM____	0.082	0.074	0.079	0.072	0.071	0.113	0.080	0.080	0.072	0.073	0.074	0.071	0.081	0.081	0.071	0.080	0.082	0.080	0.114	0.071	0.075	0.074	0.075	0.080	0.072	0.072	0.104	0.073	0.073	0.073	0.072	0.074	0.017	0.052	0.017	0.051	0.051	0.012	0.018	0.016	0.049	0.051	0.048	0.051	0.016	0.017	0.049	0.016	0.016	0.017	0.014	0.050	0.051	0.049	0.052	0.018	0.049	0.049	0.048	0.051	0.053	0.050	0.049	0.050	-0.120	-0.122	-0.119	-0.121	-0.121	-0.130	-0.119	-0.119	-0.121	-0.121	-0.121	-0.121	-0.119	-0.119	-0.120	-0.119	-0.119	-0.119	-0.129	-0.121	-0.122	-0.122	-0.122	-0.119	-0.121	-0.120	-0.132	-0.122	-0.122	-0.122	-0.121	-0.122	0.079	0.037	-0.121	2016_7_19_17_07_57
FLQS303BGRWM____	-0.042	-0.042	-0.041	-0.043	-0.009	-0.010	-0.011	-0.043	-0.009	-0.009	-0.040	-0.040	-0.051	-0.042	-0.040	-0.042	-0.050	-0.043	-0.040	-0.042	-0.009	-0.011	-0.042	-0.040	-0.009	-0.042	-0.010	-0.043	-0.007	-0.010	-0.043	-0.009	0.004	0.003	0.004	0.005	0.002	0.001	0.004	0.004	0.004	0.003	0.005	0.005	0.041	0.003	0.005	0.004	0.041	0.004	0.004	0.004	0.003	0.002	0.005	0.004	0.003	0.006	0.003	0.003	0.002	0.002	0.004	0.003	0.088	0.088	0.088	0.088	0.077	0.078	0.078	0.088	0.077	0.077	0.087	0.087	0.085	0.088	0.087	0.088	0.086	0.088	0.088	0.088	0.077	0.077	0.088	0.088	0.077	0.087	0.077	0.088	0.077	0.077	0.088	0.077	-0.030	0.006	0.084	2016_7_19_17_07_57
FLQS3024GRWM____	-0.085	-0.085	-0.126	-0.087	-0.087	-0.094	-0.094	-0.093	-0.088	-0.088	-0.089	-0.087	-0.088	-0.087	-0.086	-0.086	-0.088	-0.087	-0.129	-0.093	-0.122	-0.087	-0.088	-0.087	-0.088	-0.093	-0.121	-0.087	-0.087	-0.086	-0.089	-0.088	-0.052	-0.094	-0.017	-0.051	-0.051	-0.015	-0.018	-0.018	-0.052	-0.052	-0.050	-0.052	-0.052	-0.052	-0.050	-0.053	-0.053	-0.051	-0.013	-0.015	-0.051	-0.051	-0.053	-0.051	-0.050	-0.017	-0.051	-0.051	-0.052	-0.050	-0.051	-0.052	-0.032	-0.026	-0.023	-0.031	-0.031	-0.034	-0.033	-0.034	-0.030	-0.031	-0.031	-0.031	-0.031	-0.031	-0.032	-0.031	-0.030	-0.031	-0.023	-0.034	-0.019	-0.031	-0.031	-0.031	-0.031	-0.034	-0.019	-0.031	-0.031	-0.032	-0.030	-0.030	-0.093	-0.045	-0.030	2016_7_19_17_07_57
FLQS301GGRWM____	0.054	0.062	0.057	0.065	0.065	0.063	0.066	0.057	0.068	0.067	0.065	0.066	0.055	0.024	0.067	0.056	0.058	0.055	0.057	0.064	0.064	0.065	0.059	0.068	0.065	0.066	0.066	0.063	0.066	0.065	0.065	0.065	0.047	0.009	0.046	0.012	0.011	0.010	0.013	0.048	0.012	0.011	0.013	0.010	0.047	0.050	0.013	0.047	0.048	0.047	0.047	0.010	0.012	0.011	0.048	0.010	0.012	0.012	0.012	0.047	0.010	0.010	0.013	0.010	0.178	0.181	0.177	0.180	0.179	0.180	0.178	0.176	0.178	0.179	0.179	0.179	0.177	0.188	0.179	0.177	0.176	0.177	0.177	0.179	0.180	0.179	0.176	0.178	0.179	0.178	0.179	0.175	0.179	0.180	0.179	0.179	0.061	0.024	0.179	2016_7_19_17_07_57
FLQS301EGRWQ____	-0.141	-0.141	-0.140	-0.141	-0.141	-0.141	-0.140	-0.139	-0.141	-0.140	-0.169	-0.140	-0.140	-0.140	-0.107	-0.151	-0.150	-0.142	-0.149	-0.141	-0.110	-0.141	-0.109	-0.139	-0.140	-0.139	-0.141	-0.110	-0.109	-0.140	-0.140	-0.141	-0.066	-0.065	-0.064	-0.065	-0.065	-0.064	-0.063	-0.063	-0.064	-0.064	-0.061	-0.066	-0.063	-0.065	-0.067	-0.027	-0.027	-0.065	-0.028	-0.064	-0.067	-0.064	-0.067	-0.064	-0.064	-0.064	-0.064	-0.067	-0.069	-0.064	-0.063	-0.064	0.058	0.057	0.057	0.057	0.057	0.057	0.056	0.056	0.057	0.057	0.067	0.057	0.057	0.057	0.046	0.055	0.055	0.057	0.054	0.057	0.048	0.057	0.047	0.057	0.057	0.056	0.056	0.047	0.047	0.057	0.057	0.057	-0.137	-0.061	0.055	2016_7_19_17_07_57
FLQS300VGRWQ____	-0.057	-0.056	-0.020	-0.021	-0.055	-0.052	-0.051	-0.020	-0.058	-0.049	-0.057	-0.050	-0.058	-0.024	-0.051	-0.058	-0.058	-0.023	-0.058	-0.049	-0.050	-0.051	-0.058	-0.030	-0.051	-0.050	-0.049	-0.048	-0.049	-0.049	-0.051	-0.050	0.048	0.053	0.012	0.009	0.049	0.012	0.013	0.010	0.047	0.013	0.047	0.013	0.050	0.045	0.012	0.049	0.050	0.046	0.050	0.013	0.013	0.012	0.049	0.046	0.011	0.013	0.014	0.014	0.012	0.013	0.013	0.013	0.101	0.099	0.093	0.094	0.100	0.104	0.104	0.094	0.102	0.103	0.101	0.103	0.101	0.090	0.104	0.101	0.101	0.089	0.101	0.103	0.103	0.103	0.101	0.092	0.104	0.103	0.103	0.102	0.104	0.104	0.103	0.104	-0.047	0.027	0.100	2016_7_19_17_07_57
FLQS300RGRWY____	-0.061	-0.060	-0.062	-0.060	-0.060	-0.061	-0.061	-0.060	-0.061	-0.059	-0.058	-0.062	-0.015	-0.061	-0.061	-0.061	-0.015	-0.061	-0.083	-0.061	-0.059	-0.060	-0.061	-0.061	-0.061	-0.061	-0.060	-0.062	-0.061	-0.060	-0.061	-0.060	0.054	0.055	0.052	0.053	0.053	0.053	0.053	0.053	0.053	0.052	0.052	0.052	0.011	0.054	0.053	0.053	0.011	0.054	0.019	0.054	0.052	0.053	0.053	0.052	0.053	0.053	0.052	0.052	0.052	0.053	0.053	0.053	0.188	0.187	0.188	0.187	0.187	0.188	0.187	0.187	0.187	0.187	0.187	0.188	0.178	0.187	0.187	0.188	0.178	0.187	0.200	0.187	0.187	0.187	0.187	0.187	0.187	0.187	0.187	0.188	0.188	0.187	0.187	0.187	-0.059	0.049	0.187	2016_7_19_17_07_57
FLQS300LGRWQ____	-0.120	-0.091	-0.091	-0.092	-0.092	-0.084	-0.090	-0.083	-0.121	-0.123	-0.092	-0.091	-0.124	-0.121	-0.122	-0.122	-0.123	-0.122	-0.067	-0.090	-0.090	-0.120	-0.092	-0.122	-0.091	-0.089	-0.089	-0.091	-0.091	-0.089	-0.121	-0.090	0.001	-0.004	-0.002	-0.004	-0.004	-0.039	-0.001	-0.038	0.001	-0.000	-0.003	-0.003	0.001	-0.000	-0.001	0.001	0.000	0.000	0.005	-0.003	-0.002	-0.000	-0.002	-0.000	-0.002	-0.002	-0.002	-0.002	-0.004	-0.002	0.000	-0.003	-0.020	-0.029	-0.029	-0.029	-0.028	-0.026	-0.030	-0.026	-0.019	-0.019	-0.029	-0.029	-0.019	-0.019	-0.019	-0.019	-0.018	-0.019	-0.038	-0.029	-0.030	-0.020	-0.029	-0.019	-0.029	-0.030	-0.030	-0.029	-0.029	-0.030	-0.019	-0.029	-0.101	-0.004	-0.025	2016_7_19_17_07_58
FLQS300LGRWM____	0.006	0.002	0.008	0.006	0.005	0.006	0.037	0.032	0.005	0.004	0.039	0.006	0.005	0.008	0.038	0.007	0.006	0.006	0.006	0.036	0.007	0.006	0.038	0.034	0.038	0.007	0.006	0.037	0.005	0.006	0.007	0.037	0.056	0.098	0.057	0.057	0.056	0.056	0.054	0.088	0.057	0.056	0.054	0.057	0.057	0.057	0.055	0.058	0.057	0.057	0.057	0.055	0.056	0.056	0.055	0.055	0.056	0.056	0.057	0.054	0.057	0.057	0.057	0.055	0.176	0.171	0.175	0.175	0.176	0.176	0.166	0.162	0.176	0.176	0.165	0.176	0.176	0.175	0.166	0.176	0.176	0.175	0.176	0.166	0.176	0.176	0.166	0.166	0.165	0.176	0.176	0.166	0.176	0.176	0.175	0.165	0.015	0.058	0.172	2016_7_19_17_07_58
FLQS3009GRWQ____	-0.067	-0.060	-0.061	-0.069	-0.068	-0.059	-0.067	-0.067	-0.070	-0.069	-0.068	-0.068	-0.067	-0.066	-0.100	-0.099	-0.099	-0.098	-0.133	-0.067	-0.068	-0.099	-0.068	-0.070	-0.069	-0.068	-0.067	-0.067	-0.069	-0.068	-0.101	-0.100	-0.003	-0.041	-0.039	-0.003	-0.002	-0.040	-0.004	-0.003	-0.003	-0.003	-0.005	-0.003	-0.003	-0.001	-0.002	0.002	0.001	0.000	0.004	-0.002	-0.003	-0.001	-0.001	-0.004	-0.002	-0.003	-0.003	-0.002	-0.002	-0.001	-0.001	-0.000	-0.170	-0.166	-0.166	-0.169	-0.169	-0.167	-0.170	-0.169	-0.169	-0.168	-0.169	-0.169	-0.169	-0.170	-0.158	-0.159	-0.159	-0.160	-0.148	-0.169	-0.169	-0.158	-0.169	-0.168	-0.169	-0.169	-0.169	-0.170	-0.169	-0.169	-0.159	-0.158	-0.076	-0.005	-0.166	2016_7_19_17_07_58
FLQS2F0LGRX5____	-0.189	-0.181	-0.180	-0.189	-0.187	-0.182	-0.187	-0.189	-0.188	-0.187	-0.184	-0.188	-0.189	-0.189	-0.187	-0.188	-0.145	-0.189	-0.187	-0.190	-0.187	-0.188	-0.188	-0.189	-0.190	-0.190	-0.186	-0.190	-0.189	-0.191	-0.189	-0.189	-0.021	-0.060	-0.056	-0.023	-0.021	-0.058	-0.024	-0.024	-0.023	-0.023	-0.024	-0.021	-0.020	-0.021	-0.023	-0.022	-0.061	-0.021	-0.019	-0.023	-0.024	-0.024	-0.023	-0.021	-0.024	-0.024	-0.023	-0.024	-0.021	-0.024	-0.024	-0.022	0.070	0.073	0.072	0.070	0.070	0.073	0.070	0.070	0.069	0.070	0.070	0.070	0.069	0.071	0.070	0.070	0.061	0.070	0.069	0.071	0.070	0.071	0.071	0.070	0.071	0.071	0.069	0.071	0.070	0.072	0.071	0.070	-0.186	-0.027	0.070	2016_7_19_17_07_58
FLQS2EQUGRX5____	-0.147	-0.152	-0.147	-0.154	-0.147	-0.179	-0.147	-0.140	-0.149	-0.148	-0.148	-0.154	-0.145	-0.146	-0.147	-0.181	-0.145	-0.147	-0.180	-0.169	-0.147	-0.147	-0.147	-0.146	-0.155	-0.145	-0.147	-0.148	-0.174	-0.148	-0.146	-0.146	-0.074	-0.035	-0.073	-0.038	-0.073	-0.070	-0.073	-0.107	-0.073	-0.073	-0.072	-0.037	-0.074	-0.073	-0.072	-0.069	-0.073	-0.072	-0.069	-0.106	-0.073	-0.072	-0.073	-0.072	-0.039	-0.073	-0.073	-0.073	-0.071	-0.073	-0.072	-0.072	0.159	0.156	0.159	0.157	0.160	0.170	0.159	0.162	0.160	0.159	0.159	0.157	0.159	0.160	0.159	0.170	0.158	0.159	0.170	0.172	0.159	0.160	0.160	0.159	0.157	0.159	0.159	0.160	0.168	0.159	0.159	0.159	-0.152	-0.070	0.161	2016_7_19_17_07_58
FLQS2DERGRX5____	-0.217	-0.210	-0.214	-0.210	-0.215	-0.214	-0.216	-0.216	-0.216	-0.214	-0.213	-0.208	-0.216	-0.215	-0.215	-0.216	-0.216	-0.216	-0.248	-0.215	-0.247	-0.217	-0.216	-0.216	-0.216	-0.216	-0.216	-0.215	-0.218	-0.216	-0.217	-0.216	-0.057	-0.098	-0.059	-0.096	-0.057	-0.057	-0.057	-0.058	-0.058	-0.057	-0.058	-0.097	-0.057	-0.058	-0.057	-0.058	-0.057	-0.058	-0.054	-0.057	-0.056	-0.058	-0.057	-0.058	-0.057	-0.057	-0.058	-0.057	-0.057	-0.058	-0.057	-0.056	-0.138	-0.135	-0.139	-0.135	-0.139	-0.139	-0.139	-0.139	-0.139	-0.140	-0.140	-0.136	-0.139	-0.139	-0.139	-0.139	-0.139	-0.139	-0.129	-0.139	-0.128	-0.139	-0.139	-0.139	-0.140	-0.139	-0.139	-0.140	-0.139	-0.139	-0.138	-0.139	-0.217	-0.061	-0.138	2016_7_19_17_07_58
FLQS2CKUGRX5	0.035	0.010	-0.028	0.002	0.003	0.009	0.003	-0.002	0.002	0.002	0.002	0.003	0.035	0.003	0.001	0.002	0.034	0.034	0.001	0.003	0.005	0.002	0.002	0.032	0.004	0.003	0.005	0.005	0.002	0.003	0.004	0.003	0.005	-0.026	0.012	0.008	0.008	-0.030	0.008	0.041	0.007	0.009	0.008	0.009	0.007	0.010	0.008	0.009	0.007	0.007	0.010	0.008	0.009	0.008	0.009	0.006	0.008	0.007	0.010	0.009	0.009	0.008	0.009	0.008	-0.201	-0.188	-0.181	-0.191	-0.192	-0.188	-0.191	-0.194	-0.191	-0.191	-0.191	-0.191	-0.202	-0.192	-0.191	-0.192	-0.202	-0.201	-0.192	-0.192	-0.192	-0.191	-0.192	-0.201	-0.192	-0.191	-0.192	-0.192	-0.191	-0.192	-0.192	-0.191	0.007	0.007	-0.192	2016_7_19_17_07_58
FLQS2C9EGRX5____	0.029	-0.035	-0.006	-0.004	-0.003	-0.005	-0.003	-0.004	-0.003	-0.003	-0.005	-0.002	0.027	-0.004	-0.004	-0.004	-0.003	-0.004	0.020	-0.004	-0.004	0.029	-0.004	-0.003	-0.005	-0.004	-0.003	-0.003	-0.003	-0.004	-0.003	-0.004	-0.051	-0.081	-0.047	-0.046	-0.046	-0.047	-0.046	-0.046	-0.046	-0.047	-0.045	-0.046	-0.050	-0.047	-0.045	-0.047	-0.047	-0.047	-0.016	-0.046	-0.047	-0.048	-0.047	-0.046	-0.046	-0.046	-0.046	-0.047	-0.046	-0.047	-0.046	-0.046	-0.154	-0.129	-0.144	-0.145	-0.145	-0.144	-0.145	-0.145	-0.145	-0.145	-0.145	-0.145	-0.154	-0.145	-0.145	-0.145	-0.145	-0.144	-0.157	-0.145	-0.145	-0.156	-0.144	-0.145	-0.144	-0.145	-0.145	-0.145	-0.145	-0.144	-0.145	-0.145	-0.001	-0.047	-0.146	2016_7_19_17_07_58
FLQS2C6NGRX5____	-0.001	-0.006	-0.008	-0.011	-0.010	-0.010	-0.011	-0.010	-0.012	-0.005	-0.012	-0.012	-0.003	-0.004	-0.010	-0.000	-0.004	-0.004	-0.004	-0.006	-0.007	-0.011	-0.004	-0.003	-0.011	-0.003	-0.008	-0.003	-0.012	-0.005	-0.004	-0.004	0.007	0.005	0.044	0.045	0.046	0.046	0.042	0.044	0.044	0.007	0.041	0.044	0.006	0.008	0.044	0.008	0.006	0.008	0.007	0.009	0.008	0.045	0.009	0.008	0.044	0.009	0.008	0.008	0.046	0.009	0.008	0.008	0.018	0.020	0.016	0.015	0.015	0.016	0.016	0.016	0.016	0.019	0.017	0.016	0.018	0.019	0.016	0.018	0.019	0.019	0.019	0.019	0.020	0.016	0.019	0.018	0.016	0.018	0.020	0.018	0.016	0.019	0.019	0.019	-0.007	0.023	0.018	2016_7_19_17_07_59
FLQS2BJ4GRX5____	0.005	-0.008	-0.034	-0.027	-0.003	-0.002	0.003	0.004	0.002	-0.030	0.002	-0.033	-0.028	0.004	0.004	0.009	0.007	0.008	-0.026	0.004	0.004	0.004	0.002	0.003	-0.002	0.003	0.004	0.003	-0.024	0.004	0.002	0.003	0.011	0.083	0.050	0.016	0.048	0.047	0.012	0.013	0.013	0.014	0.014	0.052	0.015	0.011	0.014	0.012	0.011	0.012	0.016	0.014	0.012	0.014	0.012	0.013	0.047	0.013	0.012	0.012	0.014	0.013	0.012	0.013	0.007	-0.000	0.014	0.017	0.004	0.004	0.006	0.006	0.007	0.018	0.006	0.013	0.017	0.007	0.006	0.006	0.006	0.005	0.016	0.006	0.007	0.006	0.007	0.007	0.003	0.007	0.007	0.007	0.015	0.006	0.007	0.007	-0.004	0.021	0.008	2016_7_19_17_07_59
FLQS224TGRWM____	0.116	0.089	0.120	0.128	0.124	0.121	0.125	0.121	0.123	0.088	0.086	0.128	0.087	0.088	0.120	0.051	0.088	0.084	0.121	0.121	0.120	0.127	0.119	0.088	0.127	0.126	0.119	0.118	0.128	0.090	0.084	0.126	-0.055	-0.053	-0.055	-0.093	-0.053	-0.056	-0.090	-0.056	-0.054	-0.054	-0.053	-0.092	-0.052	-0.053	-0.056	-0.051	-0.053	-0.054	-0.057	-0.056	-0.056	-0.092	-0.055	-0.055	-0.092	-0.093	-0.056	-0.054	-0.094	-0.053	-0.017	-0.093	-0.275	-0.266	-0.276	-0.273	-0.277	-0.276	-0.273	-0.276	-0.277	-0.265	-0.265	-0.273	-0.266	-0.265	-0.276	-0.253	-0.265	-0.264	-0.276	-0.276	-0.276	-0.273	-0.276	-0.265	-0.273	-0.272	-0.275	-0.275	-0.273	-0.266	-0.270	-0.272	0.109	-0.063	-0.271	2016_7_19_17_07_59
FLQS224LGRWM____	0.275	0.278	0.277	0.278	0.276	0.309	0.277	0.278	0.277	0.276	0.279	0.308	0.285	0.278	0.278	0.278	0.291	0.276	0.274	0.276	0.308	0.278	0.276	0.276	0.277	0.278	0.278	0.277	0.309	0.277	0.276	0.277	0.067	0.069	0.066	0.067	0.066	0.065	0.065	0.067	0.065	0.066	0.064	0.062	0.030	0.069	0.065	0.067	0.027	0.067	0.065	0.067	0.064	0.067	0.065	0.066	0.065	0.067	0.065	0.066	0.063	0.067	0.065	0.066	-0.125	-0.126	-0.124	-0.125	-0.125	-0.135	-0.125	-0.125	-0.125	-0.125	-0.126	-0.135	-0.123	-0.126	-0.125	-0.126	-0.124	-0.125	-0.125	-0.125	-0.135	-0.125	-0.125	-0.125	-0.125	-0.125	-0.125	-0.125	-0.136	-0.126	-0.125	-0.125	0.282	0.064	-0.126	2016_7_19_17_07_59
FLQS200ZGRX8____	-0.108	-0.068	-0.106	-0.105	-0.097	-0.073	-0.075	-0.105	-0.061	-0.062	-0.104	-0.076	-0.072	-0.106	-0.065	-0.073	-0.106	-0.108	-0.074	-0.075	-0.074	-0.106	-0.105	-0.104	-0.067	-0.067	-0.075	-0.080	-0.077	-0.078	-0.106	-0.076	0.000	-0.040	-0.001	-0.001	-0.035	-0.002	-0.003	0.001	-0.037	-0.037	-0.002	-0.004	-0.003	-0.000	-0.036	-0.004	0.000	-0.000	-0.004	-0.002	-0.004	-0.001	-0.000	-0.000	-0.036	-0.036	-0.004	-0.003	-0.003	-0.002	0.000	-0.001	0.012	0.004	0.011	0.011	0.014	0.000	0.001	0.011	0.001	0.002	0.011	0.002	0.001	0.012	0.003	0.001	0.011	0.012	0.000	0.002	0.001	0.011	0.011	0.011	0.003	0.004	0.002	0.003	0.001	0.002	0.011	0.001	-0.085	-0.009	0.006	2016_7_19_17_07_59
FLNS2037GRWV____	-0.010	-0.007	-0.009	-0.009	-0.010	-0.009	-0.010	-0.010	-0.011	-0.011	-0.009	-0.011	-0.011	-0.010	-0.009	0.003	-0.012	-0.010	-0.012	-0.009	-0.009	-0.009	-0.010	-0.011	-0.039	-0.010	-0.009	-0.009	-0.009	-0.010	-0.008	0.020	0.046	0.045	0.042	0.043	0.043	0.043	0.042	0.043	0.042	0.043	0.042	0.043	0.045	0.046	0.041	0.006	0.045	0.044	0.043	0.044	0.041	0.042	0.041	0.043	0.045	0.042	0.042	0.043	0.044	0.042	0.041	0.040	0.123	0.122	0.123	0.124	0.123	0.123	0.124	0.123	0.124	0.124	0.124	0.124	0.123	0.124	0.124	0.124	0.124	0.124	0.123	0.123	0.123	0.123	0.124	0.124	0.133	0.124	0.123	0.124	0.123	0.123	0.123	0.113	-0.009	0.042	0.123	2016_7_19_17_07_59
