SN	Distance_X_LOGO_MainBoard_RU1	Distance_X_LOGO_MainBoard_RU2	Distance_X_LOGO_3	Distance_X_LOGO_4	Distance_X_LOGO_5	Distance_X_LOGO_6	Distance_X_LOGO_7	Distance_X_LOGO_8	Distance_X_LOGO_9	Distance_X_LOGO_10	Distance_X_LOGO_11	Distance_X_LOGO_12	Distance_X_LOGO_13	Distance_X_LOGO_14	Distance_X_LOGO_15	Distance_X_LOGO_16	Distance_X_LOGO_17	Distance_X_LOGO_18	Distance_X_LOGO_19	Distance_X_LOGO_20	Distance_X_LOGO_21	Distance_X_LOGO_22	Distance_X_LOGO_23	Distance_X_LOGO_24	Distance_X_LOGO_25	Distance_X_LOGO_26	Distance_X_LOGO_27	Distance_X_LOGO_28	Distance_X_LOGO_29	Distance_X_LOGO_30	Distance_X_LOGO_31	Distance_X_LOGO_32	Distance_Y_LOGO_MainBoard_RU1	Distance_Y_LOGO_MainBoard_RU2	Distance_Y_LOGO_3	Distance_Y_LOGO_4	Distance_Y_LOGO_5	Distance_Y_LOGO_6	Distance_Y_LOGO_7	Distance_Y_LOGO_8	Distance_Y_LOGO_9	Distance_Y_LOGO_10	Distance_Y_LOGO_11	Distance_Y_LOGO_12	Distance_Y_LOGO_13	Distance_Y_LOGO_14	Distance_Y_LOGO_15	Distance_Y_LOGO_16	Distance_Y_LOGO_17	Distance_Y_LOGO_18	Distance_Y_LOGO_19	Distance_Y_LOGO_20	Distance_Y_LOGO_21	Distance_Y_LOGO_22	Distance_Y_LOGO_23	Distance_Y_LOGO_24	Distance_Y_LOGO_25	Distance_Y_LOGO_26	Distance_Y_LOGO_27	Distance_Y_LOGO_28	Distance_Y_LOGO_29	Distance_Y_LOGO_30	Distance_Y_LOGO_31	Distance_Y_LOGO_32	Angle_MainBoard_RU1	Angle_MainBoard_RU2	Angle_3	Angle_4	Angle_5	Angle_6	Angle_7	Angle_8	Angle_9	Angle_10	Angle_11	Angle_12	Angle_13	Angle_14	Angle_15	Angle_16	Angle_17	Angle_18	Angle_19	Angle_20	Angle_21	Angle_22	Angle_23	Angle_24	Angle_25	Angle_26	Angle_27	Angle_28	Angle_29	Angle_30	Angle_31	Angle_32	Average_X	Average_Y	Average_Angle	Date_time
F2LS3HQHHFM5____	0.371	0.373	0.370	0.372	0.363	0.367	0.406	0.370	0.370	0.366	0.416	0.367	0.372	0.367	0.370	0.370	0.412	0.366	0.368	0.364	0.356	0.368	0.407	0.405	0.375	0.406	0.367	0.357	0.367	0.356	0.417	0.368	0.218	0.216	0.216	0.215	0.206	0.246	0.211	0.215	0.212	0.213	0.208	0.215	0.215	0.205	0.215	0.174	0.215	0.213	0.212	0.212	0.172	0.215	0.212	0.213	0.176	0.209	0.175	0.254	0.211	0.253	0.211	0.216	-0.168	-0.168	-0.167	-0.168	-0.163	-0.172	-0.178	-0.167	-0.166	-0.165	-0.182	-0.166	-0.168	-0.163	-0.167	-0.160	-0.182	-0.165	-0.165	-0.164	-0.155	-0.166	-0.179	-0.179	-0.161	-0.179	-0.159	-0.169	-0.165	-0.168	-0.183	-0.166	0.377	0.212	-0.169	2016_7_15_15_05_59
F2LS3EKPHFM2____	-0.073	-0.073	-0.069	-0.112	-0.072	-0.111	-0.145	-0.070	-0.069	-0.074	-0.072	-0.077	-0.112	-0.072	-0.035	-0.040	-0.073	-0.072	-0.072	-0.073	-0.072	-0.077	-0.075	-0.073	-0.147	-0.074	-0.069	-0.031	-0.115	-0.110	-0.075	-0.000	0.088	0.124	0.087	0.082	0.081	0.087	0.123	0.081	0.080	0.084	0.125	0.091	0.082	0.121	0.091	0.124	0.130	0.087	0.080	0.086	0.090	0.124	0.123	0.085	0.088	0.119	0.085	0.088	0.122	0.088	0.126	0.135	-0.029	-0.035	-0.030	-0.014	-0.028	-0.016	-0.009	-0.028	-0.029	-0.028	-0.036	-0.028	-0.014	-0.035	-0.042	-0.047	-0.037	-0.029	-0.027	-0.028	-0.029	-0.034	-0.034	-0.029	-0.003	-0.034	-0.030	-0.044	-0.020	-0.016	-0.035	-0.063	-0.078	0.100	-0.029	2016_7_15_15_06_02
F2LS3KLTHFM5____	0.188	0.189	0.189	0.187	0.232	0.155	0.189	0.187	0.156	0.154	0.155	0.188	0.187	0.191	0.192	0.188	0.158	0.190	0.154	0.155	0.111	0.193	0.154	0.116	0.192	0.185	0.188	0.189	0.192	0.150	0.112	0.223	0.221	0.227	0.263	0.220	0.221	0.257	0.264	0.222	0.249	0.192	0.186	0.225	0.220	0.262	0.263	0.222	0.180	0.222	0.225	0.188	0.187	0.262	0.221	0.222	0.188	0.219	0.219	0.225	0.183	0.225	0.259	0.225	-0.129	-0.130	-0.136	-0.129	-0.144	-0.124	-0.137	-0.128	-0.123	-0.112	-0.111	-0.129	-0.129	-0.137	-0.137	-0.129	-0.110	-0.129	-0.118	-0.112	-0.096	-0.138	-0.117	-0.104	-0.124	-0.127	-0.129	-0.129	-0.124	-0.117	-0.109	-0.142	0.175	0.224	-0.125	2016_7_15_15_06_05
F2LS3SMLHFM5____	0.020	0.025	0.024	0.016	-0.013	0.025	-0.010	-0.008	0.028	-0.006	-0.011	0.025	0.016	0.021	-0.011	0.021	-0.005	0.027	0.017	-0.008	-0.045	0.021	0.022	0.067	0.068	-0.010	0.030	-0.011	-0.009	-0.021	-0.006	0.043	0.118	0.125	0.121	0.112	0.076	0.082	0.075	0.081	0.082	0.126	0.117	0.084	0.112	0.073	0.121	0.075	0.122	0.126	0.112	0.117	0.120	0.158	0.122	0.085	0.165	0.124	0.119	0.119	0.120	0.121	0.118	0.127	0.097	0.094	0.095	0.100	0.116	0.102	0.115	0.114	0.101	0.105	0.109	0.102	0.100	0.104	0.107	0.104	0.105	0.093	0.099	0.107	0.120	0.090	0.096	0.086	0.073	0.107	0.094	0.107	0.107	0.111	0.107	0.088	0.011	0.111	0.102	2016_7_15_15_06_07
F2LS38TUGRXL____	0.350	0.343	0.350	0.343	0.309	0.341	0.345	0.349	0.349	0.348	0.301	0.353	0.343	0.347	0.349	0.346	0.319	0.348	0.345	0.315	0.351	0.344	0.345	0.305	0.306	0.345	0.344	0.277	0.386	0.389	0.349	0.312	0.160	0.154	0.156	0.155	0.155	0.189	0.155	0.192	0.125	0.201	0.158	0.195	0.155	0.197	0.197	0.154	0.160	0.195	0.153	0.196	0.193	0.157	0.154	0.158	0.157	0.152	0.196	0.158	0.198	0.156	0.156	0.154	-0.266	-0.263	-0.265	-0.264	-0.252	-0.269	-0.264	-0.272	-0.260	-0.273	-0.249	-0.274	-0.264	-0.272	-0.273	-0.264	-0.256	-0.272	-0.264	-0.261	-0.273	-0.264	-0.265	-0.251	-0.251	-0.263	-0.270	-0.241	-0.286	-0.280	-0.265	-0.252	0.339	0.168	-0.264	2016_7_15_15_06_09
F2LS3TKDHFM5____	-0.194	-0.159	-0.157	-0.150	-0.154	-0.154	-0.196	-0.160	-0.198	-0.156	-0.193	-0.158	-0.150	-0.195	-0.192	-0.196	-0.127	-0.161	-0.150	-0.161	-0.189	-0.192	-0.195	-0.158	-0.152	-0.155	-0.157	-0.193	-0.156	-0.191	-0.155	-0.195	-0.005	-0.007	-0.045	-0.003	-0.004	-0.008	-0.043	-0.047	-0.048	-0.005	-0.005	-0.010	-0.003	-0.046	-0.007	-0.042	-0.000	-0.012	-0.005	-0.013	-0.010	-0.041	-0.004	-0.045	-0.005	-0.046	-0.007	-0.047	-0.046	-0.044	-0.000	-0.054	-0.064	-0.076	-0.071	-0.081	-0.078	-0.078	-0.057	-0.069	-0.056	-0.078	-0.065	-0.076	-0.081	-0.057	-0.065	-0.058	-0.089	-0.075	-0.080	-0.075	-0.065	-0.060	-0.065	-0.070	-0.080	-0.072	-0.078	-0.057	-0.070	-0.058	-0.079	-0.055	-0.170	-0.022	-0.070	2016_7_15_15_06_12
F2LS3MG9HFM5____	-0.006	-0.005	-0.007	-0.054	-0.016	-0.042	-0.008	-0.005	-0.048	-0.090	-0.047	-0.050	-0.054	-0.004	-0.097	-0.007	0.032	-0.050	-0.007	-0.045	-0.053	-0.051	-0.008	-0.016	0.001	-0.009	-0.004	0.003	-0.048	-0.043	-0.001	-0.049	0.070	0.063	0.107	0.018	0.064	0.065	0.065	0.065	0.065	0.106	0.024	0.061	0.018	0.110	0.062	0.065	0.110	0.068	0.064	0.066	0.062	0.059	0.065	0.052	0.074	0.064	0.027	0.065	0.066	0.069	0.065	0.069	0.126	0.128	0.120	0.153	0.131	0.140	0.129	0.127	0.142	0.149	0.149	0.143	0.153	0.119	0.160	0.128	0.106	0.142	0.128	0.141	0.143	0.144	0.128	0.133	0.123	0.129	0.133	0.124	0.142	0.140	0.126	0.142	-0.028	0.065	0.135	2016_7_15_15_06_14
F2LS3BDVGRXL____	-0.072	-0.033	-0.070	-0.076	-0.035	-0.075	-0.075	-0.069	-0.034	-0.071	-0.076	-0.041	-0.076	-0.034	-0.038	-0.078	-0.069	-0.072	-0.076	-0.035	-0.036	-0.075	-0.075	-0.072	0.041	-0.075	-0.035	-0.038	-0.072	-0.080	-0.035	-0.037	0.005	-0.001	0.006	0.001	0.001	0.002	-0.037	-0.001	0.028	0.001	0.010	0.006	0.001	0.004	0.007	-0.038	0.008	0.001	-0.041	0.002	-0.028	-0.032	-0.038	-0.033	0.001	-0.041	-0.002	0.005	0.006	0.048	-0.034	0.050	-0.008	-0.021	-0.010	-0.007	-0.021	-0.007	0.001	-0.008	-0.026	-0.008	-0.007	-0.019	-0.007	-0.022	-0.021	0.002	-0.010	-0.008	0.001	-0.021	-0.015	-0.001	-0.000	-0.002	-0.048	0.001	-0.020	-0.021	-0.009	-0.013	-0.014	-0.028	-0.056	-0.004	-0.012	2016_7_15_15_06_17
F2LS35BZHFM1____	0.267	0.267	0.308	0.284	0.283	0.276	0.272	0.305	0.306	0.265	0.265	0.271	0.284	0.266	0.269	0.272	0.302	0.261	0.275	0.260	0.265	0.283	0.270	0.315	0.238	0.267	0.258	0.259	0.264	0.311	0.270	0.222	0.315	0.302	0.267	0.310	0.267	0.266	0.273	0.268	0.266	0.273	0.308	0.272	0.310	0.268	0.312	0.271	0.311	0.269	0.309	0.269	0.304	0.267	0.269	0.264	0.273	0.268	0.331	0.272	0.273	0.266	0.271	0.268	0.136	0.137	0.130	0.130	0.138	0.141	0.141	0.130	0.131	0.143	0.137	0.141	0.130	0.143	0.135	0.141	0.123	0.145	0.134	0.145	0.137	0.138	0.142	0.128	0.152	0.143	0.135	0.146	0.143	0.128	0.142	0.159	0.274	0.282	0.138	2016_7_15_15_06_19
F2LS3HZVHFM5____	1.098	1.098	1.065	1.102	1.097	1.103	1.099	1.098	1.097	1.091	1.059	1.096	1.102	1.057	1.056	1.097	1.139	1.093	1.145	1.092	1.092	1.096	1.096	1.057	1.017	1.099	1.095	1.102	1.059	1.105	1.063	1.101	0.603	0.600	0.516	0.558	0.555	0.557	0.601	0.557	0.589	0.555	0.601	0.598	0.558	0.559	0.517	0.601	0.602	0.559	0.555	0.561	0.562	0.606	0.600	0.561	0.520	0.605	0.558	0.600	0.516	0.602	0.605	0.605	-0.315	-0.315	-0.289	-0.310	-0.308	-0.310	-0.316	-0.309	-0.314	-0.306	-0.302	-0.315	-0.310	-0.294	-0.286	-0.315	-0.330	-0.306	-0.324	-0.306	-0.307	-0.316	-0.315	-0.295	-0.273	-0.317	-0.308	-0.316	-0.288	-0.318	-0.304	-0.318	1.090	0.573	-0.308	2016_7_15_15_06_22
F2LS339XHFM1____	0.764	0.761	0.763	0.766	0.721	0.762	0.767	0.765	0.763	0.767	0.770	0.766	0.766	0.764	0.768	0.767	0.770	0.732	0.764	0.732	0.731	0.725	0.765	0.724	0.734	0.767	0.765	0.768	0.771	0.731	0.732	0.769	0.458	0.459	0.458	0.461	0.460	0.453	0.461	0.457	0.453	0.418	0.418	0.454	0.461	0.461	0.422	0.460	0.415	0.421	0.458	0.424	0.419	0.417	0.420	0.424	0.422	0.461	0.456	0.463	0.421	0.421	0.419	0.420	-0.141	-0.140	-0.141	-0.141	-0.127	-0.139	-0.142	-0.142	-0.140	-0.135	-0.136	-0.141	-0.141	-0.142	-0.136	-0.142	-0.135	-0.123	-0.141	-0.124	-0.123	-0.121	-0.136	-0.122	-0.124	-0.143	-0.142	-0.144	-0.137	-0.123	-0.123	-0.136	0.756	0.440	-0.135	2016_7_15_15_06_27
F2LS3HFRHFM5____	0.564	0.597	0.598	0.559	0.593	0.599	0.563	0.567	0.565	0.601	0.561	0.599	0.559	0.595	0.596	0.596	0.603	0.601	0.562	0.603	0.604	0.587	0.595	0.591	0.598	0.595	0.563	0.600	0.598	0.599	0.597	0.598	0.260	0.259	0.298	0.264	0.222	0.261	0.261	0.265	0.272	0.308	0.264	0.267	0.264	0.261	0.302	0.262	0.222	0.304	0.261	0.268	0.302	0.263	0.263	0.262	0.260	0.262	0.265	0.302	0.260	0.261	0.302	0.262	-0.038	-0.049	-0.056	-0.037	-0.042	-0.050	-0.037	-0.040	-0.040	-0.060	-0.037	-0.051	-0.037	-0.048	-0.055	-0.049	-0.045	-0.059	-0.037	-0.053	-0.060	-0.047	-0.048	-0.048	-0.050	-0.049	-0.039	-0.057	-0.049	-0.050	-0.056	-0.050	0.588	0.269	-0.047	2016_7_15_15_06_31
F2LS3JESHFM5____	0.337	0.368	0.369	0.365	0.402	0.369	0.371	0.366	0.368	0.368	0.369	0.335	0.365	0.369	0.455	0.370	0.416	0.406	0.409	0.443	0.372	0.366	0.370	0.371	0.335	0.371	0.410	0.375	0.372	0.327	0.334	0.419	0.237	0.239	0.238	0.232	0.231	0.236	0.232	0.310	0.237	0.274	0.239	0.238	0.232	0.234	0.275	0.233	0.275	0.271	0.235	0.277	0.234	0.234	0.232	0.233	0.241	0.271	0.272	0.279	0.235	0.236	0.241	0.320	-0.179	-0.190	-0.190	-0.188	-0.201	-0.190	-0.191	-0.203	-0.190	-0.196	-0.191	-0.178	-0.188	-0.190	-0.226	-0.190	-0.213	-0.209	-0.204	-0.223	-0.192	-0.189	-0.190	-0.191	-0.179	-0.197	-0.211	-0.200	-0.191	-0.175	-0.179	-0.222	0.376	0.250	-0.195	2016_7_15_15_06_34
F2LS3HFBHFM5____	0.074	0.075	0.076	0.111	0.076	0.074	0.076	0.074	0.076	0.074	0.077	0.078	0.111	0.078	0.106	0.077	0.112	0.075	0.112	0.073	0.075	0.108	0.076	0.073	0.072	0.077	0.073	0.072	0.075	0.072	0.077	0.075	0.005	0.001	0.005	0.007	0.002	-0.001	0.004	-0.001	0.002	0.001	0.002	0.001	0.007	-0.035	0.003	0.005	0.001	-0.000	0.002	0.003	0.000	0.004	0.005	0.003	0.004	0.004	0.001	0.004	0.003	0.002	0.005	0.003	-0.053	-0.053	-0.054	-0.067	-0.054	-0.053	-0.055	-0.053	-0.054	-0.053	-0.054	-0.055	-0.067	-0.048	-0.065	-0.055	-0.066	-0.053	-0.067	-0.053	-0.054	-0.066	-0.054	-0.054	-0.053	-0.055	-0.053	-0.053	-0.054	-0.053	-0.054	-0.054	0.081	0.002	-0.056	2016_7_15_15_06_37
F2LS3A7AHFM2____	0.589	0.514	0.589	0.554	0.557	0.551	0.552	0.552	0.554	0.595	0.554	0.556	0.554	0.589	0.551	0.555	0.595	0.558	0.552	0.559	0.556	0.581	0.553	0.515	0.512	0.552	0.592	0.553	0.513	0.592	0.593	0.549	0.225	0.226	0.262	0.266	0.225	0.228	0.226	0.262	0.261	0.267	0.226	0.264	0.266	0.264	0.227	0.264	0.263	0.228	0.265	0.230	0.267	0.226	0.225	0.228	0.185	0.224	0.267	0.225	0.224	0.267	0.265	0.269	-0.215	-0.190	-0.222	-0.211	-0.205	-0.204	-0.204	-0.209	-0.210	-0.226	-0.204	-0.211	-0.211	-0.223	-0.203	-0.211	-0.225	-0.206	-0.210	-0.207	-0.213	-0.213	-0.203	-0.191	-0.182	-0.203	-0.225	-0.203	-0.190	-0.224	-0.224	-0.210	0.559	0.244	-0.209	2016_7_15_15_06_43
F2LS3A8AGRXL____	-0.009	-0.014	-0.008	-0.014	-0.007	-0.018	-0.012	-0.014	-0.013	0.082	-0.016	-0.014	-0.014	-0.012	-0.056	-0.012	-0.014	0.030	-0.013	0.083	-0.019	-0.010	-0.013	-0.012	-0.009	-0.012	-0.016	-0.016	-0.058	-0.017	-0.093	-0.016	0.059	0.054	0.058	0.013	0.051	0.021	0.107	0.056	0.053	0.065	0.058	0.048	0.013	0.062	0.056	0.059	0.059	0.058	0.059	0.058	0.020	0.013	0.060	0.051	0.054	0.058	0.021	0.058	0.061	0.060	0.055	0.057	0.141	0.144	0.141	0.151	0.141	0.150	0.134	0.143	0.143	0.108	0.143	0.145	0.151	0.141	0.158	0.141	0.142	0.127	0.142	0.109	0.151	0.149	0.141	0.143	0.142	0.142	0.150	0.144	0.157	0.144	0.171	0.144	-0.011	0.051	0.143	2016_7_15_15_06_46
F2LS39Q6GRXL____	-0.019	0.027	0.063	0.026	0.062	0.022	0.026	0.024	0.028	0.027	0.031	0.027	0.026	0.063	0.027	0.024	0.069	0.030	0.027	0.033	-0.006	0.033	0.023	0.056	-0.012	0.026	0.029	0.027	-0.051	0.025	0.028	-0.012	0.253	0.223	0.248	0.250	0.250	0.252	0.213	0.256	0.219	0.248	0.252	0.213	0.250	0.251	0.255	0.216	0.252	0.215	0.251	0.219	0.212	0.252	0.214	0.215	0.253	0.254	0.210	0.256	0.217	0.255	0.217	0.215	0.156	0.145	0.127	0.141	0.128	0.141	0.147	0.140	0.145	0.141	0.138	0.147	0.141	0.128	0.140	0.147	0.125	0.145	0.140	0.144	0.158	0.138	0.147	0.136	0.154	0.140	0.147	0.139	0.173	0.140	0.146	0.160	0.025	0.236	0.143	2016_7_15_15_06_50
F2LS38VQGRXL____	0.056	0.023	0.054	0.028	0.013	0.055	0.024	0.054	0.022	0.053	0.059	0.053	0.028	0.049	0.022	0.027	0.061	0.054	0.026	0.057	0.013	0.065	0.027	0.055	0.054	0.056	0.088	0.022	0.018	0.056	0.026	0.020	0.075	0.071	0.077	0.075	0.024	0.071	0.030	0.073	0.071	0.039	0.077	0.074	0.075	0.075	0.076	0.077	0.075	0.074	0.076	0.071	0.071	0.074	0.077	0.071	0.076	0.076	0.066	0.076	0.074	0.077	0.035	0.031	-0.100	-0.087	-0.099	-0.089	-0.075	-0.098	-0.080	-0.098	-0.087	-0.092	-0.100	-0.098	-0.089	-0.096	-0.087	-0.089	-0.101	-0.098	-0.089	-0.099	-0.084	-0.102	-0.089	-0.098	-0.098	-0.100	-0.108	-0.087	-0.085	-0.100	-0.082	-0.079	0.041	0.067	-0.093	2016_7_15_15_06_53
F2LS30UNGRX8____	0.248	0.239	0.216	0.242	0.252	0.238	0.241	0.243	0.241	0.204	0.199	0.206	0.242	0.247	0.198	0.247	0.251	0.287	0.242	0.207	0.202	0.249	0.211	0.207	0.247	0.245	0.235	0.244	0.255	0.197	0.245	0.200	0.139	0.098	0.093	0.098	0.133	0.093	0.137	0.131	0.129	0.130	0.141	0.129	0.098	0.095	0.100	0.096	0.141	0.140	0.098	0.132	0.130	0.097	0.095	0.095	0.140	0.096	0.161	0.101	0.138	0.099	0.183	0.095	-0.153	-0.143	-0.135	-0.145	-0.154	-0.143	-0.151	-0.151	-0.150	-0.137	-0.137	-0.137	-0.145	-0.146	-0.130	-0.145	-0.155	-0.167	-0.144	-0.139	-0.137	-0.147	-0.133	-0.132	-0.153	-0.146	-0.154	-0.145	-0.156	-0.129	-0.160	-0.130	0.232	0.118	-0.145	2016_7_15_15_06_57
F2LS3957GRXL____	0.332	0.337	0.329	0.301	0.327	0.287	0.337	0.299	0.297	0.338	0.381	0.335	0.301	0.327	0.328	0.335	0.282	0.367	0.294	0.325	0.377	0.327	0.333	0.330	0.374	0.338	0.334	0.329	0.371	0.333	0.334	0.336	0.212	0.175	0.216	0.255	0.218	0.174	0.257	0.180	0.186	0.221	0.212	0.178	0.255	0.212	0.208	0.212	0.215	0.211	0.217	0.185	0.246	0.217	0.211	0.178	0.206	0.214	0.254	0.254	0.211	0.171	0.210	0.214	-0.316	-0.312	-0.316	-0.314	-0.316	-0.295	-0.326	-0.300	-0.300	-0.321	-0.333	-0.312	-0.314	-0.315	-0.315	-0.318	-0.300	-0.329	-0.305	-0.309	-0.338	-0.317	-0.317	-0.310	-0.330	-0.319	-0.326	-0.323	-0.330	-0.310	-0.317	-0.318	0.330	0.212	-0.316	2016_7_15_15_07_01
